[2026-06-02 00:13:26] [START] 02_imputation - building wide imputation frames and sensitivity variants 
[2026-06-02 00:13:26] [INFO] 02_imputation - splitting by arm before MICE 
[2026-06-02 00:13:26] [INFO] 02_imputation - running the full chained MICE with all available predictors 
[2026-06-02 00:20:38] [INFO] 02_imputation - running the basic MICE sensitivity with legacy predictors 
[2026-06-02 00:21:20] [INFO] 02_imputation - running the simple within-arm mean/mode sensitivity 
[2026-06-02 00:21:20] [DONE] 02_imputation - saved imputation variants and diagnostics (elapsed 474.3s) 
[2026-06-02 00:34:07] [START] 06_outputs - writing legacy-style CSV exports and manuscript summaries 
[2026-06-02 00:34:08] [INFO] 06_outputs - loaded effectiveness and CEA model artefacts 
[2026-06-02 00:34:08] [INFO] 06_outputs - assembling manuscript-ready comparison tables 
[2026-06-02 00:34:09] [DONE] 06_outputs - saved manuscript outputs (elapsed 2.5s) 
[2026-06-02 00:34:09] [START] 07_manuscript_report - assembling a readable manuscript results brief 
[2026-06-02 00:34:10] [DONE] 07_manuscript_report - saved manuscript brief outputs (elapsed 1.0s) 
[2026-06-02 00:40:43] [START] 02_imputation - building the main wide imputation frame 
[2026-06-02 00:40:43] [INFO] 02_imputation - building the wide frame used by the main MICE branch 
[2026-06-02 00:40:43] [INFO] 02_imputation - running the full chained MICE with all available predictors 
[2026-06-02 00:46:38] [DONE] 02_imputation - saved full imputation branch and diagnostics (elapsed 355.2s) 
[2026-06-02 00:46:43] [START] 08_sensitivity_analyses - running secondary effectiveness and CEA analyses 
[2026-06-02 00:46:43] [INFO] 02_imputation - running the basic MICE sensitivity with legacy predictors 
[2026-06-02 00:47:14] [INFO] 02_imputation - running the simple within-arm mean/mode sensitivity 
[2026-06-02 00:47:14] [INFO] 08_sensitivity_analyses - running effectiveness sensitivity variants 
[2026-06-02 00:47:14] [INFO] 08_sensitivity_analyses - running effectiveness variant 'full' 
[2026-06-02 00:47:16] [INFO] 08_sensitivity_analyses - running effectiveness variant 'basic' 
[2026-06-02 00:47:16] [INFO] 04_models - reconstructing 20 imputed long datasets 
[2026-06-02 00:47:16] [INFO] 04_models - reconstructing completed long data for each imputation 
[2026-06-02 00:47:17] [INFO] 04_models - keeping reconstructed long datasets for audit only 
[2026-06-02 00:47:17] [INFO] 04_models - fitting unadjusted and adjusted mixed-effects models 
[2026-06-02 00:47:17] [INFO] 04_models - fitting glmer (unadjusted) on imputation 1/20 
[2026-06-02 00:47:21] [INFO] 04_models - finished unadjusted imputation 1/20 in 4.1s 
[2026-06-02 00:47:21] [INFO] 04_models - fitting glmer (unadjusted) on imputation 2/20 
[2026-06-02 00:47:25] [INFO] 04_models - finished unadjusted imputation 2/20 in 3.6s 
[2026-06-02 00:47:25] [INFO] 04_models - fitting glmer (unadjusted) on imputation 3/20 
[2026-06-02 00:47:29] [INFO] 04_models - finished unadjusted imputation 3/20 in 4.6s 
[2026-06-02 00:47:29] [INFO] 04_models - fitting glmer (unadjusted) on imputation 4/20 
[2026-06-02 00:47:33] [INFO] 04_models - finished unadjusted imputation 4/20 in 3.7s 
[2026-06-02 00:47:33] [INFO] 04_models - fitting glmer (unadjusted) on imputation 5/20 
[2026-06-02 00:47:37] [INFO] 04_models - finished unadjusted imputation 5/20 in 3.8s 
[2026-06-02 00:47:37] [INFO] 04_models - fitting glmer (unadjusted) on imputation 6/20 
[2026-06-02 00:47:41] [INFO] 04_models - finished unadjusted imputation 6/20 in 4.5s 
[2026-06-02 00:47:41] [INFO] 04_models - fitting glmer (unadjusted) on imputation 7/20 
[2026-06-02 00:47:45] [INFO] 04_models - finished unadjusted imputation 7/20 in 3.9s 
[2026-06-02 00:47:45] [INFO] 04_models - fitting glmer (unadjusted) on imputation 8/20 
[2026-06-02 00:47:49] [INFO] 04_models - finished unadjusted imputation 8/20 in 3.9s 
[2026-06-02 00:47:49] [INFO] 04_models - fitting glmer (unadjusted) on imputation 9/20 
[2026-06-02 00:47:53] [INFO] 04_models - finished unadjusted imputation 9/20 in 4.1s 
[2026-06-02 00:47:53] [INFO] 04_models - fitting glmer (unadjusted) on imputation 10/20 
[2026-06-02 00:47:57] [INFO] 04_models - finished unadjusted imputation 10/20 in 4.1s 
[2026-06-02 00:47:57] [INFO] 04_models - fitting glmer (unadjusted) on imputation 11/20 
[2026-06-02 00:48:01] [INFO] 04_models - finished unadjusted imputation 11/20 in 3.8s 
[2026-06-02 00:48:01] [INFO] 04_models - fitting glmer (unadjusted) on imputation 12/20 
[2026-06-02 00:48:05] [INFO] 04_models - finished unadjusted imputation 12/20 in 3.6s 
[2026-06-02 00:48:05] [INFO] 04_models - fitting glmer (unadjusted) on imputation 13/20 
[2026-06-02 00:48:09] [INFO] 04_models - finished unadjusted imputation 13/20 in 3.9s 
[2026-06-02 00:48:09] [INFO] 04_models - fitting glmer (unadjusted) on imputation 14/20 
[2026-06-02 00:48:12] [INFO] 04_models - finished unadjusted imputation 14/20 in 3.5s 
[2026-06-02 00:48:12] [INFO] 04_models - fitting glmer (unadjusted) on imputation 15/20 
[2026-06-02 00:48:16] [INFO] 04_models - finished unadjusted imputation 15/20 in 4.0s 
[2026-06-02 00:48:16] [INFO] 04_models - fitting glmer (unadjusted) on imputation 16/20 
[2026-06-02 00:48:20] [INFO] 04_models - finished unadjusted imputation 16/20 in 3.7s 
[2026-06-02 00:48:20] [INFO] 04_models - fitting glmer (unadjusted) on imputation 17/20 
[2026-06-02 00:48:23] [INFO] 04_models - finished unadjusted imputation 17/20 in 3.7s 
[2026-06-02 00:48:23] [INFO] 04_models - fitting glmer (unadjusted) on imputation 18/20 
[2026-06-02 00:48:27] [INFO] 04_models - finished unadjusted imputation 18/20 in 3.7s 
[2026-06-02 00:48:27] [INFO] 04_models - fitting glmer (unadjusted) on imputation 19/20 
[2026-06-02 00:48:31] [INFO] 04_models - finished unadjusted imputation 19/20 in 3.9s 
[2026-06-02 00:48:31] [INFO] 04_models - fitting glmer (unadjusted) on imputation 20/20 
[2026-06-02 00:48:35] [INFO] 04_models - finished unadjusted imputation 20/20 in 3.9s 
[2026-06-02 00:48:35] [INFO] 04_models - fitting glmer (adjusted) on imputation 1/20 
[2026-06-02 00:48:54] [INFO] 04_models - finished adjusted imputation 1/20 in 18.7s 
[2026-06-02 00:48:54] [INFO] 04_models - fitting glmer (adjusted) on imputation 2/20 
[2026-06-02 00:49:12] [INFO] 04_models - finished adjusted imputation 2/20 in 17.9s 
[2026-06-02 00:49:12] [INFO] 04_models - fitting glmer (adjusted) on imputation 3/20 
[2026-06-02 00:49:28] [INFO] 04_models - finished adjusted imputation 3/20 in 16.3s 
[2026-06-02 00:49:28] [INFO] 04_models - fitting glmer (adjusted) on imputation 4/20 
[2026-06-02 00:50:01] [INFO] 04_models - finished adjusted imputation 4/20 in 32.6s 
[2026-06-02 00:50:01] [INFO] 04_models - fitting glmer (adjusted) on imputation 5/20 
[2026-06-02 00:50:17] [INFO] 04_models - finished adjusted imputation 5/20 in 15.7s 
[2026-06-02 00:50:17] [INFO] 04_models - fitting glmer (adjusted) on imputation 6/20 
[2026-06-02 00:50:33] [INFO] 04_models - finished adjusted imputation 6/20 in 16.5s 
[2026-06-02 00:50:33] [INFO] 04_models - fitting glmer (adjusted) on imputation 7/20 
[2026-06-02 00:50:50] [INFO] 04_models - finished adjusted imputation 7/20 in 16.5s 
[2026-06-02 00:50:50] [INFO] 04_models - fitting glmer (adjusted) on imputation 8/20 
[2026-06-02 00:51:08] [INFO] 04_models - finished adjusted imputation 8/20 in 18.4s 
[2026-06-02 00:51:08] [INFO] 04_models - fitting glmer (adjusted) on imputation 9/20 
[2026-06-02 00:51:25] [INFO] 04_models - finished adjusted imputation 9/20 in 17.2s 
[2026-06-02 00:51:25] [INFO] 04_models - fitting glmer (adjusted) on imputation 10/20 
[2026-06-02 00:51:43] [INFO] 04_models - finished adjusted imputation 10/20 in 18.0s 
[2026-06-02 00:51:43] [INFO] 04_models - fitting glmer (adjusted) on imputation 11/20 
[2026-06-02 00:52:02] [INFO] 04_models - finished adjusted imputation 11/20 in 18.6s 
[2026-06-02 00:52:02] [INFO] 04_models - fitting glmer (adjusted) on imputation 12/20 
[2026-06-02 00:52:18] [INFO] 04_models - finished adjusted imputation 12/20 in 16.6s 
[2026-06-02 00:52:18] [INFO] 04_models - fitting glmer (adjusted) on imputation 13/20 
[2026-06-02 00:52:36] [INFO] 04_models - finished adjusted imputation 13/20 in 17.5s 
[2026-06-02 00:52:36] [INFO] 04_models - fitting glmer (adjusted) on imputation 14/20 
[2026-06-02 00:52:54] [INFO] 04_models - finished adjusted imputation 14/20 in 18.2s 
[2026-06-02 00:52:54] [INFO] 04_models - fitting glmer (adjusted) on imputation 15/20 
[2026-06-02 00:53:12] [INFO] 04_models - finished adjusted imputation 15/20 in 17.6s 
[2026-06-02 00:53:12] [INFO] 04_models - fitting glmer (adjusted) on imputation 16/20 
[2026-06-02 00:53:28] [INFO] 04_models - finished adjusted imputation 16/20 in 16.4s 
[2026-06-02 00:53:28] [INFO] 04_models - fitting glmer (adjusted) on imputation 17/20 
[2026-06-02 00:53:47] [INFO] 04_models - finished adjusted imputation 17/20 in 19.0s 
[2026-06-02 00:53:47] [INFO] 04_models - fitting glmer (adjusted) on imputation 18/20 
[2026-06-02 00:54:05] [INFO] 04_models - finished adjusted imputation 18/20 in 18.1s 
[2026-06-02 00:54:05] [INFO] 04_models - fitting glmer (adjusted) on imputation 19/20 
[2026-06-02 00:54:26] [INFO] 04_models - finished adjusted imputation 19/20 in 20.4s 
[2026-06-02 00:54:26] [INFO] 04_models - fitting glmer (adjusted) on imputation 20/20 
[2026-06-02 00:54:43] [INFO] 04_models - finished adjusted imputation 20/20 in 17.8s 
[2026-06-02 00:54:44] [INFO] 04b_gee - reconstructing 20 imputed long datasets 
[2026-06-02 00:54:44] [INFO] 04b_gee - building per-imputation long datasets 
[2026-06-02 00:54:44] [INFO] 04b_gee - fitting unadjusted and adjusted GEE models 
[2026-06-02 00:54:44] [INFO] 04b_gee - fitting geeglm (unadjusted) on imputation 1/20 
[2026-06-02 00:54:44] [INFO] 04b_gee - finished unadjusted imputation 1/20 in 0.1s 
[2026-06-02 00:54:44] [INFO] 04b_gee - fitting geeglm (unadjusted) on imputation 2/20 
[2026-06-02 00:54:44] [INFO] 04b_gee - finished unadjusted imputation 2/20 in 0.1s 
[2026-06-02 00:54:44] [INFO] 04b_gee - fitting geeglm (unadjusted) on imputation 3/20 
[2026-06-02 00:54:44] [INFO] 04b_gee - finished unadjusted imputation 3/20 in 0.1s 
[2026-06-02 00:54:44] [INFO] 04b_gee - fitting geeglm (unadjusted) on imputation 4/20 
[2026-06-02 00:54:45] [INFO] 04b_gee - finished unadjusted imputation 4/20 in 0.1s 
[2026-06-02 00:54:45] [INFO] 04b_gee - fitting geeglm (unadjusted) on imputation 5/20 
[2026-06-02 00:54:45] [INFO] 04b_gee - finished unadjusted imputation 5/20 in 0.1s 
[2026-06-02 00:54:45] [INFO] 04b_gee - fitting geeglm (unadjusted) on imputation 6/20 
[2026-06-02 00:54:45] [INFO] 04b_gee - finished unadjusted imputation 6/20 in 0.1s 
[2026-06-02 00:54:45] [INFO] 04b_gee - fitting geeglm (unadjusted) on imputation 7/20 
[2026-06-02 00:54:45] [INFO] 04b_gee - finished unadjusted imputation 7/20 in 0.1s 
[2026-06-02 00:54:45] [INFO] 04b_gee - fitting geeglm (unadjusted) on imputation 8/20 
[2026-06-02 00:54:45] [INFO] 04b_gee - finished unadjusted imputation 8/20 in 0.1s 
[2026-06-02 00:54:45] [INFO] 04b_gee - fitting geeglm (unadjusted) on imputation 9/20 
[2026-06-02 00:54:45] [INFO] 04b_gee - finished unadjusted imputation 9/20 in 0.1s 
[2026-06-02 00:54:45] [INFO] 04b_gee - fitting geeglm (unadjusted) on imputation 10/20 
[2026-06-02 00:54:45] [INFO] 04b_gee - finished unadjusted imputation 10/20 in 0.1s 
[2026-06-02 00:54:45] [INFO] 04b_gee - fitting geeglm (unadjusted) on imputation 11/20 
[2026-06-02 00:54:45] [INFO] 04b_gee - finished unadjusted imputation 11/20 in 0.1s 
[2026-06-02 00:54:45] [INFO] 04b_gee - fitting geeglm (unadjusted) on imputation 12/20 
[2026-06-02 00:54:45] [INFO] 04b_gee - finished unadjusted imputation 12/20 in 0.1s 
[2026-06-02 00:54:45] [INFO] 04b_gee - fitting geeglm (unadjusted) on imputation 13/20 
[2026-06-02 00:54:45] [INFO] 04b_gee - finished unadjusted imputation 13/20 in 0.1s 
[2026-06-02 00:54:45] [INFO] 04b_gee - fitting geeglm (unadjusted) on imputation 14/20 
[2026-06-02 00:54:46] [INFO] 04b_gee - finished unadjusted imputation 14/20 in 0.1s 
[2026-06-02 00:54:46] [INFO] 04b_gee - fitting geeglm (unadjusted) on imputation 15/20 
[2026-06-02 00:54:46] [INFO] 04b_gee - finished unadjusted imputation 15/20 in 0.1s 
[2026-06-02 00:54:46] [INFO] 04b_gee - fitting geeglm (unadjusted) on imputation 16/20 
[2026-06-02 00:54:46] [INFO] 04b_gee - finished unadjusted imputation 16/20 in 0.1s 
[2026-06-02 00:54:46] [INFO] 04b_gee - fitting geeglm (unadjusted) on imputation 17/20 
[2026-06-02 00:54:46] [INFO] 04b_gee - finished unadjusted imputation 17/20 in 0.1s 
[2026-06-02 00:54:46] [INFO] 04b_gee - fitting geeglm (unadjusted) on imputation 18/20 
[2026-06-02 00:54:46] [INFO] 04b_gee - finished unadjusted imputation 18/20 in 0.1s 
[2026-06-02 00:54:46] [INFO] 04b_gee - fitting geeglm (unadjusted) on imputation 19/20 
[2026-06-02 00:54:46] [INFO] 04b_gee - finished unadjusted imputation 19/20 in 0.1s 
[2026-06-02 00:54:46] [INFO] 04b_gee - fitting geeglm (unadjusted) on imputation 20/20 
[2026-06-02 00:54:46] [INFO] 04b_gee - finished unadjusted imputation 20/20 in 0.1s 
[2026-06-02 00:54:46] [INFO] 04b_gee - pooling unadjusted GEE contrasts across imputations 
[2026-06-02 00:54:46] [INFO] 04b_gee - fitting geeglm (adjusted) on imputation 1/20 
[2026-06-02 00:54:46] [INFO] 04b_gee - finished adjusted imputation 1/20 in 0.1s 
[2026-06-02 00:54:46] [INFO] 04b_gee - fitting geeglm (adjusted) on imputation 2/20 
[2026-06-02 00:54:47] [INFO] 04b_gee - finished adjusted imputation 2/20 in 0.1s 
[2026-06-02 00:54:47] [INFO] 04b_gee - fitting geeglm (adjusted) on imputation 3/20 
[2026-06-02 00:54:47] [INFO] 04b_gee - finished adjusted imputation 3/20 in 0.1s 
[2026-06-02 00:54:47] [INFO] 04b_gee - fitting geeglm (adjusted) on imputation 4/20 
[2026-06-02 00:54:47] [INFO] 04b_gee - finished adjusted imputation 4/20 in 0.1s 
[2026-06-02 00:54:47] [INFO] 04b_gee - fitting geeglm (adjusted) on imputation 5/20 
[2026-06-02 00:54:47] [INFO] 04b_gee - finished adjusted imputation 5/20 in 0.1s 
[2026-06-02 00:54:47] [INFO] 04b_gee - fitting geeglm (adjusted) on imputation 6/20 
[2026-06-02 00:54:47] [INFO] 04b_gee - finished adjusted imputation 6/20 in 0.2s 
[2026-06-02 00:54:47] [INFO] 04b_gee - fitting geeglm (adjusted) on imputation 7/20 
[2026-06-02 00:54:47] [INFO] 04b_gee - finished adjusted imputation 7/20 in 0.1s 
[2026-06-02 00:54:47] [INFO] 04b_gee - fitting geeglm (adjusted) on imputation 8/20 
[2026-06-02 00:54:47] [INFO] 04b_gee - finished adjusted imputation 8/20 in 0.1s 
[2026-06-02 00:54:47] [INFO] 04b_gee - fitting geeglm (adjusted) on imputation 9/20 
[2026-06-02 00:54:48] [INFO] 04b_gee - finished adjusted imputation 9/20 in 0.1s 
[2026-06-02 00:54:48] [INFO] 04b_gee - fitting geeglm (adjusted) on imputation 10/20 
[2026-06-02 00:54:48] [INFO] 04b_gee - finished adjusted imputation 10/20 in 0.1s 
[2026-06-02 00:54:48] [INFO] 04b_gee - fitting geeglm (adjusted) on imputation 11/20 
[2026-06-02 00:54:48] [INFO] 04b_gee - finished adjusted imputation 11/20 in 0.1s 
[2026-06-02 00:54:48] [INFO] 04b_gee - fitting geeglm (adjusted) on imputation 12/20 
[2026-06-02 00:54:48] [INFO] 04b_gee - finished adjusted imputation 12/20 in 0.1s 
[2026-06-02 00:54:48] [INFO] 04b_gee - fitting geeglm (adjusted) on imputation 13/20 
[2026-06-02 00:54:48] [INFO] 04b_gee - finished adjusted imputation 13/20 in 0.1s 
[2026-06-02 00:54:48] [INFO] 04b_gee - fitting geeglm (adjusted) on imputation 14/20 
[2026-06-02 00:54:48] [INFO] 04b_gee - finished adjusted imputation 14/20 in 0.1s 
[2026-06-02 00:54:48] [INFO] 04b_gee - fitting geeglm (adjusted) on imputation 15/20 
[2026-06-02 00:54:48] [INFO] 04b_gee - finished adjusted imputation 15/20 in 0.1s 
[2026-06-02 00:54:48] [INFO] 04b_gee - fitting geeglm (adjusted) on imputation 16/20 
[2026-06-02 00:54:49] [INFO] 04b_gee - finished adjusted imputation 16/20 in 0.1s 
[2026-06-02 00:54:49] [INFO] 04b_gee - fitting geeglm (adjusted) on imputation 17/20 
[2026-06-02 00:54:49] [INFO] 04b_gee - finished adjusted imputation 17/20 in 0.1s 
[2026-06-02 00:54:49] [INFO] 04b_gee - fitting geeglm (adjusted) on imputation 18/20 
[2026-06-02 00:54:49] [INFO] 04b_gee - finished adjusted imputation 18/20 in 0.1s 
[2026-06-02 00:54:49] [INFO] 04b_gee - fitting geeglm (adjusted) on imputation 19/20 
[2026-06-02 00:54:49] [INFO] 04b_gee - finished adjusted imputation 19/20 in 0.1s 
[2026-06-02 00:54:49] [INFO] 04b_gee - fitting geeglm (adjusted) on imputation 20/20 
[2026-06-02 00:54:49] [INFO] 04b_gee - finished adjusted imputation 20/20 in 0.3s 
[2026-06-02 00:54:49] [INFO] 04b_gee - pooling adjusted GEE contrasts across imputations 
[2026-06-02 00:54:49] [INFO] 08_sensitivity_analyses - running effectiveness variant 'simple' 
[2026-06-02 00:54:49] [INFO] 04_models - using single completed dataset for variant 'simple' 
[2026-06-02 00:54:49] [INFO] 04_models - reconstructing completed long data for each imputation 
[2026-06-02 00:54:49] [INFO] 04_models - fitting unadjusted and adjusted mixed-effects models 
[2026-06-02 00:54:49] [INFO] 04_models - fitting glmer (unadjusted) on imputation 1/1 
[2026-06-02 00:54:53] [INFO] 04_models - finished unadjusted imputation 1/1 in 4.0s 
[2026-06-02 00:54:53] [INFO] 04_models - fitting glmer (adjusted) on imputation 1/1 
[2026-06-02 00:55:11] [INFO] 04_models - finished adjusted imputation 1/1 in 17.5s 
[2026-06-02 00:55:11] [INFO] 04b_gee - using single completed dataset for variant 'simple' 
[2026-06-02 00:55:11] [INFO] 04b_gee - building per-imputation long datasets 
[2026-06-02 00:55:11] [INFO] 04b_gee - fitting unadjusted and adjusted GEE models 
[2026-06-02 00:55:11] [INFO] 04b_gee - fitting geeglm (unadjusted) on imputation 1/1 
[2026-06-02 00:55:11] [INFO] 04b_gee - finished unadjusted imputation 1/1 in 0.1s 
[2026-06-02 00:55:11] [INFO] 04b_gee - pooling unadjusted GEE contrasts across imputations 
[2026-06-02 00:55:11] [INFO] 04b_gee - fitting geeglm (adjusted) on imputation 1/1 
[2026-06-02 00:55:11] [INFO] 04b_gee - finished adjusted imputation 1/1 in 0.1s 
[2026-06-02 00:55:11] [INFO] 04b_gee - pooling adjusted GEE contrasts across imputations 
[2026-06-02 00:55:11] [INFO] 08_sensitivity_analyses - running effectiveness variant 'complete_cases' 
[2026-06-02 00:55:11] [INFO] 04_models - using single completed dataset for variant 'complete_cases' 
[2026-06-02 00:55:11] [INFO] 04_models - reconstructing completed long data for each imputation 
[2026-06-02 00:55:11] [INFO] 04_models - fitting unadjusted and adjusted mixed-effects models 
[2026-06-02 00:55:11] [INFO] 04_models - fitting glmer (unadjusted) on imputation 1/1 
[2026-06-02 00:55:15] [INFO] 04_models - finished unadjusted imputation 1/1 in 3.5s 
[2026-06-02 00:55:15] [INFO] 04_models - fitting glmer (adjusted) on imputation 1/1 
[2026-06-02 00:55:28] [INFO] 04_models - finished adjusted imputation 1/1 in 13.7s 
[2026-06-02 00:55:28] [INFO] 04b_gee - using single completed dataset for variant 'complete_cases' 
[2026-06-02 00:55:28] [INFO] 04b_gee - building per-imputation long datasets 
[2026-06-02 00:55:28] [INFO] 04b_gee - fitting unadjusted and adjusted GEE models 
[2026-06-02 00:55:28] [INFO] 04b_gee - fitting geeglm (unadjusted) on imputation 1/1 
[2026-06-02 00:55:28] [INFO] 04b_gee - finished unadjusted imputation 1/1 in 0.1s 
[2026-06-02 00:55:28] [INFO] 04b_gee - pooling unadjusted GEE contrasts across imputations 
[2026-06-02 00:55:28] [INFO] 04b_gee - fitting geeglm (adjusted) on imputation 1/1 
[2026-06-02 00:55:29] [INFO] 04b_gee - finished adjusted imputation 1/1 in 0.1s 
[2026-06-02 00:55:29] [INFO] 04b_gee - pooling adjusted GEE contrasts across imputations 
[2026-06-02 00:55:29] [INFO] 08_sensitivity_analyses - running CEA sensitivity variants 
[2026-06-02 00:55:29] [INFO] 05_cost_effectiveness - bootstrap iteration 1/5000 
[2026-06-02 00:55:36] [INFO] 05_cost_effectiveness - bootstrap iteration 500/5000 
[2026-06-02 00:55:44] [INFO] 05_cost_effectiveness - bootstrap iteration 1000/5000 
[2026-06-02 00:55:52] [INFO] 05_cost_effectiveness - bootstrap iteration 1500/5000 
[2026-06-02 00:56:02] [INFO] 05_cost_effectiveness - bootstrap iteration 2000/5000 
[2026-06-02 00:56:10] [INFO] 05_cost_effectiveness - bootstrap iteration 2500/5000 
[2026-06-02 00:56:18] [INFO] 05_cost_effectiveness - bootstrap iteration 3000/5000 
[2026-06-02 00:56:27] [INFO] 05_cost_effectiveness - bootstrap iteration 3500/5000 
[2026-06-02 00:56:35] [INFO] 05_cost_effectiveness - bootstrap iteration 4000/5000 
[2026-06-02 00:56:44] [INFO] 05_cost_effectiveness - bootstrap iteration 4500/5000 
[2026-06-02 00:56:52] [INFO] 05_cost_effectiveness - bootstrap iteration 5000/5000 
[2026-06-02 00:56:52] [INFO] 05_cost_effectiveness - bootstrap iteration 1/5000 
[2026-06-02 00:57:00] [INFO] 05_cost_effectiveness - bootstrap iteration 500/5000 
[2026-06-02 00:57:07] [INFO] 05_cost_effectiveness - bootstrap iteration 1000/5000 
[2026-06-02 00:57:14] [INFO] 05_cost_effectiveness - bootstrap iteration 1500/5000 
[2026-06-02 00:57:20] [INFO] 05_cost_effectiveness - bootstrap iteration 2000/5000 
[2026-06-02 00:57:27] [INFO] 05_cost_effectiveness - bootstrap iteration 2500/5000 
[2026-06-02 00:57:34] [INFO] 05_cost_effectiveness - bootstrap iteration 3000/5000 
[2026-06-02 00:57:41] [INFO] 05_cost_effectiveness - bootstrap iteration 3500/5000 
[2026-06-02 00:57:48] [INFO] 05_cost_effectiveness - bootstrap iteration 4000/5000 
[2026-06-02 00:57:55] [INFO] 05_cost_effectiveness - bootstrap iteration 4500/5000 
[2026-06-02 00:58:02] [INFO] 05_cost_effectiveness - bootstrap iteration 5000/5000 
[2026-06-02 00:58:03] [INFO] 05_cost_effectiveness - running basic_mice MI CEA branch from mids_imputation_basic.rds 
[2026-06-02 00:58:40] [START] 08_sensitivity_analyses - running secondary effectiveness and CEA analyses 
[2026-06-02 00:58:40] [INFO] 02_imputation - running the basic MICE sensitivity with legacy predictors 
[2026-06-02 00:59:10] [INFO] 02_imputation - running the simple within-arm mean/mode sensitivity 
[2026-06-02 00:59:10] [INFO] 08_sensitivity_analyses - running effectiveness sensitivity variants 
[2026-06-02 00:59:10] [INFO] 08_sensitivity_analyses - running effectiveness variant 'full' 
[2026-06-02 00:59:12] [INFO] 08_sensitivity_analyses - running effectiveness variant 'basic' 
[2026-06-02 00:59:12] [INFO] 04_models - reconstructing 20 imputed long datasets 
[2026-06-02 00:59:12] [INFO] 04_models - reconstructing completed long data for each imputation 
[2026-06-02 00:59:12] [INFO] 04_models - keeping reconstructed long datasets for audit only 
[2026-06-02 00:59:12] [INFO] 04_models - fitting unadjusted and adjusted mixed-effects models 
[2026-06-02 00:59:12] [INFO] 04_models - fitting glmer (unadjusted) on imputation 1/20 
[2026-06-02 00:59:16] [INFO] 04_models - finished unadjusted imputation 1/20 in 3.4s 
[2026-06-02 00:59:16] [INFO] 04_models - fitting glmer (unadjusted) on imputation 2/20 
[2026-06-02 00:59:19] [INFO] 04_models - finished unadjusted imputation 2/20 in 3.4s 
[2026-06-02 00:59:19] [INFO] 04_models - fitting glmer (unadjusted) on imputation 3/20 
[2026-06-02 00:59:23] [INFO] 04_models - finished unadjusted imputation 3/20 in 4.2s 
[2026-06-02 00:59:23] [INFO] 04_models - fitting glmer (unadjusted) on imputation 4/20 
[2026-06-02 00:59:27] [INFO] 04_models - finished unadjusted imputation 4/20 in 3.5s 
[2026-06-02 00:59:27] [INFO] 04_models - fitting glmer (unadjusted) on imputation 5/20 
[2026-06-02 00:59:30] [INFO] 04_models - finished unadjusted imputation 5/20 in 3.5s 
[2026-06-02 00:59:30] [INFO] 04_models - fitting glmer (unadjusted) on imputation 6/20 
[2026-06-02 00:59:35] [INFO] 04_models - finished unadjusted imputation 6/20 in 4.2s 
[2026-06-02 00:59:35] [INFO] 04_models - fitting glmer (unadjusted) on imputation 7/20 
[2026-06-02 00:59:39] [INFO] 04_models - finished unadjusted imputation 7/20 in 4.1s 
[2026-06-02 00:59:39] [INFO] 04_models - fitting glmer (unadjusted) on imputation 8/20 
[2026-06-02 00:59:43] [INFO] 04_models - finished unadjusted imputation 8/20 in 4.0s 
[2026-06-02 00:59:43] [INFO] 04_models - fitting glmer (unadjusted) on imputation 9/20 
[2026-06-02 00:59:47] [INFO] 04_models - finished unadjusted imputation 9/20 in 4.1s 
[2026-06-02 00:59:47] [INFO] 04_models - fitting glmer (unadjusted) on imputation 10/20 
[2026-06-02 00:59:51] [INFO] 04_models - finished unadjusted imputation 10/20 in 3.8s 
[2026-06-02 00:59:51] [INFO] 04_models - fitting glmer (unadjusted) on imputation 11/20 
[2026-06-02 00:59:54] [INFO] 04_models - finished unadjusted imputation 11/20 in 3.6s 
[2026-06-02 00:59:54] [INFO] 04_models - fitting glmer (unadjusted) on imputation 12/20 
[2026-06-02 00:59:58] [INFO] 04_models - finished unadjusted imputation 12/20 in 3.5s 
[2026-06-02 00:59:58] [INFO] 04_models - fitting glmer (unadjusted) on imputation 13/20 
[2026-06-02 01:00:02] [INFO] 04_models - finished unadjusted imputation 13/20 in 3.9s 
[2026-06-02 01:00:02] [INFO] 04_models - fitting glmer (unadjusted) on imputation 14/20 
[2026-06-02 01:00:05] [INFO] 04_models - finished unadjusted imputation 14/20 in 3.7s 
[2026-06-02 01:00:05] [INFO] 04_models - fitting glmer (unadjusted) on imputation 15/20 
[2026-06-02 01:00:10] [INFO] 04_models - finished unadjusted imputation 15/20 in 4.1s 
[2026-06-02 01:00:10] [INFO] 04_models - fitting glmer (unadjusted) on imputation 16/20 
[2026-06-02 01:00:13] [INFO] 04_models - finished unadjusted imputation 16/20 in 3.7s 
[2026-06-02 01:00:13] [INFO] 04_models - fitting glmer (unadjusted) on imputation 17/20 
[2026-06-02 01:00:17] [INFO] 04_models - finished unadjusted imputation 17/20 in 3.5s 
[2026-06-02 01:00:17] [INFO] 04_models - fitting glmer (unadjusted) on imputation 18/20 
[2026-06-02 01:00:21] [INFO] 04_models - finished unadjusted imputation 18/20 in 3.8s 
[2026-06-02 01:00:21] [INFO] 04_models - fitting glmer (unadjusted) on imputation 19/20 
[2026-06-02 01:00:24] [INFO] 04_models - finished unadjusted imputation 19/20 in 3.8s 
[2026-06-02 01:00:24] [INFO] 04_models - fitting glmer (unadjusted) on imputation 20/20 
[2026-06-02 01:00:28] [INFO] 04_models - finished unadjusted imputation 20/20 in 3.6s 
[2026-06-02 01:00:28] [INFO] 04_models - fitting glmer (adjusted) on imputation 1/20 
[2026-06-02 01:00:45] [INFO] 04_models - finished adjusted imputation 1/20 in 16.3s 
[2026-06-02 01:00:45] [INFO] 04_models - fitting glmer (adjusted) on imputation 2/20 
[2026-06-02 01:01:01] [INFO] 04_models - finished adjusted imputation 2/20 in 16.3s 
[2026-06-02 01:01:01] [INFO] 04_models - fitting glmer (adjusted) on imputation 3/20 
[2026-06-02 01:01:17] [INFO] 04_models - finished adjusted imputation 3/20 in 16.2s 
[2026-06-02 01:01:17] [INFO] 04_models - fitting glmer (adjusted) on imputation 4/20 
[2026-06-02 01:01:51] [INFO] 04_models - finished adjusted imputation 4/20 in 33.4s 
[2026-06-02 01:01:51] [INFO] 04_models - fitting glmer (adjusted) on imputation 5/20 
[2026-06-02 01:02:06] [INFO] 04_models - finished adjusted imputation 5/20 in 15.0s 
[2026-06-02 01:02:06] [INFO] 04_models - fitting glmer (adjusted) on imputation 6/20 
[2026-06-02 01:02:22] [INFO] 04_models - finished adjusted imputation 6/20 in 16.5s 
[2026-06-02 01:02:22] [INFO] 04_models - fitting glmer (adjusted) on imputation 7/20 
[2026-06-02 01:02:39] [INFO] 04_models - finished adjusted imputation 7/20 in 16.8s 
[2026-06-02 01:02:39] [INFO] 04_models - fitting glmer (adjusted) on imputation 8/20 
[2026-06-02 01:02:57] [INFO] 04_models - finished adjusted imputation 8/20 in 18.5s 
[2026-06-02 01:02:57] [INFO] 04_models - fitting glmer (adjusted) on imputation 9/20 
[2026-06-02 01:03:15] [INFO] 04_models - finished adjusted imputation 9/20 in 17.8s 
[2026-06-02 01:03:15] [INFO] 04_models - fitting glmer (adjusted) on imputation 10/20 
[2026-06-02 01:03:32] [INFO] 04_models - finished adjusted imputation 10/20 in 16.8s 
[2026-06-02 01:03:32] [INFO] 04_models - fitting glmer (adjusted) on imputation 11/20 
[2026-06-02 01:03:49] [INFO] 04_models - finished adjusted imputation 11/20 in 17.1s 
[2026-06-02 01:03:49] [INFO] 04_models - fitting glmer (adjusted) on imputation 12/20 
[2026-06-02 01:04:05] [INFO] 04_models - finished adjusted imputation 12/20 in 16.2s 
[2026-06-02 01:04:05] [INFO] 04_models - fitting glmer (adjusted) on imputation 13/20 
[2026-06-02 01:04:23] [INFO] 04_models - finished adjusted imputation 13/20 in 18.3s 
[2026-06-02 01:04:23] [INFO] 04_models - fitting glmer (adjusted) on imputation 14/20 
[2026-06-02 01:04:41] [INFO] 04_models - finished adjusted imputation 14/20 in 18.0s 
[2026-06-02 01:04:41] [INFO] 04_models - fitting glmer (adjusted) on imputation 15/20 
[2026-06-02 01:04:58] [INFO] 04_models - finished adjusted imputation 15/20 in 16.7s 
[2026-06-02 01:04:58] [INFO] 04_models - fitting glmer (adjusted) on imputation 16/20 
[2026-06-02 01:05:15] [INFO] 04_models - finished adjusted imputation 16/20 in 16.7s 
[2026-06-02 01:05:15] [INFO] 04_models - fitting glmer (adjusted) on imputation 17/20 
[2026-06-02 01:05:32] [INFO] 04_models - finished adjusted imputation 17/20 in 17.1s 
[2026-06-02 01:05:32] [INFO] 04_models - fitting glmer (adjusted) on imputation 18/20 
[2026-06-02 01:05:50] [INFO] 04_models - finished adjusted imputation 18/20 in 17.8s 
[2026-06-02 01:05:50] [INFO] 04_models - fitting glmer (adjusted) on imputation 19/20 
[2026-06-02 01:06:16] [INFO] 04_models - finished adjusted imputation 19/20 in 25.9s 
[2026-06-02 01:06:16] [INFO] 04_models - fitting glmer (adjusted) on imputation 20/20 
[2026-06-02 01:06:37] [INFO] 04_models - finished adjusted imputation 20/20 in 20.8s 
[2026-06-02 01:06:37] [INFO] 04b_gee - reconstructing 20 imputed long datasets 
[2026-06-02 01:06:37] [INFO] 04b_gee - building per-imputation long datasets 
[2026-06-02 01:06:38] [INFO] 04b_gee - fitting unadjusted and adjusted GEE models 
[2026-06-02 01:06:38] [INFO] 04b_gee - fitting geeglm (unadjusted) on imputation 1/20 
[2026-06-02 01:06:38] [INFO] 04b_gee - finished unadjusted imputation 1/20 in 0.1s 
[2026-06-02 01:06:38] [INFO] 04b_gee - fitting geeglm (unadjusted) on imputation 2/20 
[2026-06-02 01:06:38] [INFO] 04b_gee - finished unadjusted imputation 2/20 in 0.2s 
[2026-06-02 01:06:38] [INFO] 04b_gee - fitting geeglm (unadjusted) on imputation 3/20 
[2026-06-02 01:06:38] [INFO] 04b_gee - finished unadjusted imputation 3/20 in 0.1s 
[2026-06-02 01:06:38] [INFO] 04b_gee - fitting geeglm (unadjusted) on imputation 4/20 
[2026-06-02 01:06:38] [INFO] 04b_gee - finished unadjusted imputation 4/20 in 0.2s 
[2026-06-02 01:06:38] [INFO] 04b_gee - fitting geeglm (unadjusted) on imputation 5/20 
[2026-06-02 01:06:39] [INFO] 04b_gee - finished unadjusted imputation 5/20 in 0.1s 
[2026-06-02 01:06:39] [INFO] 04b_gee - fitting geeglm (unadjusted) on imputation 6/20 
[2026-06-02 01:06:39] [INFO] 04b_gee - finished unadjusted imputation 6/20 in 0.1s 
[2026-06-02 01:06:39] [INFO] 04b_gee - fitting geeglm (unadjusted) on imputation 7/20 
[2026-06-02 01:06:39] [INFO] 04b_gee - finished unadjusted imputation 7/20 in 0.2s 
[2026-06-02 01:06:39] [INFO] 04b_gee - fitting geeglm (unadjusted) on imputation 8/20 
[2026-06-02 01:06:39] [INFO] 04b_gee - finished unadjusted imputation 8/20 in 0.2s 
[2026-06-02 01:06:39] [INFO] 04b_gee - fitting geeglm (unadjusted) on imputation 9/20 
[2026-06-02 01:06:39] [INFO] 04b_gee - finished unadjusted imputation 9/20 in 0.2s 
[2026-06-02 01:06:39] [INFO] 04b_gee - fitting geeglm (unadjusted) on imputation 10/20 
[2026-06-02 01:06:40] [INFO] 04b_gee - finished unadjusted imputation 10/20 in 0.2s 
[2026-06-02 01:06:40] [INFO] 04b_gee - fitting geeglm (unadjusted) on imputation 11/20 
[2026-06-02 01:06:40] [INFO] 04b_gee - finished unadjusted imputation 11/20 in 0.2s 
[2026-06-02 01:06:40] [INFO] 04b_gee - fitting geeglm (unadjusted) on imputation 12/20 
[2026-06-02 01:06:40] [INFO] 04b_gee - finished unadjusted imputation 12/20 in 0.1s 
[2026-06-02 01:06:40] [INFO] 04b_gee - fitting geeglm (unadjusted) on imputation 13/20 
[2026-06-02 01:06:40] [INFO] 04b_gee - finished unadjusted imputation 13/20 in 0.1s 
[2026-06-02 01:06:40] [INFO] 04b_gee - fitting geeglm (unadjusted) on imputation 14/20 
[2026-06-02 01:06:40] [INFO] 04b_gee - finished unadjusted imputation 14/20 in 0.1s 
[2026-06-02 01:06:40] [INFO] 04b_gee - fitting geeglm (unadjusted) on imputation 15/20 
[2026-06-02 01:06:40] [INFO] 04b_gee - finished unadjusted imputation 15/20 in 0.1s 
[2026-06-02 01:06:40] [INFO] 04b_gee - fitting geeglm (unadjusted) on imputation 16/20 
[2026-06-02 01:06:40] [INFO] 04b_gee - finished unadjusted imputation 16/20 in 0.1s 
[2026-06-02 01:06:40] [INFO] 04b_gee - fitting geeglm (unadjusted) on imputation 17/20 
[2026-06-02 01:06:41] [INFO] 04b_gee - finished unadjusted imputation 17/20 in 0.2s 
[2026-06-02 01:06:41] [INFO] 04b_gee - fitting geeglm (unadjusted) on imputation 18/20 
[2026-06-02 01:06:41] [INFO] 04b_gee - finished unadjusted imputation 18/20 in 0.1s 
[2026-06-02 01:06:41] [INFO] 04b_gee - fitting geeglm (unadjusted) on imputation 19/20 
[2026-06-02 01:06:41] [INFO] 04b_gee - finished unadjusted imputation 19/20 in 0.2s 
[2026-06-02 01:06:41] [INFO] 04b_gee - fitting geeglm (unadjusted) on imputation 20/20 
[2026-06-02 01:06:41] [INFO] 04b_gee - finished unadjusted imputation 20/20 in 0.1s 
[2026-06-02 01:06:41] [INFO] 04b_gee - pooling unadjusted GEE contrasts across imputations 
[2026-06-02 01:06:41] [INFO] 04b_gee - fitting geeglm (adjusted) on imputation 1/20 
[2026-06-02 01:06:41] [INFO] 04b_gee - finished adjusted imputation 1/20 in 0.2s 
[2026-06-02 01:06:41] [INFO] 04b_gee - fitting geeglm (adjusted) on imputation 2/20 
[2026-06-02 01:06:41] [INFO] 04b_gee - finished adjusted imputation 2/20 in 0.2s 
[2026-06-02 01:06:41] [INFO] 04b_gee - fitting geeglm (adjusted) on imputation 3/20 
[2026-06-02 01:06:42] [INFO] 04b_gee - finished adjusted imputation 3/20 in 0.2s 
[2026-06-02 01:06:42] [INFO] 04b_gee - fitting geeglm (adjusted) on imputation 4/20 
[2026-06-02 01:06:42] [INFO] 04b_gee - finished adjusted imputation 4/20 in 0.2s 
[2026-06-02 01:06:42] [INFO] 04b_gee - fitting geeglm (adjusted) on imputation 5/20 
[2026-06-02 01:06:42] [INFO] 04b_gee - finished adjusted imputation 5/20 in 0.2s 
[2026-06-02 01:06:42] [INFO] 04b_gee - fitting geeglm (adjusted) on imputation 6/20 
[2026-06-02 01:06:42] [INFO] 04b_gee - finished adjusted imputation 6/20 in 0.2s 
[2026-06-02 01:06:42] [INFO] 04b_gee - fitting geeglm (adjusted) on imputation 7/20 
[2026-06-02 01:06:42] [INFO] 04b_gee - finished adjusted imputation 7/20 in 0.2s 
[2026-06-02 01:06:42] [INFO] 04b_gee - fitting geeglm (adjusted) on imputation 8/20 
[2026-06-02 01:06:43] [INFO] 04b_gee - finished adjusted imputation 8/20 in 0.2s 
[2026-06-02 01:06:43] [INFO] 04b_gee - fitting geeglm (adjusted) on imputation 9/20 
[2026-06-02 01:06:43] [INFO] 04b_gee - finished adjusted imputation 9/20 in 0.2s 
[2026-06-02 01:06:43] [INFO] 04b_gee - fitting geeglm (adjusted) on imputation 10/20 
[2026-06-02 01:06:43] [INFO] 04b_gee - finished adjusted imputation 10/20 in 0.2s 
[2026-06-02 01:06:43] [INFO] 04b_gee - fitting geeglm (adjusted) on imputation 11/20 
[2026-06-02 01:06:43] [INFO] 04b_gee - finished adjusted imputation 11/20 in 0.2s 
[2026-06-02 01:06:43] [INFO] 04b_gee - fitting geeglm (adjusted) on imputation 12/20 
[2026-06-02 01:06:44] [INFO] 04b_gee - finished adjusted imputation 12/20 in 0.2s 
[2026-06-02 01:06:44] [INFO] 04b_gee - fitting geeglm (adjusted) on imputation 13/20 
[2026-06-02 01:06:44] [INFO] 04b_gee - finished adjusted imputation 13/20 in 0.2s 
[2026-06-02 01:06:44] [INFO] 04b_gee - fitting geeglm (adjusted) on imputation 14/20 
[2026-06-02 01:06:44] [INFO] 04b_gee - finished adjusted imputation 14/20 in 0.2s 
[2026-06-02 01:06:44] [INFO] 04b_gee - fitting geeglm (adjusted) on imputation 15/20 
[2026-06-02 01:06:44] [INFO] 04b_gee - finished adjusted imputation 15/20 in 0.2s 
[2026-06-02 01:06:44] [INFO] 04b_gee - fitting geeglm (adjusted) on imputation 16/20 
[2026-06-02 01:06:44] [INFO] 04b_gee - finished adjusted imputation 16/20 in 0.2s 
[2026-06-02 01:06:44] [INFO] 04b_gee - fitting geeglm (adjusted) on imputation 17/20 
[2026-06-02 01:06:45] [INFO] 04b_gee - finished adjusted imputation 17/20 in 0.2s 
[2026-06-02 01:06:45] [INFO] 04b_gee - fitting geeglm (adjusted) on imputation 18/20 
[2026-06-02 01:06:45] [INFO] 04b_gee - finished adjusted imputation 18/20 in 0.2s 
[2026-06-02 01:06:45] [INFO] 04b_gee - fitting geeglm (adjusted) on imputation 19/20 
[2026-06-02 01:06:45] [INFO] 04b_gee - finished adjusted imputation 19/20 in 0.1s 
[2026-06-02 01:06:45] [INFO] 04b_gee - fitting geeglm (adjusted) on imputation 20/20 
[2026-06-02 01:06:45] [INFO] 04b_gee - finished adjusted imputation 20/20 in 0.2s 
[2026-06-02 01:06:45] [INFO] 04b_gee - pooling adjusted GEE contrasts across imputations 
[2026-06-02 01:06:45] [INFO] 08_sensitivity_analyses - running effectiveness variant 'simple' 
[2026-06-02 01:06:45] [INFO] 04_models - using single completed dataset for variant 'simple' 
[2026-06-02 01:06:45] [INFO] 04_models - reconstructing completed long data for each imputation 
[2026-06-02 01:06:45] [INFO] 04_models - fitting unadjusted and adjusted mixed-effects models 
[2026-06-02 01:06:45] [INFO] 04_models - fitting glmer (unadjusted) on imputation 1/1 
[2026-06-02 01:06:50] [INFO] 04_models - finished unadjusted imputation 1/1 in 4.9s 
[2026-06-02 01:06:50] [INFO] 04_models - fitting glmer (adjusted) on imputation 1/1 
[2026-06-02 01:07:10] [INFO] 04_models - finished adjusted imputation 1/1 in 19.5s 
[2026-06-02 01:07:10] [INFO] 04b_gee - using single completed dataset for variant 'simple' 
[2026-06-02 01:07:10] [INFO] 04b_gee - building per-imputation long datasets 
[2026-06-02 01:07:10] [INFO] 04b_gee - fitting unadjusted and adjusted GEE models 
[2026-06-02 01:07:10] [INFO] 04b_gee - fitting geeglm (unadjusted) on imputation 1/1 
[2026-06-02 01:07:10] [INFO] 04b_gee - finished unadjusted imputation 1/1 in 0.1s 
[2026-06-02 01:07:10] [INFO] 04b_gee - pooling unadjusted GEE contrasts across imputations 
[2026-06-02 01:07:10] [INFO] 04b_gee - fitting geeglm (adjusted) on imputation 1/1 
[2026-06-02 01:07:10] [INFO] 04b_gee - finished adjusted imputation 1/1 in 0.2s 
[2026-06-02 01:07:10] [INFO] 04b_gee - pooling adjusted GEE contrasts across imputations 
[2026-06-02 01:07:10] [INFO] 08_sensitivity_analyses - running effectiveness variant 'complete_cases' 
[2026-06-02 01:07:10] [INFO] 04_models - using single completed dataset for variant 'complete_cases' 
[2026-06-02 01:07:10] [INFO] 04_models - reconstructing completed long data for each imputation 
[2026-06-02 01:07:10] [INFO] 04_models - fitting unadjusted and adjusted mixed-effects models 
[2026-06-02 01:07:10] [INFO] 04_models - fitting glmer (unadjusted) on imputation 1/1 
[2026-06-02 01:07:14] [INFO] 04_models - finished unadjusted imputation 1/1 in 4.0s 
[2026-06-02 01:07:14] [INFO] 04_models - fitting glmer (adjusted) on imputation 1/1 
[2026-06-02 01:07:32] [INFO] 04_models - finished adjusted imputation 1/1 in 17.5s 
[2026-06-02 01:07:32] [INFO] 04b_gee - using single completed dataset for variant 'complete_cases' 
[2026-06-02 01:07:32] [INFO] 04b_gee - building per-imputation long datasets 
[2026-06-02 01:07:32] [INFO] 04b_gee - fitting unadjusted and adjusted GEE models 
[2026-06-02 01:07:32] [INFO] 04b_gee - fitting geeglm (unadjusted) on imputation 1/1 
[2026-06-02 01:07:32] [INFO] 04b_gee - finished unadjusted imputation 1/1 in 0.1s 
[2026-06-02 01:07:32] [INFO] 04b_gee - pooling unadjusted GEE contrasts across imputations 
[2026-06-02 01:07:32] [INFO] 04b_gee - fitting geeglm (adjusted) on imputation 1/1 
[2026-06-02 01:07:32] [INFO] 04b_gee - finished adjusted imputation 1/1 in 0.1s 
[2026-06-02 01:07:32] [INFO] 04b_gee - pooling adjusted GEE contrasts across imputations 
[2026-06-02 01:07:32] [INFO] 08_sensitivity_analyses - running CEA sensitivity variants 
[2026-06-02 01:07:32] [INFO] 05_cost_effectiveness - bootstrap iteration 1/5000 
[2026-06-02 01:07:41] [INFO] 05_cost_effectiveness - bootstrap iteration 500/5000 
[2026-06-02 01:07:51] [INFO] 05_cost_effectiveness - bootstrap iteration 1000/5000 
[2026-06-02 01:07:59] [INFO] 05_cost_effectiveness - bootstrap iteration 1500/5000 
[2026-06-02 01:08:07] [INFO] 05_cost_effectiveness - bootstrap iteration 2000/5000 
[2026-06-02 01:08:15] [INFO] 05_cost_effectiveness - bootstrap iteration 2500/5000 
[2026-06-02 01:08:24] [INFO] 05_cost_effectiveness - bootstrap iteration 3000/5000 
[2026-06-02 01:08:33] [INFO] 05_cost_effectiveness - bootstrap iteration 3500/5000 
[2026-06-02 01:08:42] [INFO] 05_cost_effectiveness - bootstrap iteration 4000/5000 
[2026-06-02 01:08:50] [INFO] 05_cost_effectiveness - bootstrap iteration 4500/5000 
[2026-06-02 01:08:59] [INFO] 05_cost_effectiveness - bootstrap iteration 5000/5000 
[2026-06-02 01:09:00] [INFO] 05_cost_effectiveness - bootstrap iteration 1/5000 
[2026-06-02 01:09:09] [INFO] 05_cost_effectiveness - bootstrap iteration 500/5000 
[2026-06-02 01:09:18] [INFO] 05_cost_effectiveness - bootstrap iteration 1000/5000 
[2026-06-02 01:09:25] [INFO] 05_cost_effectiveness - bootstrap iteration 1500/5000 
[2026-06-02 01:09:33] [INFO] 05_cost_effectiveness - bootstrap iteration 2000/5000 
[2026-06-02 01:09:40] [INFO] 05_cost_effectiveness - bootstrap iteration 2500/5000 
[2026-06-02 01:09:48] [INFO] 05_cost_effectiveness - bootstrap iteration 3000/5000 
[2026-06-02 01:09:55] [INFO] 05_cost_effectiveness - bootstrap iteration 3500/5000 
[2026-06-02 01:10:03] [INFO] 05_cost_effectiveness - bootstrap iteration 4000/5000 
[2026-06-02 01:10:11] [INFO] 05_cost_effectiveness - bootstrap iteration 4500/5000 
[2026-06-02 01:10:20] [INFO] 05_cost_effectiveness - bootstrap iteration 5000/5000 
[2026-06-02 01:10:20] [INFO] 05_cost_effectiveness - running basic_mice MI CEA branch from mids_imputation_basic.rds 
[2026-06-02 01:11:23] [START] 08_sensitivity_analyses - running secondary effectiveness and CEA analyses 
[2026-06-02 01:11:23] [INFO] 02_imputation - running the basic MICE sensitivity with legacy predictors 
[2026-06-02 01:11:56] [INFO] 02_imputation - running the simple within-arm mean/mode sensitivity 
[2026-06-02 01:11:56] [INFO] 08_sensitivity_analyses - running effectiveness sensitivity variants 
[2026-06-02 01:11:56] [INFO] 08_sensitivity_analyses - running effectiveness variant 'full' 
[2026-06-02 01:11:58] [INFO] 08_sensitivity_analyses - running effectiveness variant 'basic' 
[2026-06-02 01:11:58] [INFO] 04_models - reconstructing 20 imputed long datasets 
[2026-06-02 01:11:58] [INFO] 04_models - reconstructing completed long data for each imputation 
[2026-06-02 01:11:59] [INFO] 04_models - keeping reconstructed long datasets for audit only 
[2026-06-02 01:11:59] [INFO] 04_models - fitting unadjusted and adjusted mixed-effects models 
[2026-06-02 01:11:59] [INFO] 04_models - fitting glmer (unadjusted) on imputation 1/20 
[2026-06-02 01:12:03] [INFO] 04_models - finished unadjusted imputation 1/20 in 4.2s 
[2026-06-02 01:12:03] [INFO] 04_models - fitting glmer (unadjusted) on imputation 2/20 
[2026-06-02 01:12:08] [INFO] 04_models - finished unadjusted imputation 2/20 in 4.4s 
[2026-06-02 01:12:08] [INFO] 04_models - fitting glmer (unadjusted) on imputation 3/20 
[2026-06-02 01:12:13] [INFO] 04_models - finished unadjusted imputation 3/20 in 5.5s 
[2026-06-02 01:12:13] [INFO] 04_models - fitting glmer (unadjusted) on imputation 4/20 
[2026-06-02 01:12:18] [INFO] 04_models - finished unadjusted imputation 4/20 in 4.5s 
[2026-06-02 01:12:18] [INFO] 04_models - fitting glmer (unadjusted) on imputation 5/20 
[2026-06-02 01:12:22] [INFO] 04_models - finished unadjusted imputation 5/20 in 4.6s 
[2026-06-02 01:12:22] [INFO] 04_models - fitting glmer (unadjusted) on imputation 6/20 
[2026-06-02 01:12:27] [INFO] 04_models - finished unadjusted imputation 6/20 in 5.1s 
[2026-06-02 01:12:27] [INFO] 04_models - fitting glmer (unadjusted) on imputation 7/20 
[2026-06-02 01:12:32] [INFO] 04_models - finished unadjusted imputation 7/20 in 4.8s 
[2026-06-02 01:12:32] [INFO] 04_models - fitting glmer (unadjusted) on imputation 8/20 
[2026-06-02 01:12:37] [INFO] 04_models - finished unadjusted imputation 8/20 in 4.4s 
[2026-06-02 01:12:37] [INFO] 04_models - fitting glmer (unadjusted) on imputation 9/20 
[2026-06-02 01:12:41] [INFO] 04_models - finished unadjusted imputation 9/20 in 4.5s 
[2026-06-02 01:12:41] [INFO] 04_models - fitting glmer (unadjusted) on imputation 10/20 
[2026-06-02 01:12:45] [INFO] 04_models - finished unadjusted imputation 10/20 in 4.3s 
[2026-06-02 01:12:45] [INFO] 04_models - fitting glmer (unadjusted) on imputation 11/20 
[2026-06-02 01:12:50] [INFO] 04_models - finished unadjusted imputation 11/20 in 4.3s 
[2026-06-02 01:12:50] [INFO] 04_models - fitting glmer (unadjusted) on imputation 12/20 
[2026-06-02 01:12:54] [INFO] 04_models - finished unadjusted imputation 12/20 in 3.9s 
[2026-06-02 01:12:54] [INFO] 04_models - fitting glmer (unadjusted) on imputation 13/20 
[2026-06-02 01:12:58] [INFO] 04_models - finished unadjusted imputation 13/20 in 4.9s 
[2026-06-02 01:12:59] [INFO] 04_models - fitting glmer (unadjusted) on imputation 14/20 
[2026-06-02 01:13:03] [INFO] 04_models - finished unadjusted imputation 14/20 in 4.6s 
[2026-06-02 01:13:03] [INFO] 04_models - fitting glmer (unadjusted) on imputation 15/20 
[2026-06-02 01:13:08] [INFO] 04_models - finished unadjusted imputation 15/20 in 5.0s 
[2026-06-02 01:13:08] [INFO] 04_models - fitting glmer (unadjusted) on imputation 16/20 
[2026-06-02 01:13:13] [INFO] 04_models - finished unadjusted imputation 16/20 in 4.4s 
[2026-06-02 01:13:13] [INFO] 04_models - fitting glmer (unadjusted) on imputation 17/20 
[2026-06-02 01:13:18] [INFO] 04_models - finished unadjusted imputation 17/20 in 5.0s 
[2026-06-02 01:13:18] [INFO] 04_models - fitting glmer (unadjusted) on imputation 18/20 
[2026-06-02 01:13:22] [INFO] 04_models - finished unadjusted imputation 18/20 in 4.5s 
[2026-06-02 01:13:22] [INFO] 04_models - fitting glmer (unadjusted) on imputation 19/20 
[2026-06-02 01:13:28] [INFO] 04_models - finished unadjusted imputation 19/20 in 5.4s 
[2026-06-02 01:13:28] [INFO] 04_models - fitting glmer (unadjusted) on imputation 20/20 
[2026-06-02 01:13:32] [INFO] 04_models - finished unadjusted imputation 20/20 in 4.8s 
[2026-06-02 01:13:33] [INFO] 04_models - fitting glmer (adjusted) on imputation 1/20 
[2026-06-02 01:13:55] [INFO] 04_models - finished adjusted imputation 1/20 in 21.9s 
[2026-06-02 01:13:55] [INFO] 04_models - fitting glmer (adjusted) on imputation 2/20 
[2026-06-02 01:14:15] [INFO] 04_models - finished adjusted imputation 2/20 in 20.3s 
[2026-06-02 01:14:15] [INFO] 04_models - fitting glmer (adjusted) on imputation 3/20 
[2026-06-02 01:14:37] [INFO] 04_models - finished adjusted imputation 3/20 in 21.7s 
[2026-06-02 01:14:37] [INFO] 04_models - fitting glmer (adjusted) on imputation 4/20 
[2026-06-02 01:15:19] [INFO] 04_models - finished adjusted imputation 4/20 in 41.8s 
[2026-06-02 01:15:19] [INFO] 04_models - fitting glmer (adjusted) on imputation 5/20 
[2026-06-02 01:15:37] [INFO] 04_models - finished adjusted imputation 5/20 in 18.2s 
[2026-06-02 01:15:37] [INFO] 04_models - fitting glmer (adjusted) on imputation 6/20 
[2026-06-02 01:15:57] [INFO] 04_models - finished adjusted imputation 6/20 in 19.8s 
[2026-06-02 01:15:57] [INFO] 04_models - fitting glmer (adjusted) on imputation 7/20 
[2026-06-02 01:16:20] [INFO] 04_models - finished adjusted imputation 7/20 in 23.2s 
[2026-06-02 01:16:20] [INFO] 04_models - fitting glmer (adjusted) on imputation 8/20 
[2026-06-02 01:16:42] [INFO] 04_models - finished adjusted imputation 8/20 in 22.0s 
[2026-06-02 01:16:42] [INFO] 04_models - fitting glmer (adjusted) on imputation 9/20 
[2026-06-02 01:17:01] [INFO] 04_models - finished adjusted imputation 9/20 in 19.1s 
[2026-06-02 01:17:01] [INFO] 04_models - fitting glmer (adjusted) on imputation 10/20 
[2026-06-02 01:17:19] [START] 01_cleaning - reading raw questionnaire and cost files 
[2026-06-02 01:17:19] [INFO] 01_cleaning - loading baseline and follow-up questionnaires 
[2026-06-02 01:17:20] [INFO] 04_models - finished adjusted imputation 10/20 in 18.5s 
[2026-06-02 01:17:20] [INFO] 04_models - fitting glmer (adjusted) on imputation 11/20 
[2026-06-02 01:17:21] [DONE] 01_cleaning - saved analysis-ready datasets (elapsed 1.6s) 
[2026-06-02 01:17:23] [START] 02_imputation - building the main wide imputation frame 
[2026-06-02 01:17:23] [INFO] 02_imputation - building the wide frame used by the main MICE branch 
[2026-06-02 01:17:23] [INFO] 02_imputation - running the full chained MICE with all available predictors 
[2026-06-02 01:17:38] [INFO] 04_models - finished adjusted imputation 11/20 in 18.5s 
[2026-06-02 01:17:38] [INFO] 04_models - fitting glmer (adjusted) on imputation 12/20 
[2026-06-02 01:17:58] [INFO] 04_models - finished adjusted imputation 12/20 in 19.7s 
[2026-06-02 01:17:58] [INFO] 04_models - fitting glmer (adjusted) on imputation 13/20 
[2026-06-02 01:18:18] [INFO] 04_models - finished adjusted imputation 13/20 in 20.6s 
[2026-06-02 01:18:18] [INFO] 04_models - fitting glmer (adjusted) on imputation 14/20 
[2026-06-02 01:18:39] [INFO] 04_models - finished adjusted imputation 14/20 in 20.9s 
[2026-06-02 01:18:39] [INFO] 04_models - fitting glmer (adjusted) on imputation 15/20 
[2026-06-02 01:18:59] [INFO] 04_models - finished adjusted imputation 15/20 in 19.6s 
[2026-06-02 01:18:59] [INFO] 04_models - fitting glmer (adjusted) on imputation 16/20 
[2026-06-02 01:19:18] [INFO] 04_models - finished adjusted imputation 16/20 in 19.2s 
[2026-06-02 01:19:18] [INFO] 04_models - fitting glmer (adjusted) on imputation 17/20 
[2026-06-02 01:19:40] [INFO] 04_models - finished adjusted imputation 17/20 in 22.1s 
[2026-06-02 01:19:40] [INFO] 04_models - fitting glmer (adjusted) on imputation 18/20 
[2026-06-02 01:20:01] [INFO] 04_models - finished adjusted imputation 18/20 in 21.0s 
[2026-06-02 01:20:01] [INFO] 04_models - fitting glmer (adjusted) on imputation 19/20 
[2026-06-02 01:20:22] [INFO] 04_models - finished adjusted imputation 19/20 in 21.2s 
[2026-06-02 01:20:22] [INFO] 04_models - fitting glmer (adjusted) on imputation 20/20 
[2026-06-02 01:20:42] [INFO] 04_models - finished adjusted imputation 20/20 in 19.8s 
[2026-06-02 01:20:43] [INFO] 04b_gee - reconstructing 20 imputed long datasets 
[2026-06-02 01:20:43] [INFO] 04b_gee - building per-imputation long datasets 
[2026-06-02 01:20:43] [INFO] 04b_gee - fitting unadjusted and adjusted GEE models 
[2026-06-02 01:20:43] [INFO] 04b_gee - fitting geeglm (unadjusted) on imputation 1/20 
[2026-06-02 01:20:44] [INFO] 04b_gee - finished unadjusted imputation 1/20 in 0.1s 
[2026-06-02 01:20:44] [INFO] 04b_gee - fitting geeglm (unadjusted) on imputation 2/20 
[2026-06-02 01:20:44] [INFO] 04b_gee - finished unadjusted imputation 2/20 in 0.1s 
[2026-06-02 01:20:44] [INFO] 04b_gee - fitting geeglm (unadjusted) on imputation 3/20 
[2026-06-02 01:20:44] [INFO] 04b_gee - finished unadjusted imputation 3/20 in 0.1s 
[2026-06-02 01:20:44] [INFO] 04b_gee - fitting geeglm (unadjusted) on imputation 4/20 
[2026-06-02 01:20:44] [INFO] 04b_gee - finished unadjusted imputation 4/20 in 0.1s 
[2026-06-02 01:20:44] [INFO] 04b_gee - fitting geeglm (unadjusted) on imputation 5/20 
[2026-06-02 01:20:44] [INFO] 04b_gee - finished unadjusted imputation 5/20 in 0.1s 
[2026-06-02 01:20:44] [INFO] 04b_gee - fitting geeglm (unadjusted) on imputation 6/20 
[2026-06-02 01:20:44] [INFO] 04b_gee - finished unadjusted imputation 6/20 in 0.1s 
[2026-06-02 01:20:44] [INFO] 04b_gee - fitting geeglm (unadjusted) on imputation 7/20 
[2026-06-02 01:20:44] [INFO] 04b_gee - finished unadjusted imputation 7/20 in 0.1s 
[2026-06-02 01:20:44] [INFO] 04b_gee - fitting geeglm (unadjusted) on imputation 8/20 
[2026-06-02 01:20:45] [INFO] 04b_gee - finished unadjusted imputation 8/20 in 0.1s 
[2026-06-02 01:20:45] [INFO] 04b_gee - fitting geeglm (unadjusted) on imputation 9/20 
[2026-06-02 01:20:45] [INFO] 04b_gee - finished unadjusted imputation 9/20 in 0.1s 
[2026-06-02 01:20:45] [INFO] 04b_gee - fitting geeglm (unadjusted) on imputation 10/20 
[2026-06-02 01:20:45] [INFO] 04b_gee - finished unadjusted imputation 10/20 in 0.1s 
[2026-06-02 01:20:45] [INFO] 04b_gee - fitting geeglm (unadjusted) on imputation 11/20 
[2026-06-02 01:20:45] [INFO] 04b_gee - finished unadjusted imputation 11/20 in 0.1s 
[2026-06-02 01:20:45] [INFO] 04b_gee - fitting geeglm (unadjusted) on imputation 12/20 
[2026-06-02 01:20:45] [INFO] 04b_gee - finished unadjusted imputation 12/20 in 0.1s 
[2026-06-02 01:20:45] [INFO] 04b_gee - fitting geeglm (unadjusted) on imputation 13/20 
[2026-06-02 01:20:45] [INFO] 04b_gee - finished unadjusted imputation 13/20 in 0.1s 
[2026-06-02 01:20:45] [INFO] 04b_gee - fitting geeglm (unadjusted) on imputation 14/20 
[2026-06-02 01:20:45] [INFO] 04b_gee - finished unadjusted imputation 14/20 in 0.1s 
[2026-06-02 01:20:45] [INFO] 04b_gee - fitting geeglm (unadjusted) on imputation 15/20 
[2026-06-02 01:20:45] [INFO] 04b_gee - finished unadjusted imputation 15/20 in 0.1s 
[2026-06-02 01:20:45] [INFO] 04b_gee - fitting geeglm (unadjusted) on imputation 16/20 
[2026-06-02 01:20:46] [INFO] 04b_gee - finished unadjusted imputation 16/20 in 0.1s 
[2026-06-02 01:20:46] [INFO] 04b_gee - fitting geeglm (unadjusted) on imputation 17/20 
[2026-06-02 01:20:46] [INFO] 04b_gee - finished unadjusted imputation 17/20 in 0.1s 
[2026-06-02 01:20:46] [INFO] 04b_gee - fitting geeglm (unadjusted) on imputation 18/20 
[2026-06-02 01:20:46] [INFO] 04b_gee - finished unadjusted imputation 18/20 in 0.1s 
[2026-06-02 01:20:46] [INFO] 04b_gee - fitting geeglm (unadjusted) on imputation 19/20 
[2026-06-02 01:20:46] [INFO] 04b_gee - finished unadjusted imputation 19/20 in 0.2s 
[2026-06-02 01:20:46] [INFO] 04b_gee - fitting geeglm (unadjusted) on imputation 20/20 
[2026-06-02 01:20:46] [INFO] 04b_gee - finished unadjusted imputation 20/20 in 0.1s 
[2026-06-02 01:20:46] [INFO] 04b_gee - pooling unadjusted GEE contrasts across imputations 
[2026-06-02 01:20:46] [INFO] 04b_gee - fitting geeglm (adjusted) on imputation 1/20 
[2026-06-02 01:20:46] [INFO] 04b_gee - finished adjusted imputation 1/20 in 0.2s 
[2026-06-02 01:20:46] [INFO] 04b_gee - fitting geeglm (adjusted) on imputation 2/20 
[2026-06-02 01:20:47] [INFO] 04b_gee - finished adjusted imputation 2/20 in 0.2s 
[2026-06-02 01:20:47] [INFO] 04b_gee - fitting geeglm (adjusted) on imputation 3/20 
[2026-06-02 01:20:47] [INFO] 04b_gee - finished adjusted imputation 3/20 in 0.2s 
[2026-06-02 01:20:47] [INFO] 04b_gee - fitting geeglm (adjusted) on imputation 4/20 
[2026-06-02 01:20:47] [INFO] 04b_gee - finished adjusted imputation 4/20 in 0.2s 
[2026-06-02 01:20:47] [INFO] 04b_gee - fitting geeglm (adjusted) on imputation 5/20 
[2026-06-02 01:20:47] [INFO] 04b_gee - finished adjusted imputation 5/20 in 0.2s 
[2026-06-02 01:20:47] [INFO] 04b_gee - fitting geeglm (adjusted) on imputation 6/20 
[2026-06-02 01:20:47] [INFO] 04b_gee - finished adjusted imputation 6/20 in 0.2s 
[2026-06-02 01:20:47] [INFO] 04b_gee - fitting geeglm (adjusted) on imputation 7/20 
[2026-06-02 01:20:48] [INFO] 04b_gee - finished adjusted imputation 7/20 in 0.2s 
[2026-06-02 01:20:48] [INFO] 04b_gee - fitting geeglm (adjusted) on imputation 8/20 
[2026-06-02 01:20:48] [INFO] 04b_gee - finished adjusted imputation 8/20 in 0.2s 
[2026-06-02 01:20:48] [INFO] 04b_gee - fitting geeglm (adjusted) on imputation 9/20 
[2026-06-02 01:20:48] [INFO] 04b_gee - finished adjusted imputation 9/20 in 0.2s 
[2026-06-02 01:20:48] [INFO] 04b_gee - fitting geeglm (adjusted) on imputation 10/20 
[2026-06-02 01:20:48] [INFO] 04b_gee - finished adjusted imputation 10/20 in 0.2s 
[2026-06-02 01:20:48] [INFO] 04b_gee - fitting geeglm (adjusted) on imputation 11/20 
[2026-06-02 01:20:48] [INFO] 04b_gee - finished adjusted imputation 11/20 in 0.2s 
[2026-06-02 01:20:48] [INFO] 04b_gee - fitting geeglm (adjusted) on imputation 12/20 
[2026-06-02 01:20:49] [INFO] 04b_gee - finished adjusted imputation 12/20 in 0.1s 
[2026-06-02 01:20:49] [INFO] 04b_gee - fitting geeglm (adjusted) on imputation 13/20 
[2026-06-02 01:20:49] [INFO] 04b_gee - finished adjusted imputation 13/20 in 0.2s 
[2026-06-02 01:20:49] [INFO] 04b_gee - fitting geeglm (adjusted) on imputation 14/20 
[2026-06-02 01:20:49] [INFO] 04b_gee - finished adjusted imputation 14/20 in 0.2s 
[2026-06-02 01:20:49] [INFO] 04b_gee - fitting geeglm (adjusted) on imputation 15/20 
[2026-06-02 01:20:49] [INFO] 04b_gee - finished adjusted imputation 15/20 in 0.2s 
[2026-06-02 01:20:49] [INFO] 04b_gee - fitting geeglm (adjusted) on imputation 16/20 
[2026-06-02 01:20:49] [INFO] 04b_gee - finished adjusted imputation 16/20 in 0.2s 
[2026-06-02 01:20:49] [INFO] 04b_gee - fitting geeglm (adjusted) on imputation 17/20 
[2026-06-02 01:20:49] [INFO] 04b_gee - finished adjusted imputation 17/20 in 0.2s 
[2026-06-02 01:20:49] [INFO] 04b_gee - fitting geeglm (adjusted) on imputation 18/20 
[2026-06-02 01:20:50] [INFO] 04b_gee - finished adjusted imputation 18/20 in 0.2s 
[2026-06-02 01:20:50] [INFO] 04b_gee - fitting geeglm (adjusted) on imputation 19/20 
[2026-06-02 01:20:50] [INFO] 04b_gee - finished adjusted imputation 19/20 in 0.2s 
[2026-06-02 01:20:50] [INFO] 04b_gee - fitting geeglm (adjusted) on imputation 20/20 
[2026-06-02 01:20:51] [INFO] 04b_gee - finished adjusted imputation 20/20 in 0.8s 
[2026-06-02 01:20:51] [INFO] 04b_gee - pooling adjusted GEE contrasts across imputations 
[2026-06-02 01:20:51] [INFO] 08_sensitivity_analyses - running effectiveness variant 'simple' 
[2026-06-02 01:20:51] [INFO] 04_models - using single completed dataset for variant 'simple' 
[2026-06-02 01:20:51] [INFO] 04_models - reconstructing completed long data for each imputation 
[2026-06-02 01:20:51] [INFO] 04_models - fitting unadjusted and adjusted mixed-effects models 
[2026-06-02 01:20:51] [INFO] 04_models - fitting glmer (unadjusted) on imputation 1/1 
[2026-06-02 01:20:56] [INFO] 04_models - finished unadjusted imputation 1/1 in 4.9s 
[2026-06-02 01:20:56] [INFO] 04_models - fitting glmer (adjusted) on imputation 1/1 
[2026-06-02 01:21:15] [INFO] 04_models - finished adjusted imputation 1/1 in 19.3s 
[2026-06-02 01:21:15] [INFO] 04b_gee - using single completed dataset for variant 'simple' 
[2026-06-02 01:21:15] [INFO] 04b_gee - building per-imputation long datasets 
[2026-06-02 01:21:15] [INFO] 04b_gee - fitting unadjusted and adjusted GEE models 
[2026-06-02 01:21:15] [INFO] 04b_gee - fitting geeglm (unadjusted) on imputation 1/1 
[2026-06-02 01:21:15] [INFO] 04b_gee - finished unadjusted imputation 1/1 in 0.1s 
[2026-06-02 01:21:15] [INFO] 04b_gee - pooling unadjusted GEE contrasts across imputations 
[2026-06-02 01:21:15] [INFO] 04b_gee - fitting geeglm (adjusted) on imputation 1/1 
[2026-06-02 01:21:15] [INFO] 04b_gee - finished adjusted imputation 1/1 in 0.2s 
[2026-06-02 01:21:15] [INFO] 04b_gee - pooling adjusted GEE contrasts across imputations 
[2026-06-02 01:21:15] [INFO] 08_sensitivity_analyses - running effectiveness variant 'complete_cases' 
[2026-06-02 01:21:15] [INFO] 04_models - using single completed dataset for variant 'complete_cases' 
[2026-06-02 01:21:15] [INFO] 04_models - reconstructing completed long data for each imputation 
[2026-06-02 01:21:15] [INFO] 04_models - fitting unadjusted and adjusted mixed-effects models 
[2026-06-02 01:21:15] [INFO] 04_models - fitting glmer (unadjusted) on imputation 1/1 
[2026-06-02 01:21:19] [INFO] 04_models - finished unadjusted imputation 1/1 in 4.1s 
[2026-06-02 01:21:19] [INFO] 04_models - fitting glmer (adjusted) on imputation 1/1 
[2026-06-02 01:21:39] [INFO] 04_models - finished adjusted imputation 1/1 in 19.3s 
[2026-06-02 01:21:39] [INFO] 04b_gee - using single completed dataset for variant 'complete_cases' 
[2026-06-02 01:21:39] [INFO] 04b_gee - building per-imputation long datasets 
[2026-06-02 01:21:39] [INFO] 04b_gee - fitting unadjusted and adjusted GEE models 
[2026-06-02 01:21:39] [INFO] 04b_gee - fitting geeglm (unadjusted) on imputation 1/1 
[2026-06-02 01:21:39] [INFO] 04b_gee - finished unadjusted imputation 1/1 in 0.2s 
[2026-06-02 01:21:39] [INFO] 04b_gee - pooling unadjusted GEE contrasts across imputations 
[2026-06-02 01:21:39] [INFO] 04b_gee - fitting geeglm (adjusted) on imputation 1/1 
[2026-06-02 01:21:39] [INFO] 04b_gee - finished adjusted imputation 1/1 in 0.2s 
[2026-06-02 01:21:39] [INFO] 04b_gee - pooling adjusted GEE contrasts across imputations 
[2026-06-02 01:21:39] [INFO] 08_sensitivity_analyses - running CEA sensitivity variants 
[2026-06-02 01:21:39] [INFO] 05_cost_effectiveness - bootstrap iteration 1/5000 
[2026-06-02 01:21:51] [INFO] 05_cost_effectiveness - bootstrap iteration 500/5000 
[2026-06-02 01:22:00] [INFO] 05_cost_effectiveness - bootstrap iteration 1000/5000 
[2026-06-02 01:22:09] [INFO] 05_cost_effectiveness - bootstrap iteration 1500/5000 
[2026-06-02 01:22:18] [INFO] 05_cost_effectiveness - bootstrap iteration 2000/5000 
[2026-06-02 01:22:28] [INFO] 05_cost_effectiveness - bootstrap iteration 2500/5000 
[2026-06-02 01:22:38] [INFO] 05_cost_effectiveness - bootstrap iteration 3000/5000 
[2026-06-02 01:22:50] [INFO] 05_cost_effectiveness - bootstrap iteration 3500/5000 
[2026-06-02 01:23:03] [INFO] 05_cost_effectiveness - bootstrap iteration 4000/5000 
[2026-06-02 01:23:13] [INFO] 05_cost_effectiveness - bootstrap iteration 4500/5000 
[2026-06-02 01:23:23] [INFO] 05_cost_effectiveness - bootstrap iteration 5000/5000 
[2026-06-02 01:23:24] [INFO] 05_cost_effectiveness - bootstrap iteration 1/5000 
[2026-06-02 01:23:32] [INFO] 05_cost_effectiveness - bootstrap iteration 500/5000 
[2026-06-02 01:23:41] [INFO] 05_cost_effectiveness - bootstrap iteration 1000/5000 
[2026-06-02 01:23:50] [INFO] 05_cost_effectiveness - bootstrap iteration 1500/5000 
[2026-06-02 01:24:01] [INFO] 05_cost_effectiveness - bootstrap iteration 2000/5000 
[2026-06-02 01:24:12] [INFO] 05_cost_effectiveness - bootstrap iteration 2500/5000 
[2026-06-02 01:24:24] [INFO] 05_cost_effectiveness - bootstrap iteration 3000/5000 
[2026-06-02 01:24:35] [INFO] 05_cost_effectiveness - bootstrap iteration 3500/5000 
[2026-06-02 01:24:46] [INFO] 05_cost_effectiveness - bootstrap iteration 4000/5000 
[2026-06-02 01:24:57] [INFO] 05_cost_effectiveness - bootstrap iteration 4500/5000 
[2026-06-02 01:25:07] [DONE] 02_imputation - saved full imputation branch and diagnostics (elapsed 463.6s) 
[2026-06-02 01:25:08] [START] 03_descriptives - generating baseline tables and missingness summaries 
[2026-06-02 01:25:08] [INFO] 03_descriptives - building baseline characteristics tables 
[2026-06-02 01:25:09] [INFO] 03_descriptives - summarising outcome missingness across timepoints 
[2026-06-02 01:25:09] [DONE] 03_descriptives - saved descriptive CSV exports (elapsed 1.5s) 
[2026-06-02 01:25:10] [INFO] 05_cost_effectiveness - bootstrap iteration 5000/5000 
[2026-06-02 01:25:10] [INFO] 05_cost_effectiveness - running basic_mice MI CEA branch from mids_imputation_basic.rds 
[2026-06-02 01:25:12] [INFO] 05_cost_effectiveness - running full_mice_cost_40 MI CEA branch from mids_imputation.rds 
[2026-06-02 01:25:12] [START] 04b_gee - fitting the protocol-style GEE effectiveness model 
[2026-06-02 01:25:12] [INFO] 04b_gee - reconstructing 20 imputed long datasets 
[2026-06-02 01:25:12] [INFO] 04b_gee - building per-imputation long datasets 
[2026-06-02 01:25:14] [INFO] 04b_gee - fitting unadjusted and adjusted GEE models 
[2026-06-02 01:25:14] [INFO] 04b_gee - fitting geeglm (unadjusted) on imputation 1/20 
[2026-06-02 01:25:14] [INFO] 05_cost_effectiveness - running full_mice_cost_60 MI CEA branch from mids_imputation.rds 
[2026-06-02 01:25:14] [INFO] 04b_gee - finished unadjusted imputation 1/20 in 0.2s 
[2026-06-02 01:25:14] [INFO] 04b_gee - fitting geeglm (unadjusted) on imputation 2/20 
[2026-06-02 01:25:14] [INFO] 04b_gee - finished unadjusted imputation 2/20 in 0.2s 
[2026-06-02 01:25:14] [INFO] 04b_gee - fitting geeglm (unadjusted) on imputation 3/20 
[2026-06-02 01:25:14] [INFO] 04b_gee - finished unadjusted imputation 3/20 in 0.2s 
[2026-06-02 01:25:14] [INFO] 04b_gee - fitting geeglm (unadjusted) on imputation 4/20 
[2026-06-02 01:25:14] [INFO] 04b_gee - finished unadjusted imputation 4/20 in 0.2s 
[2026-06-02 01:25:14] [INFO] 04b_gee - fitting geeglm (unadjusted) on imputation 5/20 
[2026-06-02 01:25:15] [INFO] 04b_gee - finished unadjusted imputation 5/20 in 0.2s 
[2026-06-02 01:25:15] [INFO] 04b_gee - fitting geeglm (unadjusted) on imputation 6/20 
[2026-06-02 01:25:15] [INFO] 04b_gee - finished unadjusted imputation 6/20 in 0.3s 
[2026-06-02 01:25:15] [INFO] 04b_gee - fitting geeglm (unadjusted) on imputation 7/20 
[2026-06-02 01:25:15] [INFO] 04b_gee - finished unadjusted imputation 7/20 in 0.2s 
[2026-06-02 01:25:15] [INFO] 04b_gee - fitting geeglm (unadjusted) on imputation 8/20 
[2026-06-02 01:25:15] [INFO] 04b_gee - finished unadjusted imputation 8/20 in 0.2s 
[2026-06-02 01:25:15] [INFO] 04b_gee - fitting geeglm (unadjusted) on imputation 9/20 
[2026-06-02 01:25:15] [INFO] 05_cost_effectiveness - running full_mice_cost_80 MI CEA branch from mids_imputation.rds 
[2026-06-02 01:25:15] [INFO] 04b_gee - finished unadjusted imputation 9/20 in 0.2s 
[2026-06-02 01:25:15] [INFO] 04b_gee - fitting geeglm (unadjusted) on imputation 10/20 
[2026-06-02 01:25:16] [INFO] 04b_gee - finished unadjusted imputation 10/20 in 0.2s 
[2026-06-02 01:25:16] [INFO] 04b_gee - fitting geeglm (unadjusted) on imputation 11/20 
[2026-06-02 01:25:16] [INFO] 04b_gee - finished unadjusted imputation 11/20 in 0.2s 
[2026-06-02 01:25:16] [INFO] 04b_gee - fitting geeglm (unadjusted) on imputation 12/20 
[2026-06-02 01:25:16] [INFO] 04b_gee - finished unadjusted imputation 12/20 in 0.2s 
[2026-06-02 01:25:16] [INFO] 04b_gee - fitting geeglm (unadjusted) on imputation 13/20 
[2026-06-02 01:25:16] [INFO] 04b_gee - finished unadjusted imputation 13/20 in 0.2s 
[2026-06-02 01:25:16] [INFO] 04b_gee - fitting geeglm (unadjusted) on imputation 14/20 
[2026-06-02 01:25:16] [INFO] 04b_gee - finished unadjusted imputation 14/20 in 0.2s 
[2026-06-02 01:25:16] [INFO] 04b_gee - fitting geeglm (unadjusted) on imputation 15/20 
[2026-06-02 01:25:17] [INFO] 04b_gee - finished unadjusted imputation 15/20 in 0.3s 
[2026-06-02 01:25:17] [INFO] 04b_gee - fitting geeglm (unadjusted) on imputation 16/20 
[2026-06-02 01:25:17] [INFO] 04b_gee - finished unadjusted imputation 16/20 in 0.2s 
[2026-06-02 01:25:17] [INFO] 04b_gee - fitting geeglm (unadjusted) on imputation 17/20 
[2026-06-02 01:25:17] [INFO] 05_cost_effectiveness - running full_mice_cost_100 MI CEA branch from mids_imputation.rds 
[2026-06-02 01:25:17] [INFO] 04b_gee - finished unadjusted imputation 17/20 in 0.2s 
[2026-06-02 01:25:17] [INFO] 04b_gee - fitting geeglm (unadjusted) on imputation 18/20 
[2026-06-02 01:25:17] [INFO] 04b_gee - finished unadjusted imputation 18/20 in 0.2s 
[2026-06-02 01:25:17] [INFO] 04b_gee - fitting geeglm (unadjusted) on imputation 19/20 
[2026-06-02 01:25:17] [INFO] 04b_gee - finished unadjusted imputation 19/20 in 0.2s 
[2026-06-02 01:25:17] [INFO] 04b_gee - fitting geeglm (unadjusted) on imputation 20/20 
[2026-06-02 01:25:18] [INFO] 04b_gee - finished unadjusted imputation 20/20 in 0.2s 
[2026-06-02 01:25:18] [INFO] 04b_gee - pooling unadjusted GEE contrasts across imputations 
[2026-06-02 01:25:18] [INFO] 04b_gee - fitting geeglm (adjusted) on imputation 1/20 
[2026-06-02 01:25:18] [INFO] 04b_gee - finished adjusted imputation 1/20 in 0.3s 
[2026-06-02 01:25:18] [INFO] 04b_gee - fitting geeglm (adjusted) on imputation 2/20 
[2026-06-02 01:25:18] [INFO] 04b_gee - finished adjusted imputation 2/20 in 0.3s 
[2026-06-02 01:25:18] [INFO] 04b_gee - fitting geeglm (adjusted) on imputation 3/20 
[2026-06-02 01:25:19] [INFO] 04b_gee - finished adjusted imputation 3/20 in 0.2s 
[2026-06-02 01:25:19] [INFO] 04b_gee - fitting geeglm (adjusted) on imputation 4/20 
[2026-06-02 01:25:19] [INFO] 05_cost_effectiveness - running full_mice_cost_120 MI CEA branch from mids_imputation.rds 
[2026-06-02 01:25:19] [INFO] 04b_gee - finished adjusted imputation 4/20 in 0.2s 
[2026-06-02 01:25:19] [INFO] 04b_gee - fitting geeglm (adjusted) on imputation 5/20 
[2026-06-02 01:25:19] [INFO] 04b_gee - finished adjusted imputation 5/20 in 0.3s 
[2026-06-02 01:25:19] [INFO] 04b_gee - fitting geeglm (adjusted) on imputation 6/20 
[2026-06-02 01:25:19] [INFO] 04b_gee - finished adjusted imputation 6/20 in 0.2s 
[2026-06-02 01:25:19] [INFO] 04b_gee - fitting geeglm (adjusted) on imputation 7/20 
[2026-06-02 01:25:20] [INFO] 04b_gee - finished adjusted imputation 7/20 in 0.2s 
[2026-06-02 01:25:20] [INFO] 04b_gee - fitting geeglm (adjusted) on imputation 8/20 
[2026-06-02 01:25:20] [INFO] 04b_gee - finished adjusted imputation 8/20 in 0.2s 
[2026-06-02 01:25:20] [INFO] 04b_gee - fitting geeglm (adjusted) on imputation 9/20 
[2026-06-02 01:25:20] [INFO] 04b_gee - finished adjusted imputation 9/20 in 0.2s 
[2026-06-02 01:25:20] [INFO] 04b_gee - fitting geeglm (adjusted) on imputation 10/20 
[2026-06-02 01:25:20] [INFO] 05_cost_effectiveness - running full_mice_cost_140 MI CEA branch from mids_imputation.rds 
[2026-06-02 01:25:20] [INFO] 04b_gee - finished adjusted imputation 10/20 in 0.2s 
[2026-06-02 01:25:20] [INFO] 04b_gee - fitting geeglm (adjusted) on imputation 11/20 
[2026-06-02 01:25:21] [INFO] 04b_gee - finished adjusted imputation 11/20 in 0.2s 
[2026-06-02 01:25:21] [INFO] 04b_gee - fitting geeglm (adjusted) on imputation 12/20 
[2026-06-02 01:25:21] [INFO] 04b_gee - finished adjusted imputation 12/20 in 0.4s 
[2026-06-02 01:25:21] [INFO] 04b_gee - fitting geeglm (adjusted) on imputation 13/20 
[2026-06-02 01:25:21] [INFO] 04b_gee - finished adjusted imputation 13/20 in 0.2s 
[2026-06-02 01:25:21] [INFO] 04b_gee - fitting geeglm (adjusted) on imputation 14/20 
[2026-06-02 01:25:21] [INFO] 04b_gee - finished adjusted imputation 14/20 in 0.2s 
[2026-06-02 01:25:21] [INFO] 04b_gee - fitting geeglm (adjusted) on imputation 15/20 
[2026-06-02 01:25:22] [INFO] 04b_gee - finished adjusted imputation 15/20 in 0.2s 
[2026-06-02 01:25:22] [INFO] 04b_gee - fitting geeglm (adjusted) on imputation 16/20 
[2026-06-02 01:25:22] [INFO] 05_cost_effectiveness - running full_mice_cost_160 MI CEA branch from mids_imputation.rds 
[2026-06-02 01:25:22] [INFO] 04b_gee - finished adjusted imputation 16/20 in 0.2s 
[2026-06-02 01:25:22] [INFO] 04b_gee - fitting geeglm (adjusted) on imputation 17/20 
[2026-06-02 01:25:22] [INFO] 04b_gee - finished adjusted imputation 17/20 in 0.2s 
[2026-06-02 01:25:22] [INFO] 04b_gee - fitting geeglm (adjusted) on imputation 18/20 
[2026-06-02 01:25:22] [INFO] 04b_gee - finished adjusted imputation 18/20 in 0.2s 
[2026-06-02 01:25:22] [INFO] 04b_gee - fitting geeglm (adjusted) on imputation 19/20 
[2026-06-02 01:25:23] [INFO] 04b_gee - finished adjusted imputation 19/20 in 0.2s 
[2026-06-02 01:25:23] [INFO] 04b_gee - fitting geeglm (adjusted) on imputation 20/20 
[2026-06-02 01:25:23] [INFO] 04b_gee - finished adjusted imputation 20/20 in 0.2s 
[2026-06-02 01:25:23] [INFO] 04b_gee - pooling adjusted GEE contrasts across imputations 
[2026-06-02 01:25:23] [INFO] 05_cost_effectiveness - running full_mice_cost_180 MI CEA branch from mids_imputation.rds 
[2026-06-02 01:25:25] [INFO] 05_cost_effectiveness - running full_mice_cost_200 MI CEA branch from mids_imputation.rds 
[2026-06-02 01:25:26] [INFO] 08_sensitivity_analyses - sensitivity analyses complete 
[2026-06-02 01:25:26] [DONE] 08_sensitivity_analyses - saved secondary analysis tables (elapsed 843.2s) 
[2026-06-02 01:25:35] [DONE] 04b_gee - saved GEE model summaries (elapsed 22.2s) 
[2026-06-02 01:25:35] [START] 05_cost_effectiveness - running the main wide-imputed CEA branch 
[2026-06-02 01:25:35] [INFO] 05_cost_effectiveness - running mi_main MI CEA branch from mids_imputation.rds 
[2026-06-02 01:28:35] [START] 02_imputation - building the main wide imputation frame 
[2026-06-02 01:28:35] [INFO] 02_imputation - building the wide frame used by the main MICE branch 
[2026-06-02 01:28:35] [INFO] 02_imputation - running the full chained MICE with all available predictors 
[2026-06-02 01:35:22] [DONE] 02_imputation - saved full imputation branch and diagnostics (elapsed 406.8s) 
[2026-06-02 01:39:51] [START] 05_cost_effectiveness - running the main wide-imputed CEA branch 
[2026-06-02 01:39:51] [INFO] 05_cost_effectiveness - running mi_main MI bootstrap branch from mids_imputation.rds 
[2026-06-02 01:40:05] [START] 05_cost_effectiveness - running the main wide-imputed CEA branch 
[2026-06-02 01:40:05] [INFO] 05_cost_effectiveness - running mi_main MI bootstrap branch from mids_imputation.rds 
[2026-06-02 01:40:07] [INFO] 05_cost_effectiveness - bootstrap iteration 1/5000 
[2026-06-02 01:45:05] [INFO] 05_cost_effectiveness - bootstrap iteration 500/5000 
[2026-06-02 01:50:06] [INFO] 05_cost_effectiveness - bootstrap iteration 1000/5000 
[2026-06-02 01:55:02] [INFO] 05_cost_effectiveness - bootstrap iteration 1500/5000 
[2026-06-02 02:00:00] [INFO] 05_cost_effectiveness - bootstrap iteration 2000/5000 
[2026-06-02 02:04:55] [INFO] 05_cost_effectiveness - bootstrap iteration 2500/5000 
[2026-06-02 02:09:53] [INFO] 05_cost_effectiveness - bootstrap iteration 3000/5000 
[2026-06-02 02:14:47] [INFO] 05_cost_effectiveness - bootstrap iteration 3500/5000 
[2026-06-02 02:19:45] [INFO] 05_cost_effectiveness - bootstrap iteration 4000/5000 
[2026-06-02 02:24:41] [INFO] 05_cost_effectiveness - bootstrap iteration 4500/5000 
[2026-06-02 02:29:40] [INFO] 05_cost_effectiveness - bootstrap iteration 5000/5000 
[2026-06-02 02:29:41] [INFO] 05_cost_effectiveness - main MI CEA cohort built: 835 patients, 5000 bootstrap estimates 
[2026-06-02 02:29:42] [DONE] 05_cost_effectiveness - saved main wide-imputed CEA outputs (elapsed 2977.1s) 
[2026-06-02 02:29:57] [START] 06_outputs - writing legacy-style CSV exports and manuscript summaries [2026-06-02 02:29:57] [START] 07_manuscript_report - assembling a readable manuscript results brief 
[2026-06-02 02:30:00] [INFO] 06_outputs - loaded effectiveness and CEA model artefacts 
[2026-06-02 02:30:00] [INFO] 06_outputs - assembling manuscript-ready comparison tables 
[2026-06-02 02:30:01] [DONE] 06_outputs - saved manuscript outputs (elapsed 4.5s) 
[2026-06-02 02:30:25] [START] 07_manuscript_report - assembling a readable manuscript results brief 
[2026-06-02 02:30:28] [DONE] 07_manuscript_report - saved manuscript brief outputs (elapsed 2.5s) 
[2026-06-02 02:32:58] [START] 05_cost_effectiveness - running the main wide-imputed CEA branch 
[2026-06-02 02:32:58] [INFO] 05_cost_effectiveness - running mi_main MI bootstrap branch from mids_imputation.rds 
[2026-06-02 02:33:01] [INFO] 05_cost_effectiveness - bootstrap iteration 1/5000 
[2026-06-02 02:38:02] [INFO] 05_cost_effectiveness - bootstrap iteration 500/5000 
[2026-06-02 02:43:00] [INFO] 05_cost_effectiveness - bootstrap iteration 1000/5000 
[2026-06-02 02:48:01] [INFO] 05_cost_effectiveness - bootstrap iteration 1500/5000 
[2026-06-02 02:52:58] [INFO] 05_cost_effectiveness - bootstrap iteration 2000/5000 
[2026-06-02 02:57:58] [INFO] 05_cost_effectiveness - bootstrap iteration 2500/5000 
[2026-06-02 03:02:53] [INFO] 05_cost_effectiveness - bootstrap iteration 3000/5000 
[2026-06-02 03:07:48] [INFO] 05_cost_effectiveness - bootstrap iteration 3500/5000 
[2026-06-02 03:12:44] [INFO] 05_cost_effectiveness - bootstrap iteration 4000/5000 
[2026-06-02 03:17:43] [INFO] 05_cost_effectiveness - bootstrap iteration 4500/5000 
[2026-06-02 03:22:38] [INFO] 05_cost_effectiveness - bootstrap iteration 5000/5000 
[2026-06-02 03:22:38] [INFO] 05_cost_effectiveness - main MI CEA cohort built: 835 patients, 5000 bootstrap estimates 
[2026-06-02 03:22:38] [DONE] 05_cost_effectiveness - saved main wide-imputed CEA outputs (elapsed 2980.2s) 
[2026-06-02 03:22:49] [START] 06_outputs - writing legacy-style CSV exports and manuscript summarie 
[2026-06-02 03:22:52] [DONE] 07_manuscript_report - saved manuscript brief outputs (elapsed 3.0s) 
[2026-06-02 03:22:53] [INFO] 06_outputs - loaded effectiveness and CEA model artefacts 
[2026-06-02 03:22:53] [INFO] 06_outputs - assembling manuscript-ready comparison tables 
[2026-06-02 03:22:54] [DONE] 06_outputs - saved manuscript outputs (elapsed 4.7s) 
[2026-06-02 03:23:44] [INFO] 05_cost_effectiveness - running uk_eq5d_tariff MI CEA branch from mids_imputation.rds 
[2026-06-02 03:23:59] [INFO] 05_cost_effectiveness - running uk_eq5d_tariff MI CEA branch from mids_imputation.rds 
[2026-06-02 03:24:11] [INFO] 05_cost_effectiveness - running uk_eq5d_tariff MI CEA branch from mids_imputation.rds 
[2026-06-02 03:24:21] [INFO] 05_cost_effectiveness - running uk_eq5d_tariff MI CEA branch from mids_imputation.rds 
[2026-06-02 03:24:30] [INFO] 05_cost_effectiveness - running uk_eq5d_tariff MI CEA branch from mids_imputation.rds 
[2026-06-02 03:28:25] [START] 03_descriptives - generating baseline tables and missingness summaries 
[2026-06-02 03:28:25] [INFO] 03_descriptives - building baseline characteristics tables 
[2026-06-02 03:28:26] [INFO] 03_descriptives - summarising outcome missingness across timepoints 
[2026-06-02 03:28:26] [DONE] 03_descriptives - saved descriptive CSV exports (elapsed 1.5s) 
[2026-06-02 03:28:52] [START] 03_descriptives - generating baseline tables and missingness summaries 
[2026-06-02 03:28:52] [INFO] 03_descriptives - building baseline characteristics tables 
[2026-06-02 03:28:53] [INFO] 03_descriptives - summarising outcome missingness across timepoints 
[2026-06-02 03:28:53] [DONE] 03_descriptives - saved descriptive CSV exports (elapsed 1.4s) 
[2026-06-02 03:29:55] [START] 03_descriptives - generating baseline tables and missingness summaries 
[2026-06-02 03:29:55] [INFO] 03_descriptives - building baseline characteristics tables 
[2026-06-02 03:29:56] [INFO] 03_descriptives - summarising outcome missingness across timepoints 
[2026-06-02 03:29:56] [DONE] 03_descriptives - saved descriptive CSV exports (elapsed 1.4s) 
[2026-06-02 15:01:14] [INFO] 05_cost_effectiveness - running mi_main_test MI bootstrap branch from mids_imputation.rds 
[2026-06-02 15:01:19] [INFO] 05_cost_effectiveness - bootstrap iteration 1/5 
[2026-06-02 15:01:23] [INFO] 05_cost_effectiveness - bootstrap iteration 5/5 
[2026-06-02 15:01:42] [INFO] 05_cost_effectiveness - bootstrap iteration 1/5 
[2026-06-02 15:01:46] [INFO] 05_cost_effectiveness - bootstrap iteration 5/5 
[2026-06-02 15:02:14] [INFO] 05_cost_effectiveness - bootstrap iteration 1/5 
[2026-06-02 15:02:17] [INFO] 05_cost_effectiveness - bootstrap iteration 5/5 
[2026-06-02 15:02:30] [INFO] 05_cost_effectiveness - running mi_main_test MI bootstrap branch from mids_imputation.rds 
[2026-06-02 15:02:33] [INFO] 05_cost_effectiveness - bootstrap iteration 1/5 
[2026-06-02 15:02:37] [INFO] 05_cost_effectiveness - bootstrap iteration 5/5 
[2026-06-02 15:04:33] [INFO] 05_cost_effectiveness - running mi_main_test MI bootstrap branch from mids_imputation.rds 
[2026-06-02 15:04:36] [INFO] 05_cost_effectiveness - bootstrap iteration 1/5 
[2026-06-02 15:04:39] [INFO] 05_cost_effectiveness - bootstrap iteration 5/5 
[2026-06-02 15:08:36] [INFO] 05_cost_effectiveness - running mi_main_test MI bootstrap branch from mids_imputation.rds 
[2026-06-02 15:08:38] [INFO] 05_cost_effectiveness - bootstrap iteration 1/5 
[2026-06-02 15:08:41] [INFO] 05_cost_effectiveness - bootstrap iteration 5/5 
[2026-06-02 15:08:50] [INFO] 05_cost_effectiveness - running mi_main_test MI bootstrap branch from mids_imputation.rds 
[2026-06-02 15:08:53] [INFO] 05_cost_effectiveness - bootstrap iteration 1/5 
[2026-06-02 15:09:00] [INFO] 05_cost_effectiveness - bootstrap iteration 5/5 
[2026-06-02 15:40:43] [INFO] 05_cost_effectiveness - bootstrap iteration 1/3 
[2026-06-02 15:40:43] [INFO] 05_cost_effectiveness - bootstrap iteration 3/3 
[2026-06-02 15:40:44] [INFO] 05_cost_effectiveness - bootstrap iteration 1/3 
[2026-06-02 15:40:44] [INFO] 05_cost_effectiveness - bootstrap iteration 3/3 
[2026-06-02 15:40:44] [INFO] 05_cost_effectiveness - running mi_test MI bootstrap branch from mids_imputation.rds 
[2026-06-02 15:40:46] [INFO] 05_cost_effectiveness - bootstrap iteration 1/3 
[2026-06-02 15:40:49] [INFO] 05_cost_effectiveness - bootstrap iteration 3/3 
[2026-06-02 15:41:09] [INFO] 05_cost_effectiveness - bootstrap iteration 1/3 
[2026-06-02 15:41:09] [INFO] 05_cost_effectiveness - bootstrap iteration 3/3 
[2026-06-02 15:41:09] [INFO] 05_cost_effectiveness - bootstrap iteration 1/3 
[2026-06-02 15:41:09] [INFO] 05_cost_effectiveness - bootstrap iteration 3/3 
[2026-06-02 15:41:09] [INFO] 05_cost_effectiveness - running mi_test MI bootstrap branch from mids_imputation.rds 
[2026-06-02 15:41:10] [INFO] 05_cost_effectiveness - bootstrap iteration 1/3 
[2026-06-02 15:41:12] [INFO] 05_cost_effectiveness - bootstrap iteration 3/3 
[2026-06-02 15:41:28] [INFO] 04b_gee - using single completed dataset for variant 'simple' 
[2026-06-02 15:41:28] [INFO] 04b_gee - building per-imputation long datasets 
[2026-06-02 15:41:28] [INFO] 04b_gee - fitting unadjusted and adjusted GEE models 
[2026-06-02 15:41:28] [INFO] 04b_gee - fitting geeglm (unadjusted) on imputation 1/1 
[2026-06-02 15:41:28] [INFO] 04b_gee - finished unadjusted imputation 1/1 in 0.1s 
[2026-06-02 15:41:28] [INFO] 04b_gee - pooling unadjusted GEE contrasts across imputations 
[2026-06-02 15:41:28] [INFO] 04b_gee - fitting geeglm (adjusted) on imputation 1/1 
[2026-06-02 15:41:29] [INFO] 04b_gee - finished adjusted imputation 1/1 in 0.1s 
[2026-06-02 15:41:29] [INFO] 04b_gee - pooling adjusted GEE contrasts across imputations 
[2026-06-02 15:41:43] [INFO] 04_models - using single completed dataset for variant 'simple' 
[2026-06-02 15:41:43] [INFO] 04_models - reconstructing completed long data for each imputation 
[2026-06-02 15:41:43] [INFO] 04_models - fitting unadjusted and adjusted mixed-effects models 
[2026-06-02 15:41:43] [INFO] 04_models - fitting glmer (unadjusted) on imputation 1/1 
[2026-06-02 15:42:03] [INFO] 04_models - finished unadjusted imputation 1/1 in 19.9s 
[2026-06-02 15:42:03] [INFO] 04_models - fitting glmer (adjusted) on imputation 1/1 
[2026-06-02 15:42:25] [INFO] 04_models - finished adjusted imputation 1/1 in 21.8s 
[2026-06-02 15:52:25] [START] 01_cleaning - reading raw questionnaire and cost files 
[2026-06-02 15:52:25] [INFO] 01_cleaning - loading baseline and follow-up questionnaires 
[2026-06-02 15:52:26] [DONE] 01_cleaning - saved analysis-ready datasets (elapsed 1.3s) 
[2026-06-02 15:52:28] [START] 02_imputation - building the main wide imputation frame 
[2026-06-02 15:52:28] [INFO] 02_imputation - building the wide frame used by the main MICE branch 
[2026-06-02 15:52:28] [INFO] 02_imputation - running the full chained MICE with all available predictors 
[2026-06-02 16:00:46] [DONE] 02_imputation - saved full imputation branch and diagnostics (elapsed 498.5s) 
[2026-06-02 16:00:47] [START] 03_descriptives - generating baseline tables and missingness summaries 
[2026-06-02 16:00:47] [INFO] 03_descriptives - building baseline characteristics tables 
[2026-06-02 16:00:48] [INFO] 03_descriptives - summarising outcome missingness across timepoints 
[2026-06-02 16:00:49] [DONE] 03_descriptives - saved descriptive CSV exports (elapsed 1.6s) 
[2026-06-02 16:00:51] [START] 04b_gee - fitting the protocol-style GEE effectiveness model 
[2026-06-02 16:00:51] [INFO] 04b_gee - reconstructing 20 imputed long datasets 
[2026-06-02 16:00:51] [INFO] 04b_gee - building per-imputation long datasets 
[2026-06-02 16:00:52] [INFO] 04b_gee - fitting unadjusted and adjusted GEE models 
[2026-06-02 16:00:52] [INFO] 04b_gee - fitting geeglm (unadjusted) on imputation 1/20 
[2026-06-02 16:00:52] [INFO] 04b_gee - finished unadjusted imputation 1/20 in 0.3s 
[2026-06-02 16:00:52] [INFO] 04b_gee - fitting geeglm (unadjusted) on imputation 2/20 
[2026-06-02 16:00:52] [INFO] 04b_gee - finished unadjusted imputation 2/20 in 0.2s 
[2026-06-02 16:00:52] [INFO] 04b_gee - fitting geeglm (unadjusted) on imputation 3/20 
[2026-06-02 16:00:53] [INFO] 04b_gee - finished unadjusted imputation 3/20 in 0.2s 
[2026-06-02 16:00:53] [INFO] 04b_gee - fitting geeglm (unadjusted) on imputation 4/20 
[2026-06-02 16:00:53] [INFO] 04b_gee - finished unadjusted imputation 4/20 in 0.2s 
[2026-06-02 16:00:53] [INFO] 04b_gee - fitting geeglm (unadjusted) on imputation 5/20 
[2026-06-02 16:00:53] [INFO] 04b_gee - finished unadjusted imputation 5/20 in 0.2s 
[2026-06-02 16:00:53] [INFO] 04b_gee - fitting geeglm (unadjusted) on imputation 6/20 
[2026-06-02 16:00:53] [INFO] 04b_gee - finished unadjusted imputation 6/20 in 0.2s 
[2026-06-02 16:00:53] [INFO] 04b_gee - fitting geeglm (unadjusted) on imputation 7/20 
[2026-06-02 16:00:53] [INFO] 04b_gee - finished unadjusted imputation 7/20 in 0.2s 
[2026-06-02 16:00:53] [INFO] 04b_gee - fitting geeglm (unadjusted) on imputation 8/20 
[2026-06-02 16:00:54] [INFO] 04b_gee - finished unadjusted imputation 8/20 in 0.2s 
[2026-06-02 16:00:54] [INFO] 04b_gee - fitting geeglm (unadjusted) on imputation 9/20 
[2026-06-02 16:00:54] [INFO] 04b_gee - finished unadjusted imputation 9/20 in 0.2s 
[2026-06-02 16:00:54] [INFO] 04b_gee - fitting geeglm (unadjusted) on imputation 10/20 
[2026-06-02 16:00:54] [INFO] 04b_gee - finished unadjusted imputation 10/20 in 0.3s 
[2026-06-02 16:00:54] [INFO] 04b_gee - fitting geeglm (unadjusted) on imputation 11/20 
[2026-06-02 16:00:54] [INFO] 04b_gee - finished unadjusted imputation 11/20 in 0.2s 
[2026-06-02 16:00:54] [INFO] 04b_gee - fitting geeglm (unadjusted) on imputation 12/20 
[2026-06-02 16:00:54] [INFO] 04b_gee - finished unadjusted imputation 12/20 in 0.2s 
[2026-06-02 16:00:54] [INFO] 04b_gee - fitting geeglm (unadjusted) on imputation 13/20 
[2026-06-02 16:00:55] [INFO] 04b_gee - finished unadjusted imputation 13/20 in 0.2s 
[2026-06-02 16:00:55] [INFO] 04b_gee - fitting geeglm (unadjusted) on imputation 14/20 
[2026-06-02 16:00:55] [INFO] 04b_gee - finished unadjusted imputation 14/20 in 0.2s 
[2026-06-02 16:00:55] [INFO] 04b_gee - fitting geeglm (unadjusted) on imputation 15/20 
[2026-06-02 16:00:55] [INFO] 04b_gee - finished unadjusted imputation 15/20 in 0.2s 
[2026-06-02 16:00:55] [INFO] 04b_gee - fitting geeglm (unadjusted) on imputation 16/20 
[2026-06-02 16:00:55] [INFO] 04b_gee - finished unadjusted imputation 16/20 in 0.2s 
[2026-06-02 16:00:55] [INFO] 04b_gee - fitting geeglm (unadjusted) on imputation 17/20 
[2026-06-02 16:00:56] [INFO] 04b_gee - finished unadjusted imputation 17/20 in 0.2s 
[2026-06-02 16:00:56] [INFO] 04b_gee - fitting geeglm (unadjusted) on imputation 18/20 
[2026-06-02 16:00:56] [INFO] 04b_gee - finished unadjusted imputation 18/20 in 0.2s 
[2026-06-02 16:00:56] [INFO] 04b_gee - fitting geeglm (unadjusted) on imputation 19/20 
[2026-06-02 16:00:56] [INFO] 04b_gee - finished unadjusted imputation 19/20 in 0.3s 
[2026-06-02 16:00:56] [INFO] 04b_gee - fitting geeglm (unadjusted) on imputation 20/20 
[2026-06-02 16:00:56] [INFO] 04b_gee - finished unadjusted imputation 20/20 in 0.2s 
[2026-06-02 16:00:56] [INFO] 04b_gee - pooling unadjusted GEE contrasts across imputations 
[2026-06-02 16:00:56] [INFO] 04b_gee - fitting geeglm (adjusted) on imputation 1/20 
[2026-06-02 16:00:57] [INFO] 04b_gee - finished adjusted imputation 1/20 in 0.2s 
[2026-06-02 16:00:57] [INFO] 04b_gee - fitting geeglm (adjusted) on imputation 2/20 
[2026-06-02 16:00:57] [INFO] 04b_gee - finished adjusted imputation 2/20 in 0.3s 
[2026-06-02 16:00:57] [INFO] 04b_gee - fitting geeglm (adjusted) on imputation 3/20 
[2026-06-02 16:00:57] [INFO] 04b_gee - finished adjusted imputation 3/20 in 0.2s 
[2026-06-02 16:00:57] [INFO] 04b_gee - fitting geeglm (adjusted) on imputation 4/20 
[2026-06-02 16:00:58] [INFO] 04b_gee - finished adjusted imputation 4/20 in 0.3s 
[2026-06-02 16:00:58] [INFO] 04b_gee - fitting geeglm (adjusted) on imputation 5/20 
[2026-06-02 16:00:58] [INFO] 04b_gee - finished adjusted imputation 5/20 in 0.3s 
[2026-06-02 16:00:58] [INFO] 04b_gee - fitting geeglm (adjusted) on imputation 6/20 
[2026-06-02 16:00:58] [INFO] 04b_gee - finished adjusted imputation 6/20 in 0.3s 
[2026-06-02 16:00:58] [INFO] 04b_gee - fitting geeglm (adjusted) on imputation 7/20 
[2026-06-02 16:00:58] [INFO] 04b_gee - finished adjusted imputation 7/20 in 0.2s 
[2026-06-02 16:00:58] [INFO] 04b_gee - fitting geeglm (adjusted) on imputation 8/20 
[2026-06-02 16:00:59] [INFO] 04b_gee - finished adjusted imputation 8/20 in 0.3s 
[2026-06-02 16:00:59] [INFO] 04b_gee - fitting geeglm (adjusted) on imputation 9/20 
[2026-06-02 16:00:59] [INFO] 04b_gee - finished adjusted imputation 9/20 in 0.4s 
[2026-06-02 16:00:59] [INFO] 04b_gee - fitting geeglm (adjusted) on imputation 10/20 
[2026-06-02 16:00:59] [INFO] 04b_gee - finished adjusted imputation 10/20 in 0.3s 
[2026-06-02 16:00:59] [INFO] 04b_gee - fitting geeglm (adjusted) on imputation 11/20 
[2026-06-02 16:01:00] [INFO] 04b_gee - finished adjusted imputation 11/20 in 0.2s 
[2026-06-02 16:01:00] [INFO] 04b_gee - fitting geeglm (adjusted) on imputation 12/20 
[2026-06-02 16:01:00] [INFO] 04b_gee - finished adjusted imputation 12/20 in 0.3s 
[2026-06-02 16:01:00] [INFO] 04b_gee - fitting geeglm (adjusted) on imputation 13/20 
[2026-06-02 16:01:00] [INFO] 04b_gee - finished adjusted imputation 13/20 in 0.2s 
[2026-06-02 16:01:00] [INFO] 04b_gee - fitting geeglm (adjusted) on imputation 14/20 
[2026-06-02 16:01:00] [INFO] 04b_gee - finished adjusted imputation 14/20 in 0.3s 
[2026-06-02 16:01:00] [INFO] 04b_gee - fitting geeglm (adjusted) on imputation 15/20 
[2026-06-02 16:01:01] [INFO] 04b_gee - finished adjusted imputation 15/20 in 0.2s 
[2026-06-02 16:01:01] [INFO] 04b_gee - fitting geeglm (adjusted) on imputation 16/20 
[2026-06-02 16:01:01] [INFO] 04b_gee - finished adjusted imputation 16/20 in 0.2s 
[2026-06-02 16:01:01] [INFO] 04b_gee - fitting geeglm (adjusted) on imputation 17/20 
[2026-06-02 16:01:01] [INFO] 04b_gee - finished adjusted imputation 17/20 in 0.2s 
[2026-06-02 16:01:01] [INFO] 04b_gee - fitting geeglm (adjusted) on imputation 18/20 
[2026-06-02 16:01:01] [INFO] 04b_gee - finished adjusted imputation 18/20 in 0.2s 
[2026-06-02 16:01:01] [INFO] 04b_gee - fitting geeglm (adjusted) on imputation 19/20 
[2026-06-02 16:01:02] [INFO] 04b_gee - finished adjusted imputation 19/20 in 0.2s 
[2026-06-02 16:01:02] [INFO] 04b_gee - fitting geeglm (adjusted) on imputation 20/20 
[2026-06-02 16:01:02] [INFO] 04b_gee - finished adjusted imputation 20/20 in 0.2s 
[2026-06-02 16:01:02] [INFO] 04b_gee - pooling adjusted GEE contrasts across imputations 
[2026-06-02 16:01:18] [DONE] 04b_gee - saved GEE model summaries (elapsed 27.1s) 
[2026-06-02 16:01:18] [START] 05_cost_effectiveness - running the main wide-imputed CEA branch 
[2026-06-02 16:01:18] [INFO] 05_cost_effectiveness - running mi_main MI bootstrap branch from mids_imputation.rds 
[2026-06-02 16:01:20] [INFO] 05_cost_effectiveness - bootstrap iteration 1/5000 
[2026-06-02 16:07:30] [INFO] 05_cost_effectiveness - bootstrap iteration 500/5000 
[2026-06-02 16:11:18] [INFO] 05_cost_effectiveness - running smoke_nested_mi MI bootstrap branch from mids_imputation.rds 
[2026-06-02 16:11:20] [INFO] 05_cost_effectiveness - bootstrap iteration 1/3 
[2026-06-02 16:11:21] [INFO] 05_cost_effectiveness - bootstrap iteration 3/3 
[2026-06-02 16:14:08] [START] 05_cost_effectiveness - running the main wide-imputed CEA branch 
[2026-06-02 16:14:08] [INFO] 05_cost_effectiveness - running mi_main MI bootstrap branch from mids_imputation.rds 
[2026-06-02 16:14:10] [INFO] 05_cost_effectiveness - bootstrap iteration 1/5000 
[2026-06-02 16:15:55] [INFO] 05_cost_effectiveness - bootstrap iteration 500/5000 
[2026-06-02 16:17:34] [INFO] 05_cost_effectiveness - bootstrap iteration 1000/5000 
[2026-06-02 16:19:47] [INFO] 05_cost_effectiveness - bootstrap iteration 1500/5000 
[2026-06-02 16:22:08] [INFO] 05_cost_effectiveness - bootstrap iteration 2000/5000 
[2026-06-02 16:24:38] [INFO] 05_cost_effectiveness - bootstrap iteration 2500/5000 
[2026-06-02 16:24:42] [INFO] 05_cost_effectiveness - running contract_split_smoke MI bootstrap branch from mids_imputation.rds 
[2026-06-02 16:24:47] [INFO] 05_cost_effectiveness - bootstrap iteration 1/2 
[2026-06-02 16:24:47] [INFO] 05_cost_effectiveness - bootstrap iteration 2/2 
[2026-06-02 16:26:57] [START] 01_cleaning - reading raw questionnaire and cost files 
[2026-06-02 16:26:57] [INFO] 01_cleaning - loading baseline and follow-up questionnaires 
[2026-06-02 16:26:59] [DONE] 01_cleaning - saved analysis-ready datasets (elapsed 2.0s) 
[2026-06-02 16:27:13] [INFO] 05_cost_effectiveness - bootstrap iteration 3000/5000 
[2026-06-02 16:29:11] [INFO] 05_cost_effectiveness - running post_contract_smoke MI bootstrap branch from mids_imputation.rds 
[2026-06-02 16:29:14] [INFO] 05_cost_effectiveness - bootstrap iteration 1/2 
[2026-06-02 16:29:15] [INFO] 05_cost_effectiveness - bootstrap iteration 2/2 
[2026-06-02 16:29:20] [INFO] 05_cost_effectiveness - bootstrap iteration 3500/5000 
[2026-06-02 16:31:54] [INFO] 05_cost_effectiveness - bootstrap iteration 4000/5000 
[2026-06-02 16:34:30] [INFO] 05_cost_effectiveness - bootstrap iteration 4500/5000 
[2026-06-02 16:37:11] [INFO] 05_cost_effectiveness - bootstrap iteration 5000/5000 
[2026-06-02 16:37:12] [INFO] 05_cost_effectiveness - main MI CEA cohort built: 835 patients, 5000 bootstrap estimates 
[2026-06-02 16:37:12] [DONE] 05_cost_effectiveness - saved main wide-imputed CEA outputs (elapsed 1384.2s) 
[2026-06-02 16:38:30] [START] 01_cleaning - reading raw questionnaire and cost files 
[2026-06-02 16:38:30] [INFO] 01_cleaning - loading baseline and follow-up questionnaires 
[2026-06-02 16:38:32] [DONE] 01_cleaning - saved canonical cleaning artifact (elapsed 2.4s) 
[2026-06-02 16:38:32] [START] 03_descriptives - generating baseline tables and missingness summaries 
[2026-06-02 16:38:33] [INFO] 03_descriptives - building baseline characteristics tables 
[2026-06-02 16:38:36] [INFO] 03_descriptives - summarising outcome missingness across timepoints 
[2026-06-02 16:38:37] [DONE] 03_descriptives - saved canonical descriptives artifact (elapsed 4.1s) 
[2026-06-02 16:40:16] [INFO] 05_cost_effectiveness - running artifact_interface_smoke MI bootstrap branch 
[2026-06-02 16:40:17] [INFO] 05_cost_effectiveness - bootstrap iteration 1/1 
[2026-06-02 16:47:40] [START] smoke_tests - running fast validation checks 
[2026-06-02 16:47:40] [INFO] smoke_tests - checking canonical cleaning stage 
[2026-06-02 16:47:41] [START] 01_cleaning - reading raw questionnaire and cost files 
[2026-06-02 16:47:41] [INFO] 01_cleaning - loading baseline and follow-up questionnaires 
[2026-06-02 16:47:43] [DONE] 01_cleaning - saved canonical cleaning artifact (elapsed 2.6s) 
[2026-06-02 16:47:43] [INFO] smoke_tests - building imputation frame without running MICE 
[2026-06-02 16:47:43] [INFO] smoke_tests - checking optional canonical artifacts 
[2026-06-02 16:47:44] [DONE] smoke_tests - smoke tests failed (elapsed 2.9s) 
[2026-06-02 16:48:39] [START] 03_descriptives - generating baseline tables and missingness summaries 
[2026-06-02 16:48:39] [INFO] 03_descriptives - building baseline characteristics tables 
[2026-06-02 16:48:40] [INFO] 03_descriptives - summarising outcome missingness across timepoints 
[2026-06-02 16:48:41] [DONE] 03_descriptives - saved canonical descriptives artifact (elapsed 2.4s) 
[2026-06-02 16:49:09] [START] smoke_tests - running fast validation checks 
[2026-06-02 16:49:09] [INFO] smoke_tests - checking canonical cleaning stage 
[2026-06-02 16:49:10] [START] 01_cleaning - reading raw questionnaire and cost files 
[2026-06-02 16:49:10] [INFO] 01_cleaning - loading baseline and follow-up questionnaires 
[2026-06-02 16:49:14] [DONE] 01_cleaning - saved canonical cleaning artifact (elapsed 3.2s) 
[2026-06-02 16:49:14] [INFO] smoke_tests - building imputation frame without running MICE 
[2026-06-02 16:49:14] [INFO] smoke_tests - checking optional canonical artifacts 
[2026-06-02 16:49:14] [DONE] smoke_tests - smoke tests passed (elapsed 3.6s) 
[2026-06-02 17:05:58] [START] smoke_tests - running fast validation checks 
[2026-06-02 17:05:58] [INFO] smoke_tests - checking canonical cleaning stage 
[2026-06-02 17:05:58] [START] 01_cleaning - reading raw questionnaire and cost files 
[2026-06-02 17:05:58] [INFO] 01_cleaning - loading baseline and follow-up questionnaires 
[2026-06-02 17:06:00] [DONE] 01_cleaning - saved canonical cleaning artifact (elapsed 1.6s) 
[2026-06-02 17:06:00] [INFO] smoke_tests - building imputation frame without running MICE 
[2026-06-02 17:06:00] [INFO] smoke_tests - checking optional canonical artifacts 
[2026-06-02 17:06:00] [DONE] smoke_tests - smoke tests passed (elapsed 1.9s) 
[2026-06-02 17:11:55] [START] smoke_tests - running fast validation checks 
[2026-06-02 17:11:55] [INFO] smoke_tests - checking canonical cleaning stage 
[2026-06-02 17:11:56] [START] 01_cleaning - reading raw questionnaire and cost files 
[2026-06-02 17:11:56] [INFO] 01_cleaning - loading baseline and follow-up questionnaires 
[2026-06-02 17:11:57] [DONE] 01_cleaning - saved canonical cleaning artifact (elapsed 1.3s) 
[2026-06-02 17:11:57] [INFO] smoke_tests - building imputation frame without running MICE 
[2026-06-02 17:11:57] [INFO] smoke_tests - checking optional canonical artifacts 
[2026-06-02 17:11:57] [DONE] smoke_tests - smoke tests passed (elapsed 1.5s) 
[2026-06-02 18:22:32] [START] 01_cleaning - reading raw questionnaire and cost files 
[2026-06-02 18:22:32] [INFO] 01_cleaning - loading baseline and follow-up questionnaires 
[2026-06-02 18:22:40] [DONE] 01_cleaning - saved canonical cleaning artifact (elapsed 8.0s) 
[2026-06-02 18:22:54] [START] 02_imputation - building the main wide imputation frame 
[2026-06-02 18:22:55] [INFO] 02_imputation - building the wide frame used by the main MICE branch 
[2026-06-02 18:22:55] [INFO] 02_imputation - running the full chained MICE with all available predictors 
[2026-06-02 21:00:53] [DONE] 02_imputation - saved canonical imputation artifact (elapsed 9478.5s) 
[2026-06-02 21:00:56] [START] 03_descriptives - generating baseline tables and missingness summaries 
[2026-06-02 21:00:56] [INFO] 03_descriptives - building baseline characteristics tables 
[2026-06-02 21:01:01] [INFO] 03_descriptives - summarising outcome missingness across timepoints 
[2026-06-02 21:01:04] [DONE] 03_descriptives - saved canonical descriptives artifact (elapsed 7.8s) 
[2026-06-02 21:01:09] [START] 04b_gee - fitting the configured GEE effectiveness model 
[2026-06-02 21:01:10] [INFO] 04b_gee - reconstructing 20 imputed long datasets 
[2026-06-02 21:01:10] [INFO] 04b_gee - building per-imputation long datasets 
[2026-06-02 21:01:12] [INFO] 04b_gee - fitting unadjusted and adjusted GEE models 
[2026-06-02 21:01:12] [INFO] 04b_gee - fitting geeglm (unadjusted) on imputation 1/20 
[2026-06-02 21:01:12] [INFO] 04b_gee - finished unadjusted imputation 1/20 in 0.1s 
[2026-06-02 21:01:12] [INFO] 04b_gee - fitting geeglm (unadjusted) on imputation 2/20 
[2026-06-02 21:01:13] [INFO] 04b_gee - finished unadjusted imputation 2/20 in 0.1s 
[2026-06-02 21:01:13] [INFO] 04b_gee - fitting geeglm (unadjusted) on imputation 3/20 
[2026-06-02 21:01:13] [INFO] 04b_gee - finished unadjusted imputation 3/20 in 0.1s 
[2026-06-02 21:01:13] [INFO] 04b_gee - fitting geeglm (unadjusted) on imputation 4/20 
[2026-06-02 21:01:13] [INFO] 04b_gee - finished unadjusted imputation 4/20 in 0.1s 
[2026-06-02 21:01:13] [INFO] 04b_gee - fitting geeglm (unadjusted) on imputation 5/20 
[2026-06-02 21:01:13] [INFO] 04b_gee - finished unadjusted imputation 5/20 in 0.1s 
[2026-06-02 21:01:13] [INFO] 04b_gee - fitting geeglm (unadjusted) on imputation 6/20 
[2026-06-02 21:01:13] [INFO] 04b_gee - finished unadjusted imputation 6/20 in 0.1s 
[2026-06-02 21:01:13] [INFO] 04b_gee - fitting geeglm (unadjusted) on imputation 7/20 
[2026-06-02 21:01:13] [INFO] 04b_gee - finished unadjusted imputation 7/20 in 0.2s 
[2026-06-02 21:01:13] [INFO] 04b_gee - fitting geeglm (unadjusted) on imputation 8/20 
[2026-06-02 21:01:13] [INFO] 04b_gee - finished unadjusted imputation 8/20 in 0.1s 
[2026-06-02 21:01:13] [INFO] 04b_gee - fitting geeglm (unadjusted) on imputation 9/20 
[2026-06-02 21:01:14] [INFO] 04b_gee - finished unadjusted imputation 9/20 in 0.2s 
[2026-06-02 21:01:14] [INFO] 04b_gee - fitting geeglm (unadjusted) on imputation 10/20 
[2026-06-02 21:01:14] [INFO] 04b_gee - finished unadjusted imputation 10/20 in 0.1s 
[2026-06-02 21:01:14] [INFO] 04b_gee - fitting geeglm (unadjusted) on imputation 11/20 
[2026-06-02 21:01:14] [INFO] 04b_gee - finished unadjusted imputation 11/20 in 0.2s 
[2026-06-02 21:01:14] [INFO] 04b_gee - fitting geeglm (unadjusted) on imputation 12/20 
[2026-06-02 21:01:14] [INFO] 04b_gee - finished unadjusted imputation 12/20 in 0.2s 
[2026-06-02 21:01:14] [INFO] 04b_gee - fitting geeglm (unadjusted) on imputation 13/20 
[2026-06-02 21:01:14] [INFO] 04b_gee - finished unadjusted imputation 13/20 in 0.2s 
[2026-06-02 21:01:14] [INFO] 04b_gee - fitting geeglm (unadjusted) on imputation 14/20 
[2026-06-02 21:01:14] [INFO] 04b_gee - finished unadjusted imputation 14/20 in 0.1s 
[2026-06-02 21:01:14] [INFO] 04b_gee - fitting geeglm (unadjusted) on imputation 15/20 
[2026-06-02 21:01:15] [INFO] 04b_gee - finished unadjusted imputation 15/20 in 0.2s 
[2026-06-02 21:01:15] [INFO] 04b_gee - fitting geeglm (unadjusted) on imputation 16/20 
[2026-06-02 21:01:15] [INFO] 04b_gee - finished unadjusted imputation 16/20 in 0.1s 
[2026-06-02 21:01:15] [INFO] 04b_gee - fitting geeglm (unadjusted) on imputation 17/20 
[2026-06-02 21:01:15] [INFO] 04b_gee - finished unadjusted imputation 17/20 in 0.1s 
[2026-06-02 21:01:15] [INFO] 04b_gee - fitting geeglm (unadjusted) on imputation 18/20 
[2026-06-02 21:01:15] [INFO] 04b_gee - finished unadjusted imputation 18/20 in 0.1s 
[2026-06-02 21:01:15] [INFO] 04b_gee - fitting geeglm (unadjusted) on imputation 19/20 
[2026-06-02 21:01:15] [INFO] 04b_gee - finished unadjusted imputation 19/20 in 0.1s 
[2026-06-02 21:01:15] [INFO] 04b_gee - fitting geeglm (unadjusted) on imputation 20/20 
[2026-06-02 21:01:15] [INFO] 04b_gee - finished unadjusted imputation 20/20 in 0.1s 
[2026-06-02 21:01:15] [INFO] 04b_gee - pooling unadjusted GEE contrasts across imputations 
[2026-06-02 21:01:15] [INFO] 04b_gee - fitting geeglm (adjusted) on imputation 1/20 
[2026-06-02 21:01:16] [INFO] 04b_gee - finished adjusted imputation 1/20 in 0.2s 
[2026-06-02 21:01:16] [INFO] 04b_gee - fitting geeglm (adjusted) on imputation 2/20 
[2026-06-02 21:01:16] [INFO] 04b_gee - finished adjusted imputation 2/20 in 0.3s 
[2026-06-02 21:01:16] [INFO] 04b_gee - fitting geeglm (adjusted) on imputation 3/20 
[2026-06-02 21:01:16] [INFO] 04b_gee - finished adjusted imputation 3/20 in 0.3s 
[2026-06-02 21:01:16] [INFO] 04b_gee - fitting geeglm (adjusted) on imputation 4/20 
[2026-06-02 21:01:16] [INFO] 04b_gee - finished adjusted imputation 4/20 in 0.3s 
[2026-06-02 21:01:16] [INFO] 04b_gee - fitting geeglm (adjusted) on imputation 5/20 
[2026-06-02 21:01:17] [INFO] 04b_gee - finished adjusted imputation 5/20 in 0.3s 
[2026-06-02 21:01:17] [INFO] 04b_gee - fitting geeglm (adjusted) on imputation 6/20 
[2026-06-02 21:01:17] [INFO] 04b_gee - finished adjusted imputation 6/20 in 0.2s 
[2026-06-02 21:01:17] [INFO] 04b_gee - fitting geeglm (adjusted) on imputation 7/20 
[2026-06-02 21:01:17] [INFO] 04b_gee - finished adjusted imputation 7/20 in 0.5s 
[2026-06-02 21:01:17] [INFO] 04b_gee - fitting geeglm (adjusted) on imputation 8/20 
[2026-06-02 21:01:17] [INFO] 04b_gee - finished adjusted imputation 8/20 in 0.2s 
[2026-06-02 21:01:17] [INFO] 04b_gee - fitting geeglm (adjusted) on imputation 9/20 
[2026-06-02 21:01:18] [INFO] 04b_gee - finished adjusted imputation 9/20 in 0.2s 
[2026-06-02 21:01:18] [INFO] 04b_gee - fitting geeglm (adjusted) on imputation 10/20 
[2026-06-02 21:01:18] [INFO] 04b_gee - finished adjusted imputation 10/20 in 0.2s 
[2026-06-02 21:01:18] [INFO] 04b_gee - fitting geeglm (adjusted) on imputation 11/20 
[2026-06-02 21:01:18] [INFO] 04b_gee - finished adjusted imputation 11/20 in 0.2s 
[2026-06-02 21:01:18] [INFO] 04b_gee - fitting geeglm (adjusted) on imputation 12/20 
[2026-06-02 21:01:18] [INFO] 04b_gee - finished adjusted imputation 12/20 in 0.3s 
[2026-06-02 21:01:18] [INFO] 04b_gee - fitting geeglm (adjusted) on imputation 13/20 
[2026-06-02 21:01:19] [INFO] 04b_gee - finished adjusted imputation 13/20 in 0.2s 
[2026-06-02 21:01:19] [INFO] 04b_gee - fitting geeglm (adjusted) on imputation 14/20 
[2026-06-02 21:01:19] [INFO] 04b_gee - finished adjusted imputation 14/20 in 0.2s 
[2026-06-02 21:01:19] [INFO] 04b_gee - fitting geeglm (adjusted) on imputation 15/20 
[2026-06-02 21:01:19] [INFO] 04b_gee - finished adjusted imputation 15/20 in 0.2s 
[2026-06-02 21:01:19] [INFO] 04b_gee - fitting geeglm (adjusted) on imputation 16/20 
[2026-06-02 21:01:19] [INFO] 04b_gee - finished adjusted imputation 16/20 in 0.2s 
[2026-06-02 21:01:19] [INFO] 04b_gee - fitting geeglm (adjusted) on imputation 17/20 
[2026-06-02 21:01:19] [INFO] 04b_gee - finished adjusted imputation 17/20 in 0.1s 
[2026-06-02 21:01:19] [INFO] 04b_gee - fitting geeglm (adjusted) on imputation 18/20 
[2026-06-02 21:01:19] [INFO] 04b_gee - finished adjusted imputation 18/20 in 0.2s 
[2026-06-02 21:01:19] [INFO] 04b_gee - fitting geeglm (adjusted) on imputation 19/20 
[2026-06-02 21:01:20] [INFO] 04b_gee - finished adjusted imputation 19/20 in 0.2s 
[2026-06-02 21:01:20] [INFO] 04b_gee - fitting geeglm (adjusted) on imputation 20/20 
[2026-06-02 21:01:20] [INFO] 04b_gee - finished adjusted imputation 20/20 in 0.2s 
[2026-06-02 21:01:20] [INFO] 04b_gee - pooling adjusted GEE contrasts across imputations 
[2026-06-02 21:01:36] [DONE] 04b_gee - saved canonical GEE effectiveness artifact (elapsed 26.5s) 
[2026-06-02 21:01:37] [START] 05_cost_effectiveness - running the main wide-imputed CEA branch 
[2026-06-02 21:01:37] [INFO] 05_cost_effectiveness - running mi_main MI bootstrap branch 
[2026-06-02 21:01:42] [INFO] 05_cost_effectiveness - bootstrap iteration 1/5000 
[2026-06-02 21:04:38] [INFO] 05_cost_effectiveness - bootstrap iteration 500/5000 
[2026-06-02 21:10:11] [INFO] 05_cost_effectiveness - bootstrap iteration 1000/5000 
[2026-06-02 21:17:13] [INFO] 05_cost_effectiveness - bootstrap iteration 1500/5000 
[2026-06-02 21:23:44] [INFO] 05_cost_effectiveness - bootstrap iteration 2000/5000 
[2026-06-02 21:30:17] [INFO] 05_cost_effectiveness - bootstrap iteration 2500/5000 
[2026-06-02 21:36:41] [INFO] 05_cost_effectiveness - bootstrap iteration 3000/5000 
[2026-06-02 21:43:00] [INFO] 05_cost_effectiveness - bootstrap iteration 3500/5000 
[2026-06-02 21:49:25] [INFO] 05_cost_effectiveness - bootstrap iteration 4000/5000 
[2026-06-02 21:56:01] [INFO] 05_cost_effectiveness - bootstrap iteration 4500/5000 
[2026-06-03 10:23:10] [INFO] 05_cost_effectiveness - bootstrap iteration 5000/5000 
[2026-06-03 10:23:11] [INFO] 05_cost_effectiveness - main MI CEA cohort built: 835 patients, 5000 bootstrap estimates 
[2026-06-03 10:23:11] [DONE] 05_cost_effectiveness - saved canonical CEA artifact (elapsed 48093.8s) 
[2026-06-03 10:23:12] [START] 06_outputs - assembling manuscript output artifact 
[2026-06-03 10:23:17] [INFO] 06_outputs - loaded effectiveness and CEA model artefacts 
[2026-06-03 10:23:17] [INFO] 06_outputs - assembling manuscript-ready comparison tables 
[2026-06-03 10:23:17] [DONE] 06_outputs - saved canonical manuscript outputs artifact (elapsed 4.9s) 
[2026-06-03 10:23:19] [START] 07_manuscript_report - assembling a readable manuscript results brief 
[2026-06-03 10:23:23] [DONE] 07_manuscript_report - saved canonical manuscript report artifact (elapsed 3.9s) 
[2026-06-03 10:39:16] [START] 01_cleaning - reading raw questionnaire and cost files 
[2026-06-03 10:39:16] [INFO] 01_cleaning - loading baseline and follow-up questionnaires 
[2026-06-03 10:39:19] [DONE] 01_cleaning - saved canonical cleaning artifact (elapsed 2.3s) 
[2026-06-03 10:40:31] [START] smoke_tests - running fast validation checks 
[2026-06-03 10:40:31] [INFO] smoke_tests - checking canonical cleaning stage 
[2026-06-03 10:40:32] [START] 01_cleaning - reading raw questionnaire and cost files 
[2026-06-03 10:40:32] [INFO] 01_cleaning - loading baseline and follow-up questionnaires 
[2026-06-03 10:40:34] [DONE] 01_cleaning - saved canonical cleaning artifact (elapsed 1.8s) 
[2026-06-03 10:40:34] [INFO] smoke_tests - building imputation frame without running MICE 
[2026-06-03 10:40:34] [INFO] smoke_tests - checking optional canonical artifacts 
[2026-06-03 10:40:34] [INFO] 05_cost_effectiveness - running smoke_cea MI bootstrap branch 
[2026-06-03 10:40:36] [INFO] 05_cost_effectiveness - bootstrap iteration 1/1 
[2026-06-03 10:40:40] [DONE] smoke_tests - smoke tests passed (elapsed 8.0s) 
[2026-06-03 10:42:24] [START] 02_imputation - building the main wide imputation frame 
[2026-06-03 10:42:25] [INFO] 02_imputation - building the wide frame used by the main MICE branch 
[2026-06-03 10:42:25] [INFO] 02_imputation - running the full chained MICE with all available predictors 
[2026-06-03 10:48:35] [DONE] 02_imputation - saved canonical imputation artifact (elapsed 370.1s) 
[2026-06-03 10:49:01] [START] smoke_tests - running fast validation checks 
[2026-06-03 10:49:01] [INFO] smoke_tests - checking canonical cleaning stage 
[2026-06-03 10:49:01] [START] 01_cleaning - reading raw questionnaire and cost files 
[2026-06-03 10:49:01] [INFO] 01_cleaning - loading baseline and follow-up questionnaires 
[2026-06-03 10:49:03] [DONE] 01_cleaning - saved canonical cleaning artifact (elapsed 1.5s) 
[2026-06-03 10:49:03] [INFO] smoke_tests - building imputation frame without running MICE 
[2026-06-03 10:49:03] [INFO] smoke_tests - checking optional canonical artifacts 
[2026-06-03 10:49:03] [INFO] 05_cost_effectiveness - running smoke_cea MI bootstrap branch 
[2026-06-03 10:49:04] [INFO] 05_cost_effectiveness - bootstrap iteration 1/1 
[2026-06-03 10:49:07] [DONE] smoke_tests - smoke tests passed (elapsed 6.0s) 
[2026-06-03 10:52:53] [START] 01_cleaning - reading raw questionnaire and cost files 
[2026-06-03 10:52:53] [INFO] 01_cleaning - loading baseline and follow-up questionnaires 
[2026-06-03 10:52:55] [DONE] 01_cleaning - saved canonical cleaning artifact (elapsed 1.5s) 
[2026-06-03 10:53:17] [START] 02_imputation - building the main wide imputation frame 
[2026-06-03 10:53:17] [INFO] 02_imputation - building the wide frame used by the main MICE branch 
[2026-06-03 10:53:17] [INFO] 02_imputation - running the full chained MICE with all available predictors 
[2026-06-03 10:59:23] [DONE] 02_imputation - saved canonical imputation artifact (elapsed 366.4s) 
[2026-06-03 10:59:36] [START] smoke_tests - running fast validation checks 
[2026-06-03 10:59:36] [INFO] smoke_tests - checking canonical cleaning stage 
[2026-06-03 10:59:37] [START] 01_cleaning - reading raw questionnaire and cost files 
[2026-06-03 10:59:37] [INFO] 01_cleaning - loading baseline and follow-up questionnaires 
[2026-06-03 10:59:39] [DONE] 01_cleaning - saved canonical cleaning artifact (elapsed 1.8s) 
[2026-06-03 10:59:39] [INFO] smoke_tests - building imputation frame without running MICE 
[2026-06-03 10:59:39] [INFO] smoke_tests - checking optional canonical artifacts 
[2026-06-03 10:59:39] [INFO] 05_cost_effectiveness - running smoke_cea MI bootstrap branch 
[2026-06-03 10:59:40] [INFO] 05_cost_effectiveness - bootstrap iteration 1/1 
[2026-06-03 10:59:44] [DONE] smoke_tests - smoke tests passed (elapsed 7.0s) 
[2026-06-03 11:30:52] [START] smoke_tests - running fast validation checks 
[2026-06-03 11:30:52] [INFO] smoke_tests - checking canonical cleaning stage 
[2026-06-03 11:30:52] [START] 01_cleaning - reading raw questionnaire and cost files 
[2026-06-03 11:30:52] [INFO] 01_cleaning - loading baseline and follow-up questionnaires 
[2026-06-03 11:30:54] [DONE] 01_cleaning - saved canonical cleaning artifact (elapsed 1.6s) 
[2026-06-03 11:30:54] [INFO] smoke_tests - building imputation frame without running MICE 
[2026-06-03 11:30:54] [INFO] smoke_tests - checking optional canonical artifacts 
[2026-06-03 11:30:54] [INFO] 05_cost_effectiveness - running smoke_cea MI bootstrap branch 
[2026-06-03 11:30:55] [INFO] 05_cost_effectiveness - bootstrap iteration 1/1 
[2026-06-03 11:30:59] [DONE] smoke_tests - smoke tests passed (elapsed 6.3s) 
[2026-06-03 11:31:57] [START] smoke_tests - running fast validation checks 
[2026-06-03 11:31:57] [INFO] smoke_tests - checking canonical cleaning stage 
[2026-06-03 11:31:58] [START] 01_cleaning - reading raw questionnaire and cost files 
[2026-06-03 11:31:58] [INFO] 01_cleaning - loading baseline and follow-up questionnaires 
[2026-06-03 11:31:59] [DONE] 01_cleaning - saved canonical cleaning artifact (elapsed 1.6s) 
[2026-06-03 11:32:00] [INFO] smoke_tests - building imputation frame without running MICE 
[2026-06-03 11:32:00] [INFO] smoke_tests - checking optional canonical artifacts 
[2026-06-03 11:32:00] [INFO] 05_cost_effectiveness - running smoke_cea MI bootstrap branch 
[2026-06-03 11:32:01] [INFO] 05_cost_effectiveness - bootstrap iteration 1/1 
[2026-06-03 11:32:01] [DONE] smoke_tests - smoke tests passed (elapsed 3.4s) 
[2026-06-03 11:35:00] [START] 03_descriptives - generating baseline tables and missingness summaries 
[2026-06-03 11:35:00] [INFO] 03_descriptives - building baseline characteristics tables 
[2026-06-03 11:35:01] [INFO] 03_descriptives - summarising outcome missingness across timepoints 
[2026-06-03 11:35:01] [DONE] 03_descriptives - saved canonical descriptives artifact (elapsed 1.7s) 
[2026-06-03 11:35:16] [START] smoke_tests - running fast validation checks 
[2026-06-03 11:35:16] [INFO] smoke_tests - checking canonical cleaning stage 
[2026-06-03 11:35:17] [START] 01_cleaning - reading raw questionnaire and cost files 
[2026-06-03 11:35:17] [INFO] 01_cleaning - loading baseline and follow-up questionnaires 
[2026-06-03 11:35:18] [DONE] 01_cleaning - saved canonical cleaning artifact (elapsed 1.6s) 
[2026-06-03 11:35:18] [INFO] smoke_tests - building imputation frame without running MICE 
[2026-06-03 11:35:18] [INFO] smoke_tests - checking optional canonical artifacts 
[2026-06-03 11:35:19] [INFO] 05_cost_effectiveness - running smoke_cea MI bootstrap branch 
[2026-06-03 11:35:20] [INFO] 05_cost_effectiveness - bootstrap iteration 1/1 
[2026-06-03 11:35:21] [DONE] smoke_tests - smoke tests passed (elapsed 3.9s) 
[2026-06-03 11:35:49] [START] 05_cost_effectiveness - running the main wide-imputed CEA branch 
[2026-06-03 11:35:49] [INFO] 05_cost_effectiveness - running mi_main MI bootstrap branch 
[2026-06-03 11:35:51] [INFO] 05_cost_effectiveness - bootstrap iteration 1/5000 
[2026-06-03 11:37:57] [INFO] 05_cost_effectiveness - bootstrap iteration 500/5000 
[2026-06-03 11:39:58] [INFO] 05_cost_effectiveness - bootstrap iteration 1000/5000 
[2026-06-03 11:41:52] [INFO] 05_cost_effectiveness - bootstrap iteration 1500/5000 
[2026-06-03 11:43:47] [INFO] 05_cost_effectiveness - bootstrap iteration 2000/5000 
[2026-06-03 11:45:36] [INFO] 05_cost_effectiveness - bootstrap iteration 2500/5000 
[2026-06-03 11:47:26] [INFO] 05_cost_effectiveness - bootstrap iteration 3000/5000 
[2026-06-03 11:49:14] [INFO] 05_cost_effectiveness - bootstrap iteration 3500/5000 
[2026-06-03 11:51:01] [INFO] 05_cost_effectiveness - bootstrap iteration 4000/5000 
[2026-06-03 11:51:28] [START] 04b_gee - fitting the configured GEE effectiveness model 
[2026-06-03 11:51:28] [INFO] 04b_gee - reconstructing 20 imputed long datasets 
[2026-06-03 11:51:28] [INFO] 04b_gee - building per-imputation long datasets 
[2026-06-03 11:51:29] [INFO] 04b_gee - fitting unadjusted and adjusted GEE models 
[2026-06-03 11:51:29] [INFO] 04b_gee - fitting geeglm (unadjusted) on imputation 1/20 
[2026-06-03 11:51:30] [INFO] 04b_gee - finished unadjusted imputation 1/20 in 0.2s 
[2026-06-03 11:51:30] [INFO] 04b_gee - fitting geeglm (unadjusted) on imputation 2/20 
[2026-06-03 11:51:30] [INFO] 04b_gee - finished unadjusted imputation 2/20 in 0.1s 
[2026-06-03 11:51:30] [INFO] 04b_gee - fitting geeglm (unadjusted) on imputation 3/20 
[2026-06-03 11:51:30] [INFO] 04b_gee - finished unadjusted imputation 3/20 in 0.1s 
[2026-06-03 11:51:30] [INFO] 04b_gee - fitting geeglm (unadjusted) on imputation 4/20 
[2026-06-03 11:51:30] [INFO] 04b_gee - finished unadjusted imputation 4/20 in 0.1s 
[2026-06-03 11:51:30] [INFO] 04b_gee - fitting geeglm (unadjusted) on imputation 5/20 
[2026-06-03 11:51:30] [INFO] 04b_gee - finished unadjusted imputation 5/20 in 0.1s 
[2026-06-03 11:51:30] [INFO] 04b_gee - fitting geeglm (unadjusted) on imputation 6/20 
[2026-06-03 11:51:30] [INFO] 04b_gee - finished unadjusted imputation 6/20 in 0.1s 
[2026-06-03 11:51:30] [INFO] 04b_gee - fitting geeglm (unadjusted) on imputation 7/20 
[2026-06-03 11:51:30] [INFO] 04b_gee - finished unadjusted imputation 7/20 in 0.2s 
[2026-06-03 11:51:30] [INFO] 04b_gee - fitting geeglm (unadjusted) on imputation 8/20 
[2026-06-03 11:51:30] [INFO] 04b_gee - finished unadjusted imputation 8/20 in 0.1s 
[2026-06-03 11:51:30] [INFO] 04b_gee - fitting geeglm (unadjusted) on imputation 9/20 
[2026-06-03 11:51:31] [INFO] 04b_gee - finished unadjusted imputation 9/20 in 0.1s 
[2026-06-03 11:51:31] [INFO] 04b_gee - fitting geeglm (unadjusted) on imputation 10/20 
[2026-06-03 11:51:31] [INFO] 04b_gee - finished unadjusted imputation 10/20 in 0.3s 
[2026-06-03 11:51:31] [INFO] 04b_gee - fitting geeglm (unadjusted) on imputation 11/20 
[2026-06-03 11:51:31] [INFO] 04b_gee - finished unadjusted imputation 11/20 in 0.1s 
[2026-06-03 11:51:31] [INFO] 04b_gee - fitting geeglm (unadjusted) on imputation 12/20 
[2026-06-03 11:51:31] [INFO] 04b_gee - finished unadjusted imputation 12/20 in 0.1s 
[2026-06-03 11:51:31] [INFO] 04b_gee - fitting geeglm (unadjusted) on imputation 13/20 
[2026-06-03 11:51:31] [INFO] 04b_gee - finished unadjusted imputation 13/20 in 0.1s 
[2026-06-03 11:51:31] [INFO] 04b_gee - fitting geeglm (unadjusted) on imputation 14/20 
[2026-06-03 11:51:31] [INFO] 04b_gee - finished unadjusted imputation 14/20 in 0.1s 
[2026-06-03 11:51:31] [INFO] 04b_gee - fitting geeglm (unadjusted) on imputation 15/20 
[2026-06-03 11:51:31] [INFO] 04b_gee - finished unadjusted imputation 15/20 in 0.1s 
[2026-06-03 11:51:31] [INFO] 04b_gee - fitting geeglm (unadjusted) on imputation 16/20 
[2026-06-03 11:51:32] [INFO] 04b_gee - finished unadjusted imputation 16/20 in 0.1s 
[2026-06-03 11:51:32] [INFO] 04b_gee - fitting geeglm (unadjusted) on imputation 17/20 
[2026-06-03 11:51:32] [INFO] 04b_gee - finished unadjusted imputation 17/20 in 0.2s 
[2026-06-03 11:51:32] [INFO] 04b_gee - fitting geeglm (unadjusted) on imputation 18/20 
[2026-06-03 11:51:32] [INFO] 04b_gee - finished unadjusted imputation 18/20 in 0.1s 
[2026-06-03 11:51:32] [INFO] 04b_gee - fitting geeglm (unadjusted) on imputation 19/20 
[2026-06-03 11:51:32] [INFO] 04b_gee - finished unadjusted imputation 19/20 in 0.1s 
[2026-06-03 11:51:32] [INFO] 04b_gee - fitting geeglm (unadjusted) on imputation 20/20 
[2026-06-03 11:51:32] [INFO] 04b_gee - finished unadjusted imputation 20/20 in 0.1s 
[2026-06-03 11:51:32] [INFO] 04b_gee - pooling unadjusted GEE contrasts across imputations 
[2026-06-03 11:51:32] [INFO] 04b_gee - fitting geeglm (adjusted) on imputation 1/20 
[2026-06-03 11:51:32] [INFO] 04b_gee - finished adjusted imputation 1/20 in 0.1s 
[2026-06-03 11:51:32] [INFO] 04b_gee - fitting geeglm (adjusted) on imputation 2/20 
[2026-06-03 11:51:32] [INFO] 04b_gee - finished adjusted imputation 2/20 in 0.1s 
[2026-06-03 11:51:32] [INFO] 04b_gee - fitting geeglm (adjusted) on imputation 3/20 
[2026-06-03 11:51:33] [INFO] 04b_gee - finished adjusted imputation 3/20 in 0.1s 
[2026-06-03 11:51:33] [INFO] 04b_gee - fitting geeglm (adjusted) on imputation 4/20 
[2026-06-03 11:51:33] [INFO] 04b_gee - finished adjusted imputation 4/20 in 0.1s 
[2026-06-03 11:51:33] [INFO] 04b_gee - fitting geeglm (adjusted) on imputation 5/20 
[2026-06-03 11:51:33] [INFO] 04b_gee - finished adjusted imputation 5/20 in 0.1s 
[2026-06-03 11:51:33] [INFO] 04b_gee - fitting geeglm (adjusted) on imputation 6/20 
[2026-06-03 11:51:33] [INFO] 04b_gee - finished adjusted imputation 6/20 in 0.1s 
[2026-06-03 11:51:33] [INFO] 04b_gee - fitting geeglm (adjusted) on imputation 7/20 
[2026-06-03 11:51:33] [INFO] 04b_gee - finished adjusted imputation 7/20 in 0.1s 
[2026-06-03 11:51:33] [INFO] 04b_gee - fitting geeglm (adjusted) on imputation 8/20 
[2026-06-03 11:51:33] [INFO] 04b_gee - finished adjusted imputation 8/20 in 0.1s 
[2026-06-03 11:51:33] [INFO] 04b_gee - fitting geeglm (adjusted) on imputation 9/20 
[2026-06-03 11:51:33] [INFO] 04b_gee - finished adjusted imputation 9/20 in 0.1s 
[2026-06-03 11:51:33] [INFO] 04b_gee - fitting geeglm (adjusted) on imputation 10/20 
[2026-06-03 11:51:33] [INFO] 04b_gee - finished adjusted imputation 10/20 in 0.1s 
[2026-06-03 11:51:33] [INFO] 04b_gee - fitting geeglm (adjusted) on imputation 11/20 
[2026-06-03 11:51:34] [INFO] 04b_gee - finished adjusted imputation 11/20 in 0.2s 
[2026-06-03 11:51:34] [INFO] 04b_gee - fitting geeglm (adjusted) on imputation 12/20 
[2026-06-03 11:51:34] [INFO] 04b_gee - finished adjusted imputation 12/20 in 0.1s 
[2026-06-03 11:51:34] [INFO] 04b_gee - fitting geeglm (adjusted) on imputation 13/20 
[2026-06-03 11:51:34] [INFO] 04b_gee - finished adjusted imputation 13/20 in 0.1s 
[2026-06-03 11:51:34] [INFO] 04b_gee - fitting geeglm (adjusted) on imputation 14/20 
[2026-06-03 11:51:34] [INFO] 04b_gee - finished adjusted imputation 14/20 in 0.1s 
[2026-06-03 11:51:34] [INFO] 04b_gee - fitting geeglm (adjusted) on imputation 15/20 
[2026-06-03 11:51:34] [INFO] 04b_gee - finished adjusted imputation 15/20 in 0.1s 
[2026-06-03 11:51:34] [INFO] 04b_gee - fitting geeglm (adjusted) on imputation 16/20 
[2026-06-03 11:51:34] [INFO] 04b_gee - finished adjusted imputation 16/20 in 0.1s 
[2026-06-03 11:51:34] [INFO] 04b_gee - fitting geeglm (adjusted) on imputation 17/20 
[2026-06-03 11:51:34] [INFO] 04b_gee - finished adjusted imputation 17/20 in 0.1s 
[2026-06-03 11:51:34] [INFO] 04b_gee - fitting geeglm (adjusted) on imputation 18/20 
[2026-06-03 11:51:34] [INFO] 04b_gee - finished adjusted imputation 18/20 in 0.1s 
[2026-06-03 11:51:34] [INFO] 04b_gee - fitting geeglm (adjusted) on imputation 19/20 
[2026-06-03 11:51:35] [INFO] 04b_gee - finished adjusted imputation 19/20 in 0.2s 
[2026-06-03 11:51:35] [INFO] 04b_gee - fitting geeglm (adjusted) on imputation 20/20 
[2026-06-03 11:51:35] [INFO] 04b_gee - finished adjusted imputation 20/20 in 0.1s 
[2026-06-03 11:51:35] [INFO] 04b_gee - pooling adjusted GEE contrasts across imputations 
[2026-06-03 11:51:43] [DONE] 04b_gee - saved canonical GEE effectiveness artifact (elapsed 15.7s) 
[2026-06-03 11:52:05] [START] smoke_tests - running fast validation checks 
[2026-06-03 11:52:05] [INFO] smoke_tests - checking canonical cleaning stage 
[2026-06-03 11:52:07] [START] 01_cleaning - reading raw questionnaire and cost files 
[2026-06-03 11:52:07] [INFO] 01_cleaning - loading baseline and follow-up questionnaires 
[2026-06-03 11:52:09] [DONE] 01_cleaning - saved canonical cleaning artifact (elapsed 1.8s) 
[2026-06-03 11:52:09] [INFO] smoke_tests - building imputation frame without running MICE 
[2026-06-03 11:52:09] [INFO] smoke_tests - checking optional canonical artifacts 
[2026-06-03 11:52:09] [INFO] 05_cost_effectiveness - running smoke_cea MI bootstrap branch 
[2026-06-03 11:52:11] [INFO] 05_cost_effectiveness - bootstrap iteration 1/1 
[2026-06-03 11:52:14] [DONE] smoke_tests - smoke tests passed (elapsed 7.5s) 
[2026-06-03 11:52:59] [INFO] 05_cost_effectiveness - bootstrap iteration 4500/5000 
[2026-06-03 11:54:23] [INFO] 05_cost_effectiveness - bootstrap iteration 5000/5000 
[2026-06-03 11:54:23] [INFO] 05_cost_effectiveness - main MI CEA cohort built: 835 patients, 5000 bootstrap estimates 
[2026-06-03 11:54:24] [DONE] 05_cost_effectiveness - saved canonical CEA artifact and CEA CSV exports (elapsed 1114.6s) 
[2026-06-03 11:59:30] [INFO] 04b_gee - reconstructing 20 imputed long datasets 
[2026-06-03 11:59:30] [INFO] 04b_gee - building per-imputation long datasets 
[2026-06-03 11:59:31] [INFO] 04b_gee - fitting unadjusted and adjusted GEE models 
[2026-06-03 11:59:31] [INFO] 04b_gee - fitting geeglm (unadjusted) on imputation 1/20 
[2026-06-03 11:59:31] [INFO] 04b_gee - finished unadjusted imputation 1/20 in 0.1s 
[2026-06-03 11:59:31] [INFO] 04b_gee - fitting geeglm (unadjusted) on imputation 2/20 
[2026-06-03 11:59:31] [INFO] 04b_gee - finished unadjusted imputation 2/20 in 0.1s 
[2026-06-03 11:59:31] [INFO] 04b_gee - fitting geeglm (unadjusted) on imputation 3/20 
[2026-06-03 11:59:32] [INFO] 04b_gee - finished unadjusted imputation 3/20 in 0.2s 
[2026-06-03 11:59:32] [INFO] 04b_gee - fitting geeglm (unadjusted) on imputation 4/20 
[2026-06-03 11:59:32] [INFO] 04b_gee - finished unadjusted imputation 4/20 in 0.1s 
[2026-06-03 11:59:32] [INFO] 04b_gee - fitting geeglm (unadjusted) on imputation 5/20 
[2026-06-03 11:59:32] [INFO] 04b_gee - finished unadjusted imputation 5/20 in 0.1s 
[2026-06-03 11:59:32] [INFO] 04b_gee - fitting geeglm (unadjusted) on imputation 6/20 
[2026-06-03 11:59:32] [INFO] 04b_gee - finished unadjusted imputation 6/20 in 0.1s 
[2026-06-03 11:59:32] [INFO] 04b_gee - fitting geeglm (unadjusted) on imputation 7/20 
[2026-06-03 11:59:32] [INFO] 04b_gee - finished unadjusted imputation 7/20 in 0.1s 
[2026-06-03 11:59:32] [INFO] 04b_gee - fitting geeglm (unadjusted) on imputation 8/20 
[2026-06-03 11:59:32] [INFO] 04b_gee - finished unadjusted imputation 8/20 in 0.1s 
[2026-06-03 11:59:32] [INFO] 04b_gee - fitting geeglm (unadjusted) on imputation 9/20 
[2026-06-03 11:59:32] [INFO] 04b_gee - finished unadjusted imputation 9/20 in 0.1s 
[2026-06-03 11:59:32] [INFO] 04b_gee - fitting geeglm (unadjusted) on imputation 10/20 
[2026-06-03 11:59:32] [INFO] 04b_gee - finished unadjusted imputation 10/20 in 0.1s 
[2026-06-03 11:59:32] [INFO] 04b_gee - fitting geeglm (unadjusted) on imputation 11/20 
[2026-06-03 11:59:32] [INFO] 04b_gee - finished unadjusted imputation 11/20 in 0.1s 
[2026-06-03 11:59:32] [INFO] 04b_gee - fitting geeglm (unadjusted) on imputation 12/20 
[2026-06-03 11:59:32] [INFO] 04b_gee - finished unadjusted imputation 12/20 in 0.1s 
[2026-06-03 11:59:32] [INFO] 04b_gee - fitting geeglm (unadjusted) on imputation 13/20 
[2026-06-03 11:59:32] [INFO] 04b_gee - finished unadjusted imputation 13/20 in 0.1s 
[2026-06-03 11:59:32] [INFO] 04b_gee - fitting geeglm (unadjusted) on imputation 14/20 
[2026-06-03 11:59:32] [INFO] 04b_gee - finished unadjusted imputation 14/20 in 0.1s 
[2026-06-03 11:59:32] [INFO] 04b_gee - fitting geeglm (unadjusted) on imputation 15/20 
[2026-06-03 11:59:33] [INFO] 04b_gee - finished unadjusted imputation 15/20 in 0.1s 
[2026-06-03 11:59:33] [INFO] 04b_gee - fitting geeglm (unadjusted) on imputation 16/20 
[2026-06-03 11:59:33] [INFO] 04b_gee - finished unadjusted imputation 16/20 in 0.1s 
[2026-06-03 11:59:33] [INFO] 04b_gee - fitting geeglm (unadjusted) on imputation 17/20 
[2026-06-03 11:59:33] [INFO] 04b_gee - finished unadjusted imputation 17/20 in 0.1s 
[2026-06-03 11:59:33] [INFO] 04b_gee - fitting geeglm (unadjusted) on imputation 18/20 
[2026-06-03 11:59:33] [INFO] 04b_gee - finished unadjusted imputation 18/20 in 0.1s 
[2026-06-03 11:59:33] [INFO] 04b_gee - fitting geeglm (unadjusted) on imputation 19/20 
[2026-06-03 11:59:33] [INFO] 04b_gee - finished unadjusted imputation 19/20 in 0.1s 
[2026-06-03 11:59:33] [INFO] 04b_gee - fitting geeglm (unadjusted) on imputation 20/20 
[2026-06-03 11:59:33] [INFO] 04b_gee - finished unadjusted imputation 20/20 in 0.1s 
[2026-06-03 11:59:33] [INFO] 04b_gee - pooling unadjusted GEE contrasts across imputations 
[2026-06-03 11:59:33] [INFO] 04b_gee - fitting geeglm (adjusted) on imputation 1/20 
[2026-06-03 11:59:33] [INFO] 04b_gee - finished adjusted imputation 1/20 in 0.1s 
[2026-06-03 11:59:33] [INFO] 04b_gee - fitting geeglm (adjusted) on imputation 2/20 
[2026-06-03 11:59:33] [INFO] 04b_gee - finished adjusted imputation 2/20 in 0.1s 
[2026-06-03 11:59:33] [INFO] 04b_gee - fitting geeglm (adjusted) on imputation 3/20 
[2026-06-03 11:59:33] [INFO] 04b_gee - finished adjusted imputation 3/20 in 0.1s 
[2026-06-03 11:59:33] [INFO] 04b_gee - fitting geeglm (adjusted) on imputation 4/20 
[2026-06-03 11:59:34] [INFO] 04b_gee - finished adjusted imputation 4/20 in 0.3s 
[2026-06-03 11:59:34] [INFO] 04b_gee - fitting geeglm (adjusted) on imputation 5/20 
[2026-06-03 11:59:34] [INFO] 04b_gee - finished adjusted imputation 5/20 in 0.1s 
[2026-06-03 11:59:34] [INFO] 04b_gee - fitting geeglm (adjusted) on imputation 6/20 
[2026-06-03 11:59:34] [INFO] 04b_gee - finished adjusted imputation 6/20 in 0.1s 
[2026-06-03 11:59:34] [INFO] 04b_gee - fitting geeglm (adjusted) on imputation 7/20 
[2026-06-03 11:59:34] [INFO] 04b_gee - finished adjusted imputation 7/20 in 0.1s 
[2026-06-03 11:59:34] [INFO] 04b_gee - fitting geeglm (adjusted) on imputation 8/20 
[2026-06-03 11:59:34] [INFO] 04b_gee - finished adjusted imputation 8/20 in 0.1s 
[2026-06-03 11:59:34] [INFO] 04b_gee - fitting geeglm (adjusted) on imputation 9/20 
[2026-06-03 11:59:34] [INFO] 04b_gee - finished adjusted imputation 9/20 in 0.2s 
[2026-06-03 11:59:34] [INFO] 04b_gee - fitting geeglm (adjusted) on imputation 10/20 
[2026-06-03 11:59:35] [INFO] 04b_gee - finished adjusted imputation 10/20 in 0.1s 
[2026-06-03 11:59:35] [INFO] 04b_gee - fitting geeglm (adjusted) on imputation 11/20 
[2026-06-03 11:59:35] [INFO] 04b_gee - finished adjusted imputation 11/20 in 0.1s 
[2026-06-03 11:59:35] [INFO] 04b_gee - fitting geeglm (adjusted) on imputation 12/20 
[2026-06-03 11:59:35] [INFO] 04b_gee - finished adjusted imputation 12/20 in 0.1s 
[2026-06-03 11:59:35] [INFO] 04b_gee - fitting geeglm (adjusted) on imputation 13/20 
[2026-06-03 11:59:35] [INFO] 04b_gee - finished adjusted imputation 13/20 in 0.1s 
[2026-06-03 11:59:35] [INFO] 04b_gee - fitting geeglm (adjusted) on imputation 14/20 
[2026-06-03 11:59:35] [INFO] 04b_gee - finished adjusted imputation 14/20 in 0.2s 
[2026-06-03 11:59:35] [INFO] 04b_gee - fitting geeglm (adjusted) on imputation 15/20 
[2026-06-03 11:59:35] [INFO] 04b_gee - finished adjusted imputation 15/20 in 0.3s 
[2026-06-03 11:59:35] [INFO] 04b_gee - fitting geeglm (adjusted) on imputation 16/20 
[2026-06-03 11:59:36] [INFO] 04b_gee - finished adjusted imputation 16/20 in 0.2s 
[2026-06-03 11:59:36] [INFO] 04b_gee - fitting geeglm (adjusted) on imputation 17/20 
[2026-06-03 11:59:36] [INFO] 04b_gee - finished adjusted imputation 17/20 in 0.1s 
[2026-06-03 11:59:36] [INFO] 04b_gee - fitting geeglm (adjusted) on imputation 18/20 
[2026-06-03 11:59:36] [INFO] 04b_gee - finished adjusted imputation 18/20 in 0.1s 
[2026-06-03 11:59:36] [INFO] 04b_gee - fitting geeglm (adjusted) on imputation 19/20 
[2026-06-03 11:59:36] [INFO] 04b_gee - finished adjusted imputation 19/20 in 0.2s 
[2026-06-03 11:59:36] [INFO] 04b_gee - fitting geeglm (adjusted) on imputation 20/20 
[2026-06-03 11:59:36] [INFO] 04b_gee - finished adjusted imputation 20/20 in 0.1s 
[2026-06-03 11:59:36] [INFO] 04b_gee - pooling adjusted GEE contrasts across imputations 
[2026-06-03 11:59:53] [INFO] 04b_gee - using single completed dataset for variant 'complete_cases' 
[2026-06-03 11:59:53] [INFO] 04b_gee - building per-imputation long datasets 
[2026-06-03 11:59:53] [INFO] 04b_gee - fitting unadjusted and adjusted GEE models 
[2026-06-03 11:59:53] [INFO] 04b_gee - fitting geeglm (unadjusted) on imputation 1/1 
[2026-06-03 11:59:53] [INFO] 04b_gee - finished unadjusted imputation 1/1 in 0.1s 
[2026-06-03 11:59:53] [INFO] 04b_gee - pooling unadjusted GEE contrasts across imputations 
[2026-06-03 11:59:53] [INFO] 04b_gee - fitting geeglm (adjusted) on imputation 1/1 
[2026-06-03 11:59:54] [INFO] 04b_gee - finished adjusted imputation 1/1 in 0.1s 
[2026-06-03 11:59:54] [INFO] 04b_gee - pooling adjusted GEE contrasts across imputations 
[2026-06-03 12:00:12] [INFO] 02_imputation - running the configured basic MICE sensitivity 
[2026-06-03 12:00:49] [INFO] 04b_gee - reconstructing 20 imputed long datasets 
[2026-06-03 12:00:49] [INFO] 04b_gee - building per-imputation long datasets 
[2026-06-03 12:00:51] [INFO] 04b_gee - fitting unadjusted and adjusted GEE models 
[2026-06-03 12:00:51] [INFO] 04b_gee - fitting geeglm (unadjusted) on imputation 1/20 
[2026-06-03 12:00:51] [INFO] 04b_gee - finished unadjusted imputation 1/20 in 0.1s 
[2026-06-03 12:00:51] [INFO] 04b_gee - fitting geeglm (unadjusted) on imputation 2/20 
[2026-06-03 12:00:51] [INFO] 04b_gee - finished unadjusted imputation 2/20 in 0.1s 
[2026-06-03 12:00:51] [INFO] 04b_gee - fitting geeglm (unadjusted) on imputation 3/20 
[2026-06-03 12:00:51] [INFO] 04b_gee - finished unadjusted imputation 3/20 in 0.1s 
[2026-06-03 12:00:51] [INFO] 04b_gee - fitting geeglm (unadjusted) on imputation 4/20 
[2026-06-03 12:00:51] [INFO] 04b_gee - finished unadjusted imputation 4/20 in 0.1s 
[2026-06-03 12:00:51] [INFO] 04b_gee - fitting geeglm (unadjusted) on imputation 5/20 
[2026-06-03 12:00:51] [INFO] 04b_gee - finished unadjusted imputation 5/20 in 0.1s 
[2026-06-03 12:00:51] [INFO] 04b_gee - fitting geeglm (unadjusted) on imputation 6/20 
[2026-06-03 12:00:51] [INFO] 04b_gee - finished unadjusted imputation 6/20 in 0.1s 
[2026-06-03 12:00:51] [INFO] 04b_gee - fitting geeglm (unadjusted) on imputation 7/20 
[2026-06-03 12:00:51] [INFO] 04b_gee - finished unadjusted imputation 7/20 in 0.1s 
[2026-06-03 12:00:51] [INFO] 04b_gee - fitting geeglm (unadjusted) on imputation 8/20 
[2026-06-03 12:00:51] [INFO] 04b_gee - finished unadjusted imputation 8/20 in 0.1s 
[2026-06-03 12:00:51] [INFO] 04b_gee - fitting geeglm (unadjusted) on imputation 9/20 
[2026-06-03 12:00:51] [INFO] 04b_gee - finished unadjusted imputation 9/20 in 0.1s 
[2026-06-03 12:00:51] [INFO] 04b_gee - fitting geeglm (unadjusted) on imputation 10/20 
[2026-06-03 12:00:52] [INFO] 04b_gee - finished unadjusted imputation 10/20 in 0.1s 
[2026-06-03 12:00:52] [INFO] 04b_gee - fitting geeglm (unadjusted) on imputation 11/20 
[2026-06-03 12:00:52] [INFO] 04b_gee - finished unadjusted imputation 11/20 in 0.1s 
[2026-06-03 12:00:52] [INFO] 04b_gee - fitting geeglm (unadjusted) on imputation 12/20 
[2026-06-03 12:00:52] [INFO] 04b_gee - finished unadjusted imputation 12/20 in 0.1s 
[2026-06-03 12:00:52] [INFO] 04b_gee - fitting geeglm (unadjusted) on imputation 13/20 
[2026-06-03 12:00:52] [INFO] 04b_gee - finished unadjusted imputation 13/20 in 0.1s 
[2026-06-03 12:00:52] [INFO] 04b_gee - fitting geeglm (unadjusted) on imputation 14/20 
[2026-06-03 12:00:52] [INFO] 04b_gee - finished unadjusted imputation 14/20 in 0.1s 
[2026-06-03 12:00:52] [INFO] 04b_gee - fitting geeglm (unadjusted) on imputation 15/20 
[2026-06-03 12:00:52] [INFO] 04b_gee - finished unadjusted imputation 15/20 in 0.2s 
[2026-06-03 12:00:52] [INFO] 04b_gee - fitting geeglm (unadjusted) on imputation 16/20 
[2026-06-03 12:00:52] [INFO] 04b_gee - finished unadjusted imputation 16/20 in 0.1s 
[2026-06-03 12:00:52] [INFO] 04b_gee - fitting geeglm (unadjusted) on imputation 17/20 
[2026-06-03 12:00:52] [INFO] 04b_gee - finished unadjusted imputation 17/20 in 0.1s 
[2026-06-03 12:00:52] [INFO] 04b_gee - fitting geeglm (unadjusted) on imputation 18/20 
[2026-06-03 12:00:53] [INFO] 04b_gee - finished unadjusted imputation 18/20 in 0.1s 
[2026-06-03 12:00:53] [INFO] 04b_gee - fitting geeglm (unadjusted) on imputation 19/20 
[2026-06-03 12:00:53] [INFO] 04b_gee - finished unadjusted imputation 19/20 in 0.1s 
[2026-06-03 12:00:53] [INFO] 04b_gee - fitting geeglm (unadjusted) on imputation 20/20 
[2026-06-03 12:00:53] [INFO] 04b_gee - finished unadjusted imputation 20/20 in 0.1s 
[2026-06-03 12:00:53] [INFO] 04b_gee - pooling unadjusted GEE contrasts across imputations 
[2026-06-03 12:00:53] [INFO] 04b_gee - fitting geeglm (adjusted) on imputation 1/20 
[2026-06-03 12:00:53] [INFO] 04b_gee - finished adjusted imputation 1/20 in 0.2s 
[2026-06-03 12:00:53] [INFO] 04b_gee - fitting geeglm (adjusted) on imputation 2/20 
[2026-06-03 12:00:53] [INFO] 04b_gee - finished adjusted imputation 2/20 in 0.1s 
[2026-06-03 12:00:53] [INFO] 04b_gee - fitting geeglm (adjusted) on imputation 3/20 
[2026-06-03 12:00:53] [INFO] 04b_gee - finished adjusted imputation 3/20 in 0.1s 
[2026-06-03 12:00:53] [INFO] 04b_gee - fitting geeglm (adjusted) on imputation 4/20 
[2026-06-03 12:00:53] [INFO] 04b_gee - finished adjusted imputation 4/20 in 0.1s 
[2026-06-03 12:00:53] [INFO] 04b_gee - fitting geeglm (adjusted) on imputation 5/20 
[2026-06-03 12:00:54] [INFO] 04b_gee - finished adjusted imputation 5/20 in 0.1s 
[2026-06-03 12:00:54] [INFO] 04b_gee - fitting geeglm (adjusted) on imputation 6/20 
[2026-06-03 12:00:54] [INFO] 04b_gee - finished adjusted imputation 6/20 in 0.1s 
[2026-06-03 12:00:54] [INFO] 04b_gee - fitting geeglm (adjusted) on imputation 7/20 
[2026-06-03 12:00:54] [INFO] 04b_gee - finished adjusted imputation 7/20 in 0.1s 
[2026-06-03 12:00:54] [INFO] 04b_gee - fitting geeglm (adjusted) on imputation 8/20 
[2026-06-03 12:00:54] [INFO] 04b_gee - finished adjusted imputation 8/20 in 0.1s 
[2026-06-03 12:00:54] [INFO] 04b_gee - fitting geeglm (adjusted) on imputation 9/20 
[2026-06-03 12:00:54] [INFO] 04b_gee - finished adjusted imputation 9/20 in 0.1s 
[2026-06-03 12:00:54] [INFO] 04b_gee - fitting geeglm (adjusted) on imputation 10/20 
[2026-06-03 12:00:54] [INFO] 04b_gee - finished adjusted imputation 10/20 in 0.1s 
[2026-06-03 12:00:54] [INFO] 04b_gee - fitting geeglm (adjusted) on imputation 11/20 
[2026-06-03 12:00:55] [INFO] 04b_gee - finished adjusted imputation 11/20 in 0.3s 
[2026-06-03 12:00:55] [INFO] 04b_gee - fitting geeglm (adjusted) on imputation 12/20 
[2026-06-03 12:00:55] [INFO] 04b_gee - finished adjusted imputation 12/20 in 0.1s 
[2026-06-03 12:00:55] [INFO] 04b_gee - fitting geeglm (adjusted) on imputation 13/20 
[2026-06-03 12:00:55] [INFO] 04b_gee - finished adjusted imputation 13/20 in 0.1s 
[2026-06-03 12:00:55] [INFO] 04b_gee - fitting geeglm (adjusted) on imputation 14/20 
[2026-06-03 12:00:55] [INFO] 04b_gee - finished adjusted imputation 14/20 in 0.1s 
[2026-06-03 12:00:55] [INFO] 04b_gee - fitting geeglm (adjusted) on imputation 15/20 
[2026-06-03 12:00:55] [INFO] 04b_gee - finished adjusted imputation 15/20 in 0.1s 
[2026-06-03 12:00:55] [INFO] 04b_gee - fitting geeglm (adjusted) on imputation 16/20 
[2026-06-03 12:00:55] [INFO] 04b_gee - finished adjusted imputation 16/20 in 0.1s 
[2026-06-03 12:00:55] [INFO] 04b_gee - fitting geeglm (adjusted) on imputation 17/20 
[2026-06-03 12:00:55] [INFO] 04b_gee - finished adjusted imputation 17/20 in 0.1s 
[2026-06-03 12:00:55] [INFO] 04b_gee - fitting geeglm (adjusted) on imputation 18/20 
[2026-06-03 12:00:55] [INFO] 04b_gee - finished adjusted imputation 18/20 in 0.1s 
[2026-06-03 12:00:55] [INFO] 04b_gee - fitting geeglm (adjusted) on imputation 19/20 
[2026-06-03 12:00:56] [INFO] 04b_gee - finished adjusted imputation 19/20 in 0.1s 
[2026-06-03 12:00:56] [INFO] 04b_gee - fitting geeglm (adjusted) on imputation 20/20 
[2026-06-03 12:00:56] [INFO] 04b_gee - finished adjusted imputation 20/20 in 0.1s 
[2026-06-03 12:00:56] [INFO] 04b_gee - pooling adjusted GEE contrasts across imputations 
[2026-06-03 12:00:56] [INFO] 02_imputation - running the simple within-arm mean/mode sensitivity 
[2026-06-03 12:00:56] [INFO] 04b_gee - using single completed dataset for variant 'simple' 
[2026-06-03 12:00:56] [INFO] 04b_gee - building per-imputation long datasets 
[2026-06-03 12:00:56] [INFO] 04b_gee - fitting unadjusted and adjusted GEE models 
[2026-06-03 12:00:56] [INFO] 04b_gee - fitting geeglm (unadjusted) on imputation 1/1 
[2026-06-03 12:00:56] [INFO] 04b_gee - finished unadjusted imputation 1/1 in 0.1s 
[2026-06-03 12:00:56] [INFO] 04b_gee - pooling unadjusted GEE contrasts across imputations 
[2026-06-03 12:00:56] [INFO] 04b_gee - fitting geeglm (adjusted) on imputation 1/1 
[2026-06-03 12:00:56] [INFO] 04b_gee - finished adjusted imputation 1/1 in 0.1s 
[2026-06-03 12:00:56] [INFO] 04b_gee - pooling adjusted GEE contrasts across imputations 
[2026-06-03 12:02:03] [INFO] 02_imputation - running the configured basic MICE sensitivity 
[2026-06-03 12:02:41] [INFO] 02_imputation - running the simple within-arm mean/mode sensitivity 
[2026-06-03 12:03:45] [START] smoke_tests - running fast validation checks 
[2026-06-03 12:03:45] [INFO] smoke_tests - checking canonical cleaning stage 
[2026-06-03 12:03:46] [START] 01_cleaning - reading raw questionnaire and cost files 
[2026-06-03 12:03:46] [INFO] 01_cleaning - loading baseline and follow-up questionnaires 
[2026-06-03 12:03:47] [DONE] 01_cleaning - saved canonical cleaning artifact (elapsed 1.5s) 
[2026-06-03 12:03:47] [INFO] smoke_tests - building imputation frame without running MICE 
[2026-06-03 12:03:47] [INFO] smoke_tests - checking optional canonical artifacts 
[2026-06-03 12:03:48] [INFO] 05_cost_effectiveness - running smoke_cea MI bootstrap branch 
[2026-06-03 12:03:49] [INFO] 05_cost_effectiveness - bootstrap iteration 1/1 
[2026-06-03 12:03:52] [DONE] smoke_tests - smoke tests passed (elapsed 6.4s) 
[2026-06-03 12:42:24] [START] 02_imputation - building the main wide imputation frame 
[2026-06-03 12:42:24] [INFO] 02_imputation - building the effectiveness-specific MICE branch 
[2026-06-03 12:42:24] [INFO] 02_imputation - running effectiveness MICE: 24 variables, 8 imputed targets, 326 predictor links 
[2026-06-03 12:42:39] [INFO] 02_imputation - building the CEA-specific MICE branch 
[2026-06-03 12:42:39] [INFO] 02_imputation - running cea MICE: 54 variables, 34 imputed targets, 1599 predictor links 
[2026-06-03 12:43:50] [DONE] 02_imputation - saved canonical imputation artifact (elapsed 86.5s) 
[2026-06-03 12:44:34] [START] 04b_gee - fitting the configured GEE effectiveness model 
[2026-06-03 12:44:34] [INFO] 04b_gee - reconstructing 20 imputed long datasets 
[2026-06-03 12:44:34] [INFO] 04b_gee - building per-imputation long datasets 
[2026-06-03 12:44:35] [INFO] 04b_gee - fitting unadjusted and adjusted GEE models 
[2026-06-03 12:44:35] [INFO] 04b_gee - fitting geeglm (unadjusted) on imputation 1/20 
[2026-06-03 12:44:35] [INFO] 04b_gee - finished unadjusted imputation 1/20 in 0.2s 
[2026-06-03 12:44:35] [INFO] 04b_gee - fitting geeglm (unadjusted) on imputation 2/20 
[2026-06-03 12:44:35] [INFO] 04b_gee - finished unadjusted imputation 2/20 in 0.1s 
[2026-06-03 12:44:35] [INFO] 04b_gee - fitting geeglm (unadjusted) on imputation 3/20 
[2026-06-03 12:44:35] [INFO] 04b_gee - finished unadjusted imputation 3/20 in 0.1s 
[2026-06-03 12:44:35] [INFO] 04b_gee - fitting geeglm (unadjusted) on imputation 4/20 
[2026-06-03 12:44:35] [INFO] 04b_gee - finished unadjusted imputation 4/20 in 0.1s 
[2026-06-03 12:44:35] [INFO] 04b_gee - fitting geeglm (unadjusted) on imputation 5/20 
[2026-06-03 12:44:35] [INFO] 04b_gee - finished unadjusted imputation 5/20 in 0.1s 
[2026-06-03 12:44:35] [INFO] 04b_gee - fitting geeglm (unadjusted) on imputation 6/20 
[2026-06-03 12:44:35] [INFO] 04b_gee - finished unadjusted imputation 6/20 in 0.1s 
[2026-06-03 12:44:35] [INFO] 04b_gee - fitting geeglm (unadjusted) on imputation 7/20 
[2026-06-03 12:44:35] [INFO] 04b_gee - finished unadjusted imputation 7/20 in 0.1s 
[2026-06-03 12:44:35] [INFO] 04b_gee - fitting geeglm (unadjusted) on imputation 8/20 
[2026-06-03 12:44:35] [INFO] 04b_gee - finished unadjusted imputation 8/20 in 0.1s 
[2026-06-03 12:44:35] [INFO] 04b_gee - fitting geeglm (unadjusted) on imputation 9/20 
[2026-06-03 12:44:35] [INFO] 04b_gee - finished unadjusted imputation 9/20 in 0.1s 
[2026-06-03 12:44:35] [INFO] 04b_gee - fitting geeglm (unadjusted) on imputation 10/20 
[2026-06-03 12:44:35] [INFO] 04b_gee - finished unadjusted imputation 10/20 in 0.1s 
[2026-06-03 12:44:35] [INFO] 04b_gee - fitting geeglm (unadjusted) on imputation 11/20 
[2026-06-03 12:44:36] [INFO] 04b_gee - finished unadjusted imputation 11/20 in 0.2s 
[2026-06-03 12:44:36] [INFO] 04b_gee - fitting geeglm (unadjusted) on imputation 12/20 
[2026-06-03 12:44:36] [INFO] 04b_gee - finished unadjusted imputation 12/20 in 0.1s 
[2026-06-03 12:44:36] [INFO] 04b_gee - fitting geeglm (unadjusted) on imputation 13/20 
[2026-06-03 12:44:36] [INFO] 04b_gee - finished unadjusted imputation 13/20 in 0.1s 
[2026-06-03 12:44:36] [INFO] 04b_gee - fitting geeglm (unadjusted) on imputation 14/20 
[2026-06-03 12:44:36] [INFO] 04b_gee - finished unadjusted imputation 14/20 in 0.1s 
[2026-06-03 12:44:36] [INFO] 04b_gee - fitting geeglm (unadjusted) on imputation 15/20 
[2026-06-03 12:44:36] [INFO] 04b_gee - finished unadjusted imputation 15/20 in 0.1s 
[2026-06-03 12:44:36] [INFO] 04b_gee - fitting geeglm (unadjusted) on imputation 16/20 
[2026-06-03 12:44:36] [INFO] 04b_gee - finished unadjusted imputation 16/20 in 0.1s 
[2026-06-03 12:44:36] [INFO] 04b_gee - fitting geeglm (unadjusted) on imputation 17/20 
[2026-06-03 12:44:36] [INFO] 04b_gee - finished unadjusted imputation 17/20 in 0.1s 
[2026-06-03 12:44:36] [INFO] 04b_gee - fitting geeglm (unadjusted) on imputation 18/20 
[2026-06-03 12:44:36] [INFO] 04b_gee - finished unadjusted imputation 18/20 in 0.1s 
[2026-06-03 12:44:36] [INFO] 04b_gee - fitting geeglm (unadjusted) on imputation 19/20 
[2026-06-03 12:44:37] [INFO] 04b_gee - finished unadjusted imputation 19/20 in 0.1s 
[2026-06-03 12:44:37] [INFO] 04b_gee - fitting geeglm (unadjusted) on imputation 20/20 
[2026-06-03 12:44:37] [INFO] 04b_gee - finished unadjusted imputation 20/20 in 0.1s 
[2026-06-03 12:44:37] [INFO] 04b_gee - pooling unadjusted GEE contrasts across imputations 
[2026-06-03 12:44:37] [INFO] 04b_gee - fitting geeglm (adjusted) on imputation 1/20 
[2026-06-03 12:44:37] [INFO] 04b_gee - finished adjusted imputation 1/20 in 0.1s 
[2026-06-03 12:44:37] [INFO] 04b_gee - fitting geeglm (adjusted) on imputation 2/20 
[2026-06-03 12:44:37] [INFO] 04b_gee - finished adjusted imputation 2/20 in 0.1s 
[2026-06-03 12:44:37] [INFO] 04b_gee - fitting geeglm (adjusted) on imputation 3/20 
[2026-06-03 12:44:37] [INFO] 04b_gee - finished adjusted imputation 3/20 in 0.2s 
[2026-06-03 12:44:37] [INFO] 04b_gee - fitting geeglm (adjusted) on imputation 4/20 
[2026-06-03 12:44:37] [INFO] 04b_gee - finished adjusted imputation 4/20 in 0.1s 
[2026-06-03 12:44:37] [INFO] 04b_gee - fitting geeglm (adjusted) on imputation 5/20 
[2026-06-03 12:44:38] [INFO] 04b_gee - finished adjusted imputation 5/20 in 0.2s 
[2026-06-03 12:44:38] [INFO] 04b_gee - fitting geeglm (adjusted) on imputation 6/20 
[2026-06-03 12:44:38] [INFO] 04b_gee - finished adjusted imputation 6/20 in 0.2s 
[2026-06-03 12:44:38] [INFO] 04b_gee - fitting geeglm (adjusted) on imputation 7/20 
[2026-06-03 12:44:38] [INFO] 04b_gee - finished adjusted imputation 7/20 in 0.1s 
[2026-06-03 12:44:38] [INFO] 04b_gee - fitting geeglm (adjusted) on imputation 8/20 
[2026-06-03 12:44:38] [INFO] 04b_gee - finished adjusted imputation 8/20 in 0.1s 
[2026-06-03 12:44:38] [INFO] 04b_gee - fitting geeglm (adjusted) on imputation 9/20 
[2026-06-03 12:44:38] [INFO] 04b_gee - finished adjusted imputation 9/20 in 0.1s 
[2026-06-03 12:44:38] [INFO] 04b_gee - fitting geeglm (adjusted) on imputation 10/20 
[2026-06-03 12:44:38] [INFO] 04b_gee - finished adjusted imputation 10/20 in 0.1s 
[2026-06-03 12:44:38] [INFO] 04b_gee - fitting geeglm (adjusted) on imputation 11/20 
[2026-06-03 12:44:38] [INFO] 04b_gee - finished adjusted imputation 11/20 in 0.1s 
[2026-06-03 12:44:38] [INFO] 04b_gee - fitting geeglm (adjusted) on imputation 12/20 
[2026-06-03 12:44:38] [INFO] 04b_gee - finished adjusted imputation 12/20 in 0.1s 
[2026-06-03 12:44:38] [INFO] 04b_gee - fitting geeglm (adjusted) on imputation 13/20 
[2026-06-03 12:44:39] [INFO] 04b_gee - finished adjusted imputation 13/20 in 0.1s 
[2026-06-03 12:44:39] [INFO] 04b_gee - fitting geeglm (adjusted) on imputation 14/20 
[2026-06-03 12:44:39] [INFO] 04b_gee - finished adjusted imputation 14/20 in 0.1s 
[2026-06-03 12:44:39] [INFO] 04b_gee - fitting geeglm (adjusted) on imputation 15/20 
[2026-06-03 12:44:39] [INFO] 04b_gee - finished adjusted imputation 15/20 in 0.1s 
[2026-06-03 12:44:39] [INFO] 04b_gee - fitting geeglm (adjusted) on imputation 16/20 
[2026-06-03 12:44:39] [INFO] 04b_gee - finished adjusted imputation 16/20 in 0.1s 
[2026-06-03 12:44:39] [INFO] 04b_gee - fitting geeglm (adjusted) on imputation 17/20 
[2026-06-03 12:44:39] [INFO] 04b_gee - finished adjusted imputation 17/20 in 0.1s 
[2026-06-03 12:44:39] [INFO] 04b_gee - fitting geeglm (adjusted) on imputation 18/20 
[2026-06-03 12:44:39] [INFO] 04b_gee - finished adjusted imputation 18/20 in 0.1s 
[2026-06-03 12:44:39] [INFO] 04b_gee - fitting geeglm (adjusted) on imputation 19/20 
[2026-06-03 12:44:39] [INFO] 04b_gee - finished adjusted imputation 19/20 in 0.2s 
[2026-06-03 12:44:39] [INFO] 04b_gee - fitting geeglm (adjusted) on imputation 20/20 
[2026-06-03 12:44:39] [INFO] 04b_gee - finished adjusted imputation 20/20 in 0.1s 
[2026-06-03 12:44:39] [INFO] 04b_gee - pooling adjusted GEE contrasts across imputations 
[2026-06-03 12:44:47] [DONE] 04b_gee - saved canonical GEE effectiveness artifact (elapsed 13.0s) 
[2026-06-03 12:45:11] [INFO] 05_cost_effectiveness - running cea_mids_smoke MI bootstrap branch 
[2026-06-03 12:45:13] [INFO] 05_cost_effectiveness - bootstrap iteration 1/2 
[2026-06-03 12:45:13] [INFO] 05_cost_effectiveness - bootstrap iteration 2/2 
[2026-06-03 12:45:23] [START] 05_cost_effectiveness - running the main wide-imputed CEA branch 
[2026-06-03 12:45:23] [INFO] 05_cost_effectiveness - running mi_main MI bootstrap branch 
[2026-06-03 12:45:25] [INFO] 05_cost_effectiveness - bootstrap iteration 1/5000 
[2026-06-03 12:47:17] [INFO] 05_cost_effectiveness - bootstrap iteration 500/5000 
[2026-06-03 12:49:43] [INFO] 05_cost_effectiveness - bootstrap iteration 1000/5000 
[2026-06-03 12:52:12] [INFO] 05_cost_effectiveness - bootstrap iteration 1500/5000 
[2026-06-03 12:54:46] [INFO] 05_cost_effectiveness - bootstrap iteration 2000/5000 
[2026-06-03 12:56:48] [INFO] 05_cost_effectiveness - bootstrap iteration 2500/5000 
[2026-06-03 12:59:03] [INFO] 05_cost_effectiveness - bootstrap iteration 3000/5000 
[2026-06-03 13:01:23] [INFO] 05_cost_effectiveness - bootstrap iteration 3500/5000 
[2026-06-03 13:03:41] [INFO] 05_cost_effectiveness - bootstrap iteration 4000/5000 
[2026-06-03 13:05:48] [INFO] 05_cost_effectiveness - bootstrap iteration 4500/5000 
[2026-06-03 13:08:00] [INFO] 05_cost_effectiveness - bootstrap iteration 5000/5000 
[2026-06-03 13:08:00] [INFO] 05_cost_effectiveness - main MI CEA cohort built: 835 patients, 5000 bootstrap estimates 
[2026-06-03 13:08:01] [DONE] 05_cost_effectiveness - saved canonical CEA artifact and CEA CSV exports (elapsed 1357.2s) 
[2026-06-03 13:08:27] [START] 06_outputs - assembling manuscript output artifact 
[2026-06-03 13:08:27] [START] 07_manuscript_report - assembling a readable manuscript results brief 
[2026-06-03 13:08:31] [DONE] 07_manuscript_report - saved canonical manuscript report artifact and Markdown brief (elapsed 4.6s) 
[2026-06-03 13:08:32] [INFO] 06_outputs - loaded effectiveness and CEA model artefacts 
[2026-06-03 13:08:32] [INFO] 06_outputs - assembling manuscript-ready comparison tables 
[2026-06-03 13:08:32] [DONE] 06_outputs - saved canonical manuscript outputs artifact and manuscript summary CSV (elapsed 5.6s) 
[2026-06-03 13:09:45] [START] smoke_tests - running fast validation checks 
[2026-06-03 13:09:45] [INFO] smoke_tests - checking canonical cleaning stage 
[2026-06-03 13:09:46] [START] 01_cleaning - reading raw questionnaire and cost files 
[2026-06-03 13:09:46] [INFO] 01_cleaning - loading baseline and follow-up questionnaires 
[2026-06-03 13:09:48] [DONE] 01_cleaning - saved canonical cleaning artifact (elapsed 1.7s) 
[2026-06-03 13:09:48] [INFO] smoke_tests - building imputation frame without running MICE 
[2026-06-03 13:09:48] [INFO] smoke_tests - checking optional canonical artifacts 
[2026-06-03 13:09:48] [INFO] 05_cost_effectiveness - running smoke_cea MI bootstrap branch 
[2026-06-03 13:09:49] [INFO] 05_cost_effectiveness - bootstrap iteration 1/1 
[2026-06-03 13:09:53] [DONE] smoke_tests - smoke tests passed (elapsed 7.5s) 
[2026-06-03 18:26:06] [START] 02_imputation - building the main wide imputation frame 
[2026-06-03 18:26:07] [INFO] 02_imputation - building the effectiveness-specific MICE branch 
[2026-06-03 18:26:07] [INFO] 02_imputation - running effectiveness MICE: 15 variables, 8 imputed targets, 92 predictor links 
[2026-06-03 18:26:14] [INFO] 02_imputation - building the CEA-specific MICE branch 
[2026-06-03 18:26:15] [INFO] 02_imputation - running cea MICE: 45 variables, 34 imputed targets, 1059 predictor links 
[2026-06-03 18:26:58] [DONE] 02_imputation - saved canonical imputation artifact (elapsed 51.1s) 
[2026-06-03 18:27:09] [START] 04b_gee - fitting the configured GEE effectiveness model 
[2026-06-03 18:27:09] [INFO] 04b_gee - reconstructing 20 imputed long datasets 
[2026-06-03 18:27:09] [INFO] 04b_gee - building per-imputation long datasets 
[2026-06-03 18:27:10] [INFO] 04b_gee - fitting unadjusted and adjusted GEE models 
[2026-06-03 18:27:10] [INFO] 04b_gee - fitting geeglm (unadjusted) on imputation 1/20 
[2026-06-03 18:27:10] [INFO] 04b_gee - finished unadjusted imputation 1/20 in 0.2s 
[2026-06-03 18:27:10] [INFO] 04b_gee - fitting geeglm (unadjusted) on imputation 2/20 
[2026-06-03 18:27:10] [INFO] 04b_gee - finished unadjusted imputation 2/20 in 0.1s 
[2026-06-03 18:27:10] [INFO] 04b_gee - fitting geeglm (unadjusted) on imputation 3/20 
[2026-06-03 18:27:10] [INFO] 04b_gee - finished unadjusted imputation 3/20 in 0.1s 
[2026-06-03 18:27:10] [INFO] 04b_gee - fitting geeglm (unadjusted) on imputation 4/20 
[2026-06-03 18:27:10] [INFO] 04b_gee - finished unadjusted imputation 4/20 in 0.1s 
[2026-06-03 18:27:10] [INFO] 04b_gee - fitting geeglm (unadjusted) on imputation 5/20 
[2026-06-03 18:27:10] [INFO] 04b_gee - finished unadjusted imputation 5/20 in 0.2s 
[2026-06-03 18:27:10] [INFO] 04b_gee - fitting geeglm (unadjusted) on imputation 6/20 
[2026-06-03 18:27:10] [INFO] 04b_gee - finished unadjusted imputation 6/20 in 0.1s 
[2026-06-03 18:27:10] [INFO] 04b_gee - fitting geeglm (unadjusted) on imputation 7/20 
[2026-06-03 18:27:11] [INFO] 04b_gee - finished unadjusted imputation 7/20 in 0.1s 
[2026-06-03 18:27:11] [INFO] 04b_gee - fitting geeglm (unadjusted) on imputation 8/20 
[2026-06-03 18:27:11] [INFO] 04b_gee - finished unadjusted imputation 8/20 in 0.1s 
[2026-06-03 18:27:11] [INFO] 04b_gee - fitting geeglm (unadjusted) on imputation 9/20 
[2026-06-03 18:27:11] [INFO] 04b_gee - finished unadjusted imputation 9/20 in 0.1s 
[2026-06-03 18:27:11] [INFO] 04b_gee - fitting geeglm (unadjusted) on imputation 10/20 
[2026-06-03 18:27:11] [INFO] 04b_gee - finished unadjusted imputation 10/20 in 0.1s 
[2026-06-03 18:27:11] [INFO] 04b_gee - fitting geeglm (unadjusted) on imputation 11/20 
[2026-06-03 18:27:11] [INFO] 04b_gee - finished unadjusted imputation 11/20 in 0.1s 
[2026-06-03 18:27:11] [INFO] 04b_gee - fitting geeglm (unadjusted) on imputation 12/20 
[2026-06-03 18:27:11] [INFO] 04b_gee - finished unadjusted imputation 12/20 in 0.1s 
[2026-06-03 18:27:11] [INFO] 04b_gee - fitting geeglm (unadjusted) on imputation 13/20 
[2026-06-03 18:27:11] [INFO] 04b_gee - finished unadjusted imputation 13/20 in 0.1s 
[2026-06-03 18:27:11] [INFO] 04b_gee - fitting geeglm (unadjusted) on imputation 14/20 
[2026-06-03 18:27:11] [INFO] 04b_gee - finished unadjusted imputation 14/20 in 0.1s 
[2026-06-03 18:27:11] [INFO] 04b_gee - fitting geeglm (unadjusted) on imputation 15/20 
[2026-06-03 18:27:11] [INFO] 04b_gee - finished unadjusted imputation 15/20 in 0.1s 
[2026-06-03 18:27:11] [INFO] 04b_gee - fitting geeglm (unadjusted) on imputation 16/20 
[2026-06-03 18:27:11] [INFO] 04b_gee - finished unadjusted imputation 16/20 in 0.1s 
[2026-06-03 18:27:11] [INFO] 04b_gee - fitting geeglm (unadjusted) on imputation 17/20 
[2026-06-03 18:27:11] [INFO] 04b_gee - finished unadjusted imputation 17/20 in 0.1s 
[2026-06-03 18:27:11] [INFO] 04b_gee - fitting geeglm (unadjusted) on imputation 18/20 
[2026-06-03 18:27:11] [INFO] 04b_gee - finished unadjusted imputation 18/20 in 0.1s 
[2026-06-03 18:27:11] [INFO] 04b_gee - fitting geeglm (unadjusted) on imputation 19/20 
[2026-06-03 18:27:11] [INFO] 04b_gee - finished unadjusted imputation 19/20 in 0.1s 
[2026-06-03 18:27:11] [INFO] 04b_gee - fitting geeglm (unadjusted) on imputation 20/20 
[2026-06-03 18:27:11] [INFO] 04b_gee - finished unadjusted imputation 20/20 in 0.1s 
[2026-06-03 18:27:11] [INFO] 04b_gee - pooling unadjusted GEE contrasts across imputations 
[2026-06-03 18:27:12] [INFO] 04b_gee - fitting geeglm (adjusted) on imputation 1/20 
[2026-06-03 18:27:12] [INFO] 04b_gee - finished adjusted imputation 1/20 in 0.1s 
[2026-06-03 18:27:12] [INFO] 04b_gee - fitting geeglm (adjusted) on imputation 2/20 
[2026-06-03 18:27:12] [INFO] 04b_gee - finished adjusted imputation 2/20 in 0.1s 
[2026-06-03 18:27:12] [INFO] 04b_gee - fitting geeglm (adjusted) on imputation 3/20 
[2026-06-03 18:27:12] [INFO] 04b_gee - finished adjusted imputation 3/20 in 0.1s 
[2026-06-03 18:27:12] [INFO] 04b_gee - fitting geeglm (adjusted) on imputation 4/20 
[2026-06-03 18:27:12] [INFO] 04b_gee - finished adjusted imputation 4/20 in 0.1s 
[2026-06-03 18:27:12] [INFO] 04b_gee - fitting geeglm (adjusted) on imputation 5/20 
[2026-06-03 18:27:12] [INFO] 04b_gee - finished adjusted imputation 5/20 in 0.2s 
[2026-06-03 18:27:12] [INFO] 04b_gee - fitting geeglm (adjusted) on imputation 6/20 
[2026-06-03 18:27:12] [INFO] 04b_gee - finished adjusted imputation 6/20 in 0.1s 
[2026-06-03 18:27:12] [INFO] 04b_gee - fitting geeglm (adjusted) on imputation 7/20 
[2026-06-03 18:27:12] [INFO] 04b_gee - finished adjusted imputation 7/20 in 0.1s 
[2026-06-03 18:27:12] [INFO] 04b_gee - fitting geeglm (adjusted) on imputation 8/20 
[2026-06-03 18:27:13] [INFO] 04b_gee - finished adjusted imputation 8/20 in 0.1s 
[2026-06-03 18:27:13] [INFO] 04b_gee - fitting geeglm (adjusted) on imputation 9/20 
[2026-06-03 18:27:13] [INFO] 04b_gee - finished adjusted imputation 9/20 in 0.1s 
[2026-06-03 18:27:13] [INFO] 04b_gee - fitting geeglm (adjusted) on imputation 10/20 
[2026-06-03 18:27:13] [INFO] 04b_gee - finished adjusted imputation 10/20 in 0.1s 
[2026-06-03 18:27:13] [INFO] 04b_gee - fitting geeglm (adjusted) on imputation 11/20 
[2026-06-03 18:27:13] [INFO] 04b_gee - finished adjusted imputation 11/20 in 0.1s 
[2026-06-03 18:27:13] [INFO] 04b_gee - fitting geeglm (adjusted) on imputation 12/20 
[2026-06-03 18:27:13] [INFO] 04b_gee - finished adjusted imputation 12/20 in 0.1s 
[2026-06-03 18:27:13] [INFO] 04b_gee - fitting geeglm (adjusted) on imputation 13/20 
[2026-06-03 18:27:13] [INFO] 04b_gee - finished adjusted imputation 13/20 in 0.1s 
[2026-06-03 18:27:13] [INFO] 04b_gee - fitting geeglm (adjusted) on imputation 14/20 
[2026-06-03 18:27:13] [INFO] 04b_gee - finished adjusted imputation 14/20 in 0.1s 
[2026-06-03 18:27:13] [INFO] 04b_gee - fitting geeglm (adjusted) on imputation 15/20 
[2026-06-03 18:27:13] [INFO] 04b_gee - finished adjusted imputation 15/20 in 0.1s 
[2026-06-03 18:27:13] [INFO] 04b_gee - fitting geeglm (adjusted) on imputation 16/20 
[2026-06-03 18:27:13] [INFO] 04b_gee - finished adjusted imputation 16/20 in 0.1s 
[2026-06-03 18:27:13] [INFO] 04b_gee - fitting geeglm (adjusted) on imputation 17/20 
[2026-06-03 18:27:14] [INFO] 04b_gee - finished adjusted imputation 17/20 in 0.1s 
[2026-06-03 18:27:14] [INFO] 04b_gee - fitting geeglm (adjusted) on imputation 18/20 
[2026-06-03 18:27:14] [INFO] 04b_gee - finished adjusted imputation 18/20 in 0.2s 
[2026-06-03 18:27:14] [INFO] 04b_gee - fitting geeglm (adjusted) on imputation 19/20 
[2026-06-03 18:27:14] [INFO] 04b_gee - finished adjusted imputation 19/20 in 0.1s 
[2026-06-03 18:27:14] [INFO] 04b_gee - fitting geeglm (adjusted) on imputation 20/20 
[2026-06-03 18:27:14] [INFO] 04b_gee - finished adjusted imputation 20/20 in 0.1s 
[2026-06-03 18:27:14] [INFO] 04b_gee - pooling adjusted GEE contrasts across imputations 
[2026-06-03 18:27:21] [DONE] 04b_gee - saved canonical GEE effectiveness artifact (elapsed 11.7s) 
[2026-06-03 18:27:51] [START] 05_cost_effectiveness - running the main wide-imputed CEA branch 
[2026-06-03 18:27:51] [INFO] 05_cost_effectiveness - running mi_main MI bootstrap branch 
[2026-06-03 18:27:53] [INFO] 05_cost_effectiveness - bootstrap iteration 1/5000 
[2026-06-03 18:29:27] [INFO] 05_cost_effectiveness - bootstrap iteration 500/5000 
[2026-06-03 18:31:21] [INFO] 05_cost_effectiveness - bootstrap iteration 1000/5000 
[2026-06-03 18:33:29] [INFO] 05_cost_effectiveness - bootstrap iteration 1500/5000 
[2026-06-03 18:35:18] [INFO] 05_cost_effectiveness - bootstrap iteration 2000/5000 
[2026-06-03 18:35:49] [START] smoke_tests - running fast validation checks 
[2026-06-03 18:35:49] [INFO] smoke_tests - checking canonical cleaning stage 
[2026-06-03 18:35:50] [START] 01_cleaning - reading raw questionnaire and cost files 
[2026-06-03 18:35:50] [INFO] 01_cleaning - loading baseline and follow-up questionnaires 
[2026-06-03 18:35:52] [DONE] 01_cleaning - saved canonical cleaning artifact (elapsed 1.8s) 
[2026-06-03 18:35:52] [INFO] smoke_tests - building imputation frame without running MICE 
[2026-06-03 18:35:52] [INFO] smoke_tests - checking optional canonical artifacts 
[2026-06-03 18:35:55] [DONE] smoke_tests - smoke tests passed (elapsed 4.8s) 
[2026-06-03 18:36:59] [INFO] 05_cost_effectiveness - bootstrap iteration 2500/5000 
[2026-06-03 18:38:13] [INFO] 02_imputation - running effectiveness MICE: 17 variables, 8 imputed targets, 130 predictor links 
[2026-06-03 18:38:24] [INFO] 04b_gee - reconstructing 20 imputed long datasets 
[2026-06-03 18:38:24] [INFO] 04b_gee - building per-imputation long datasets 
[2026-06-03 18:38:25] [INFO] 04b_gee - fitting unadjusted and adjusted GEE models 
[2026-06-03 18:38:25] [INFO] 04b_gee - fitting geeglm (unadjusted) on imputation 1/20 
[2026-06-03 18:38:25] [INFO] 04b_gee - finished unadjusted imputation 1/20 in 0.2s 
[2026-06-03 18:38:25] [INFO] 04b_gee - fitting geeglm (unadjusted) on imputation 2/20 
[2026-06-03 18:38:25] [INFO] 04b_gee - finished unadjusted imputation 2/20 in 0.1s 
[2026-06-03 18:38:25] [INFO] 04b_gee - fitting geeglm (unadjusted) on imputation 3/20 
[2026-06-03 18:38:26] [INFO] 04b_gee - finished unadjusted imputation 3/20 in 0.1s 
[2026-06-03 18:38:26] [INFO] 04b_gee - fitting geeglm (unadjusted) on imputation 4/20 
[2026-06-03 18:38:26] [INFO] 04b_gee - finished unadjusted imputation 4/20 in 0.1s 
[2026-06-03 18:38:26] [INFO] 04b_gee - fitting geeglm (unadjusted) on imputation 5/20 
[2026-06-03 18:38:26] [INFO] 04b_gee - finished unadjusted imputation 5/20 in 0.1s 
[2026-06-03 18:38:26] [INFO] 04b_gee - fitting geeglm (unadjusted) on imputation 6/20 
[2026-06-03 18:38:26] [INFO] 04b_gee - finished unadjusted imputation 6/20 in 0.1s 
[2026-06-03 18:38:26] [INFO] 04b_gee - fitting geeglm (unadjusted) on imputation 7/20 
[2026-06-03 18:38:26] [INFO] 04b_gee - finished unadjusted imputation 7/20 in 0.1s 
[2026-06-03 18:38:26] [INFO] 04b_gee - fitting geeglm (unadjusted) on imputation 8/20 
[2026-06-03 18:38:26] [INFO] 04b_gee - finished unadjusted imputation 8/20 in 0.1s 
[2026-06-03 18:38:26] [INFO] 04b_gee - fitting geeglm (unadjusted) on imputation 9/20 
[2026-06-03 18:38:26] [INFO] 04b_gee - finished unadjusted imputation 9/20 in 0.1s 
[2026-06-03 18:38:26] [INFO] 04b_gee - fitting geeglm (unadjusted) on imputation 10/20 
[2026-06-03 18:38:26] [INFO] 04b_gee - finished unadjusted imputation 10/20 in 0.1s 
[2026-06-03 18:38:26] [INFO] 04b_gee - fitting geeglm (unadjusted) on imputation 11/20 
[2026-06-03 18:38:26] [INFO] 04b_gee - finished unadjusted imputation 11/20 in 0.1s 
[2026-06-03 18:38:26] [INFO] 04b_gee - fitting geeglm (unadjusted) on imputation 12/20 
[2026-06-03 18:38:26] [INFO] 04b_gee - finished unadjusted imputation 12/20 in 0.1s 
[2026-06-03 18:38:26] [INFO] 04b_gee - fitting geeglm (unadjusted) on imputation 13/20 
[2026-06-03 18:38:27] [INFO] 04b_gee - finished unadjusted imputation 13/20 in 0.1s 
[2026-06-03 18:38:27] [INFO] 04b_gee - fitting geeglm (unadjusted) on imputation 14/20 
[2026-06-03 18:38:27] [INFO] 04b_gee - finished unadjusted imputation 14/20 in 0.1s 
[2026-06-03 18:38:27] [INFO] 04b_gee - fitting geeglm (unadjusted) on imputation 15/20 
[2026-06-03 18:38:27] [INFO] 04b_gee - finished unadjusted imputation 15/20 in 0.1s 
[2026-06-03 18:38:27] [INFO] 04b_gee - fitting geeglm (unadjusted) on imputation 16/20 
[2026-06-03 18:38:27] [INFO] 04b_gee - finished unadjusted imputation 16/20 in 0.1s 
[2026-06-03 18:38:27] [INFO] 04b_gee - fitting geeglm (unadjusted) on imputation 17/20 
[2026-06-03 18:38:27] [INFO] 04b_gee - finished unadjusted imputation 17/20 in 0.2s 
[2026-06-03 18:38:27] [INFO] 04b_gee - fitting geeglm (unadjusted) on imputation 18/20 
[2026-06-03 18:38:27] [INFO] 04b_gee - finished unadjusted imputation 18/20 in 0.1s 
[2026-06-03 18:38:27] [INFO] 04b_gee - fitting geeglm (unadjusted) on imputation 19/20 
[2026-06-03 18:38:27] [INFO] 04b_gee - finished unadjusted imputation 19/20 in 0.1s 
[2026-06-03 18:38:27] [INFO] 04b_gee - fitting geeglm (unadjusted) on imputation 20/20 
[2026-06-03 18:38:27] [INFO] 04b_gee - finished unadjusted imputation 20/20 in 0.1s 
[2026-06-03 18:38:27] [INFO] 04b_gee - pooling unadjusted GEE contrasts across imputations 
[2026-06-03 18:38:27] [INFO] 04b_gee - fitting geeglm (adjusted) on imputation 1/20 
[2026-06-03 18:38:28] [INFO] 04b_gee - finished adjusted imputation 1/20 in 0.1s 
[2026-06-03 18:38:28] [INFO] 04b_gee - fitting geeglm (adjusted) on imputation 2/20 
[2026-06-03 18:38:28] [INFO] 04b_gee - finished adjusted imputation 2/20 in 0.1s 
[2026-06-03 18:38:28] [INFO] 04b_gee - fitting geeglm (adjusted) on imputation 3/20 
[2026-06-03 18:38:28] [INFO] 04b_gee - finished adjusted imputation 3/20 in 0.1s 
[2026-06-03 18:38:28] [INFO] 04b_gee - fitting geeglm (adjusted) on imputation 4/20 
[2026-06-03 18:38:28] [INFO] 04b_gee - finished adjusted imputation 4/20 in 0.1s 
[2026-06-03 18:38:28] [INFO] 04b_gee - fitting geeglm (adjusted) on imputation 5/20 
[2026-06-03 18:38:28] [INFO] 04b_gee - finished adjusted imputation 5/20 in 0.1s 
[2026-06-03 18:38:28] [INFO] 04b_gee - fitting geeglm (adjusted) on imputation 6/20 
[2026-06-03 18:38:28] [INFO] 04b_gee - finished adjusted imputation 6/20 in 0.1s 
[2026-06-03 18:38:28] [INFO] 04b_gee - fitting geeglm (adjusted) on imputation 7/20 
[2026-06-03 18:38:28] [INFO] 04b_gee - finished adjusted imputation 7/20 in 0.1s 
[2026-06-03 18:38:28] [INFO] 04b_gee - fitting geeglm (adjusted) on imputation 8/20 
[2026-06-03 18:38:28] [INFO] 04b_gee - finished adjusted imputation 8/20 in 0.2s 
[2026-06-03 18:38:28] [INFO] 04b_gee - fitting geeglm (adjusted) on imputation 9/20 
[2026-06-03 18:38:29] [INFO] 04b_gee - finished adjusted imputation 9/20 in 0.1s 
[2026-06-03 18:38:29] [INFO] 04b_gee - fitting geeglm (adjusted) on imputation 10/20 
[2026-06-03 18:38:29] [INFO] 04b_gee - finished adjusted imputation 10/20 in 0.1s 
[2026-06-03 18:38:29] [INFO] 04b_gee - fitting geeglm (adjusted) on imputation 11/20 
[2026-06-03 18:38:29] [INFO] 04b_gee - finished adjusted imputation 11/20 in 0.1s 
[2026-06-03 18:38:29] [INFO] 04b_gee - fitting geeglm (adjusted) on imputation 12/20 
[2026-06-03 18:38:29] [INFO] 04b_gee - finished adjusted imputation 12/20 in 0.1s 
[2026-06-03 18:38:29] [INFO] 04b_gee - fitting geeglm (adjusted) on imputation 13/20 
[2026-06-03 18:38:29] [INFO] 04b_gee - finished adjusted imputation 13/20 in 0.1s 
[2026-06-03 18:38:29] [INFO] 04b_gee - fitting geeglm (adjusted) on imputation 14/20 
[2026-06-03 18:38:29] [INFO] 04b_gee - finished adjusted imputation 14/20 in 0.1s 
[2026-06-03 18:38:29] [INFO] 04b_gee - fitting geeglm (adjusted) on imputation 15/20 
[2026-06-03 18:38:29] [INFO] 04b_gee - finished adjusted imputation 15/20 in 0.2s 
[2026-06-03 18:38:29] [INFO] 04b_gee - fitting geeglm (adjusted) on imputation 16/20 
[2026-06-03 18:38:30] [INFO] 04b_gee - finished adjusted imputation 16/20 in 0.2s 
[2026-06-03 18:38:30] [INFO] 04b_gee - fitting geeglm (adjusted) on imputation 17/20 
[2026-06-03 18:38:30] [INFO] 04b_gee - finished adjusted imputation 17/20 in 0.1s 
[2026-06-03 18:38:30] [INFO] 04b_gee - fitting geeglm (adjusted) on imputation 18/20 
[2026-06-03 18:38:30] [INFO] 04b_gee - finished adjusted imputation 18/20 in 0.1s 
[2026-06-03 18:38:30] [INFO] 04b_gee - fitting geeglm (adjusted) on imputation 19/20 
[2026-06-03 18:38:30] [INFO] 04b_gee - finished adjusted imputation 19/20 in 0.1s 
[2026-06-03 18:38:30] [INFO] 04b_gee - fitting geeglm (adjusted) on imputation 20/20 
[2026-06-03 18:38:30] [INFO] 04b_gee - finished adjusted imputation 20/20 in 0.1s 
[2026-06-03 18:38:30] [INFO] 04b_gee - pooling adjusted GEE contrasts across imputations 
[2026-06-03 18:38:39] [INFO] 05_cost_effectiveness - bootstrap iteration 3000/5000 
[2026-06-03 18:40:22] [INFO] 05_cost_effectiveness - bootstrap iteration 3500/5000 
[2026-06-03 18:41:25] [START] 02_imputation - building the main wide imputation frame 
[2026-06-03 18:41:25] [INFO] 02_imputation - building the effectiveness-specific MICE branch 
[2026-06-03 18:41:26] [INFO] 02_imputation - running effectiveness MICE: 17 variables, 8 imputed targets, 130 predictor links 
[2026-06-03 18:41:39] [INFO] 02_imputation - building the CEA-specific MICE branch 
[2026-06-03 18:41:39] [INFO] 02_imputation - running cea MICE: 47 variables, 34 imputed targets, 1165 predictor links 
[2026-06-03 18:42:34] [INFO] 05_cost_effectiveness - bootstrap iteration 4000/5000 
[2026-06-03 18:42:49] [DONE] 02_imputation - saved canonical imputation artifact (elapsed 84.2s) 
[2026-06-03 18:43:00] [START] 04b_gee - fitting the configured GEE effectiveness model 
[2026-06-03 18:43:00] [INFO] 04b_gee - reconstructing 20 imputed long datasets 
[2026-06-03 18:43:00] [INFO] 04b_gee - building per-imputation long datasets 
[2026-06-03 18:43:01] [INFO] 04b_gee - fitting unadjusted and adjusted GEE models 
[2026-06-03 18:43:02] [INFO] 04b_gee - fitting geeglm (unadjusted) on imputation 1/20 
[2026-06-03 18:43:02] [INFO] 04b_gee - finished unadjusted imputation 1/20 in 0.2s 
[2026-06-03 18:43:02] [INFO] 04b_gee - fitting geeglm (unadjusted) on imputation 2/20 
[2026-06-03 18:43:02] [INFO] 04b_gee - finished unadjusted imputation 2/20 in 0.1s 
[2026-06-03 18:43:02] [INFO] 04b_gee - fitting geeglm (unadjusted) on imputation 3/20 
[2026-06-03 18:43:02] [INFO] 04b_gee - finished unadjusted imputation 3/20 in 0.1s 
[2026-06-03 18:43:02] [INFO] 04b_gee - fitting geeglm (unadjusted) on imputation 4/20 
[2026-06-03 18:43:02] [INFO] 04b_gee - finished unadjusted imputation 4/20 in 0.1s 
[2026-06-03 18:43:02] [INFO] 04b_gee - fitting geeglm (unadjusted) on imputation 5/20 
[2026-06-03 18:43:02] [INFO] 04b_gee - finished unadjusted imputation 5/20 in 0.1s 
[2026-06-03 18:43:02] [INFO] 04b_gee - fitting geeglm (unadjusted) on imputation 6/20 
[2026-06-03 18:43:02] [INFO] 04b_gee - finished unadjusted imputation 6/20 in 0.1s 
[2026-06-03 18:43:02] [INFO] 04b_gee - fitting geeglm (unadjusted) on imputation 7/20 
[2026-06-03 18:43:02] [INFO] 04b_gee - finished unadjusted imputation 7/20 in 0.1s 
[2026-06-03 18:43:02] [INFO] 04b_gee - fitting geeglm (unadjusted) on imputation 8/20 
[2026-06-03 18:43:02] [INFO] 04b_gee - finished unadjusted imputation 8/20 in 0.1s 
[2026-06-03 18:43:02] [INFO] 04b_gee - fitting geeglm (unadjusted) on imputation 9/20 
[2026-06-03 18:43:03] [INFO] 04b_gee - finished unadjusted imputation 9/20 in 0.1s 
[2026-06-03 18:43:03] [INFO] 04b_gee - fitting geeglm (unadjusted) on imputation 10/20 
[2026-06-03 18:43:03] [INFO] 04b_gee - finished unadjusted imputation 10/20 in 0.1s 
[2026-06-03 18:43:03] [INFO] 04b_gee - fitting geeglm (unadjusted) on imputation 11/20 
[2026-06-03 18:43:03] [INFO] 04b_gee - finished unadjusted imputation 11/20 in 0.1s 
[2026-06-03 18:43:03] [INFO] 04b_gee - fitting geeglm (unadjusted) on imputation 12/20 
[2026-06-03 18:43:03] [INFO] 04b_gee - finished unadjusted imputation 12/20 in 0.1s 
[2026-06-03 18:43:03] [INFO] 04b_gee - fitting geeglm (unadjusted) on imputation 13/20 
[2026-06-03 18:43:03] [INFO] 04b_gee - finished unadjusted imputation 13/20 in 0.2s 
[2026-06-03 18:43:03] [INFO] 04b_gee - fitting geeglm (unadjusted) on imputation 14/20 
[2026-06-03 18:43:03] [INFO] 04b_gee - finished unadjusted imputation 14/20 in 0.1s 
[2026-06-03 18:43:03] [INFO] 04b_gee - fitting geeglm (unadjusted) on imputation 15/20 
[2026-06-03 18:43:03] [INFO] 04b_gee - finished unadjusted imputation 15/20 in 0.1s 
[2026-06-03 18:43:03] [INFO] 04b_gee - fitting geeglm (unadjusted) on imputation 16/20 
[2026-06-03 18:43:04] [INFO] 04b_gee - finished unadjusted imputation 16/20 in 0.3s 
[2026-06-03 18:43:04] [INFO] 04b_gee - fitting geeglm (unadjusted) on imputation 17/20 
[2026-06-03 18:43:04] [INFO] 04b_gee - finished unadjusted imputation 17/20 in 0.1s 
[2026-06-03 18:43:04] [INFO] 04b_gee - fitting geeglm (unadjusted) on imputation 18/20 
[2026-06-03 18:43:04] [INFO] 04b_gee - finished unadjusted imputation 18/20 in 0.1s 
[2026-06-03 18:43:04] [INFO] 04b_gee - fitting geeglm (unadjusted) on imputation 19/20 
[2026-06-03 18:43:04] [INFO] 04b_gee - finished unadjusted imputation 19/20 in 0.2s 
[2026-06-03 18:43:04] [INFO] 04b_gee - fitting geeglm (unadjusted) on imputation 20/20 
[2026-06-03 18:43:04] [INFO] 04b_gee - finished unadjusted imputation 20/20 in 0.1s 
[2026-06-03 18:43:04] [INFO] 04b_gee - pooling unadjusted GEE contrasts across imputations 
[2026-06-03 18:43:04] [INFO] 04b_gee - fitting geeglm (adjusted) on imputation 1/20 
[2026-06-03 18:43:05] [INFO] 04b_gee - finished adjusted imputation 1/20 in 0.2s 
[2026-06-03 18:43:05] [INFO] 04b_gee - fitting geeglm (adjusted) on imputation 2/20 
[2026-06-03 18:43:05] [INFO] 04b_gee - finished adjusted imputation 2/20 in 0.2s 
[2026-06-03 18:43:05] [INFO] 04b_gee - fitting geeglm (adjusted) on imputation 3/20 
[2026-06-03 18:43:05] [INFO] 04b_gee - finished adjusted imputation 3/20 in 0.2s 
[2026-06-03 18:43:05] [INFO] 04b_gee - fitting geeglm (adjusted) on imputation 4/20 
[2026-06-03 18:43:05] [INFO] 04b_gee - finished adjusted imputation 4/20 in 0.2s 
[2026-06-03 18:43:05] [INFO] 04b_gee - fitting geeglm (adjusted) on imputation 5/20 
[2026-06-03 18:43:05] [INFO] 04b_gee - finished adjusted imputation 5/20 in 0.2s 
[2026-06-03 18:43:05] [INFO] 04b_gee - fitting geeglm (adjusted) on imputation 6/20 
[2026-06-03 18:43:05] [INFO] 04b_gee - finished adjusted imputation 6/20 in 0.2s 
[2026-06-03 18:43:05] [INFO] 04b_gee - fitting geeglm (adjusted) on imputation 7/20 
[2026-06-03 18:43:06] [INFO] 04b_gee - finished adjusted imputation 7/20 in 0.1s 
[2026-06-03 18:43:06] [INFO] 04b_gee - fitting geeglm (adjusted) on imputation 8/20 
[2026-06-03 18:43:06] [INFO] 04b_gee - finished adjusted imputation 8/20 in 0.2s 
[2026-06-03 18:43:06] [INFO] 04b_gee - fitting geeglm (adjusted) on imputation 9/20 
[2026-06-03 18:43:06] [INFO] 04b_gee - finished adjusted imputation 9/20 in 0.2s 
[2026-06-03 18:43:06] [INFO] 04b_gee - fitting geeglm (adjusted) on imputation 10/20 
[2026-06-03 18:43:06] [INFO] 04b_gee - finished adjusted imputation 10/20 in 0.2s 
[2026-06-03 18:43:06] [INFO] 04b_gee - fitting geeglm (adjusted) on imputation 11/20 
[2026-06-03 18:43:06] [INFO] 04b_gee - finished adjusted imputation 11/20 in 0.2s 
[2026-06-03 18:43:06] [INFO] 04b_gee - fitting geeglm (adjusted) on imputation 12/20 
[2026-06-03 18:43:06] [INFO] 04b_gee - finished adjusted imputation 12/20 in 0.1s 
[2026-06-03 18:43:06] [INFO] 04b_gee - fitting geeglm (adjusted) on imputation 13/20 
[2026-06-03 18:43:07] [INFO] 04b_gee - finished adjusted imputation 13/20 in 0.2s 
[2026-06-03 18:43:07] [INFO] 04b_gee - fitting geeglm (adjusted) on imputation 14/20 
[2026-06-03 18:43:07] [INFO] 04b_gee - finished adjusted imputation 14/20 in 0.1s 
[2026-06-03 18:43:07] [INFO] 04b_gee - fitting geeglm (adjusted) on imputation 15/20 
[2026-06-03 18:43:07] [INFO] 04b_gee - finished adjusted imputation 15/20 in 0.2s 
[2026-06-03 18:43:07] [INFO] 04b_gee - fitting geeglm (adjusted) on imputation 16/20 
[2026-06-03 18:43:07] [INFO] 04b_gee - finished adjusted imputation 16/20 in 0.2s 
[2026-06-03 18:43:07] [INFO] 04b_gee - fitting geeglm (adjusted) on imputation 17/20 
[2026-06-03 18:43:07] [INFO] 04b_gee - finished adjusted imputation 17/20 in 0.2s 
[2026-06-03 18:43:07] [INFO] 04b_gee - fitting geeglm (adjusted) on imputation 18/20 
[2026-06-03 18:43:07] [INFO] 04b_gee - finished adjusted imputation 18/20 in 0.1s 
[2026-06-03 18:43:07] [INFO] 04b_gee - fitting geeglm (adjusted) on imputation 19/20 
[2026-06-03 18:43:07] [INFO] 04b_gee - finished adjusted imputation 19/20 in 0.2s 
[2026-06-03 18:43:07] [INFO] 04b_gee - fitting geeglm (adjusted) on imputation 20/20 
[2026-06-03 18:43:08] [INFO] 04b_gee - finished adjusted imputation 20/20 in 0.3s 
[2026-06-03 18:43:08] [INFO] 04b_gee - pooling adjusted GEE contrasts across imputations 
[2026-06-03 18:43:17] [DONE] 04b_gee - saved canonical GEE effectiveness artifact (elapsed 17.1s) 
[2026-06-03 18:43:32] [START] 06_outputs - assembling manuscript output artifact 
[2026-06-03 18:43:32] [START] 07_manuscript_report - assembling a readable manuscript results brief 
[2026-06-03 18:43:35] [DONE] 07_manuscript_report - saved canonical manuscript report artifact and Markdown brief (elapsed 3.6s) 
[2026-06-03 18:43:36] [INFO] 06_outputs - loaded effectiveness and CEA model artefacts 
[2026-06-03 18:43:36] [INFO] 06_outputs - assembling manuscript-ready comparison tables 
[2026-06-03 18:43:36] [DONE] 06_outputs - saved canonical manuscript outputs artifact and manuscript summary CSV (elapsed 4.6s) 
[2026-06-03 18:44:30] [START] smoke_tests - running fast validation checks 
[2026-06-03 18:44:30] [INFO] smoke_tests - checking canonical cleaning stage 
[2026-06-03 18:44:32] [START] 01_cleaning - reading raw questionnaire and cost files 
[2026-06-03 18:44:32] [INFO] 01_cleaning - loading baseline and follow-up questionnaires 
[2026-06-03 18:44:35] [DONE] 01_cleaning - saved canonical cleaning artifact (elapsed 2.4s) 
[2026-06-03 18:44:35] [INFO] smoke_tests - building imputation frame without running MICE 
[2026-06-03 18:44:35] [INFO] smoke_tests - checking optional canonical artifacts 
[2026-06-03 18:44:38] [DONE] smoke_tests - smoke tests passed (elapsed 6.3s) 
[2026-06-03 18:45:00] [INFO] 05_cost_effectiveness - bootstrap iteration 4500/5000 
[2026-06-03 18:46:39] [INFO] 05_cost_effectiveness - bootstrap iteration 5000/5000 
[2026-06-03 18:46:39] [INFO] 05_cost_effectiveness - main MI CEA cohort built: 835 patients, 5000 bootstrap estimates 
[2026-06-03 18:46:39] [DONE] 05_cost_effectiveness - saved canonical CEA artifact and CEA CSV exports (elapsed 1128.7s) 
[2026-06-03 18:48:36] [START] 02_imputation - building the main wide imputation frame 
[2026-06-03 18:48:36] [INFO] 02_imputation - building the effectiveness-specific MICE branch 
[2026-06-03 18:48:36] [INFO] 02_imputation - running effectiveness MICE: 17 variables, 8 imputed targets, 130 predictor links 
[2026-06-03 18:48:52] [INFO] 02_imputation - building the CEA-specific MICE branch 
[2026-06-03 18:48:52] [INFO] 02_imputation - running cea MICE: 47 variables, 34 imputed targets, 1165 predictor links 
[2026-06-03 18:50:15] [DONE] 02_imputation - saved canonical imputation artifact (elapsed 98.8s) 
[2026-06-03 18:50:26] [START] 04b_gee - fitting the configured GEE effectiveness model 
[2026-06-03 18:50:26] [INFO] 04b_gee - reconstructing 20 imputed long datasets 
[2026-06-03 18:50:26] [INFO] 04b_gee - building per-imputation long datasets 
[2026-06-03 18:50:27] [INFO] 04b_gee - fitting unadjusted and adjusted GEE models 
[2026-06-03 18:50:27] [INFO] 04b_gee - fitting geeglm (unadjusted) on imputation 1/20 
[2026-06-03 18:50:27] [INFO] 04b_gee - finished unadjusted imputation 1/20 in 0.1s 
[2026-06-03 18:50:27] [INFO] 04b_gee - fitting geeglm (unadjusted) on imputation 2/20 
[2026-06-03 18:50:27] [INFO] 04b_gee - finished unadjusted imputation 2/20 in 0.1s 
[2026-06-03 18:50:27] [INFO] 04b_gee - fitting geeglm (unadjusted) on imputation 3/20 
[2026-06-03 18:50:27] [INFO] 04b_gee - finished unadjusted imputation 3/20 in 0.1s 
[2026-06-03 18:50:27] [INFO] 04b_gee - fitting geeglm (unadjusted) on imputation 4/20 
[2026-06-03 18:50:27] [INFO] 04b_gee - finished unadjusted imputation 4/20 in 0.1s 
[2026-06-03 18:50:27] [INFO] 04b_gee - fitting geeglm (unadjusted) on imputation 5/20 
[2026-06-03 18:50:27] [INFO] 04b_gee - finished unadjusted imputation 5/20 in 0.1s 
[2026-06-03 18:50:27] [INFO] 04b_gee - fitting geeglm (unadjusted) on imputation 6/20 
[2026-06-03 18:50:27] [INFO] 04b_gee - finished unadjusted imputation 6/20 in 0.1s 
[2026-06-03 18:50:27] [INFO] 04b_gee - fitting geeglm (unadjusted) on imputation 7/20 
[2026-06-03 18:50:28] [INFO] 04b_gee - finished unadjusted imputation 7/20 in 0.1s 
[2026-06-03 18:50:28] [INFO] 04b_gee - fitting geeglm (unadjusted) on imputation 8/20 
[2026-06-03 18:50:28] [INFO] 04b_gee - finished unadjusted imputation 8/20 in 0.1s 
[2026-06-03 18:50:28] [INFO] 04b_gee - fitting geeglm (unadjusted) on imputation 9/20 
[2026-06-03 18:50:28] [INFO] 04b_gee - finished unadjusted imputation 9/20 in 0.1s 
[2026-06-03 18:50:28] [INFO] 04b_gee - fitting geeglm (unadjusted) on imputation 10/20 
[2026-06-03 18:50:28] [INFO] 04b_gee - finished unadjusted imputation 10/20 in 0.1s 
[2026-06-03 18:50:28] [INFO] 04b_gee - fitting geeglm (unadjusted) on imputation 11/20 
[2026-06-03 18:50:28] [INFO] 04b_gee - finished unadjusted imputation 11/20 in 0.1s 
[2026-06-03 18:50:28] [INFO] 04b_gee - fitting geeglm (unadjusted) on imputation 12/20 
[2026-06-03 18:50:28] [INFO] 04b_gee - finished unadjusted imputation 12/20 in 0.2s 
[2026-06-03 18:50:28] [INFO] 04b_gee - fitting geeglm (unadjusted) on imputation 13/20 
[2026-06-03 18:50:28] [INFO] 04b_gee - finished unadjusted imputation 13/20 in 0.3s 
[2026-06-03 18:50:28] [INFO] 04b_gee - fitting geeglm (unadjusted) on imputation 14/20 
[2026-06-03 18:50:29] [INFO] 04b_gee - finished unadjusted imputation 14/20 in 0.1s 
[2026-06-03 18:50:29] [INFO] 04b_gee - fitting geeglm (unadjusted) on imputation 15/20 
[2026-06-03 18:50:29] [INFO] 04b_gee - finished unadjusted imputation 15/20 in 0.1s 
[2026-06-03 18:50:29] [INFO] 04b_gee - fitting geeglm (unadjusted) on imputation 16/20 
[2026-06-03 18:50:29] [INFO] 04b_gee - finished unadjusted imputation 16/20 in 0.1s 
[2026-06-03 18:50:29] [INFO] 04b_gee - fitting geeglm (unadjusted) on imputation 17/20 
[2026-06-03 18:50:29] [INFO] 04b_gee - finished unadjusted imputation 17/20 in 0.1s 
[2026-06-03 18:50:29] [INFO] 04b_gee - fitting geeglm (unadjusted) on imputation 18/20 
[2026-06-03 18:50:29] [INFO] 04b_gee - finished unadjusted imputation 18/20 in 0.1s 
[2026-06-03 18:50:29] [INFO] 04b_gee - fitting geeglm (unadjusted) on imputation 19/20 
[2026-06-03 18:50:29] [INFO] 04b_gee - finished unadjusted imputation 19/20 in 0.1s 
[2026-06-03 18:50:29] [INFO] 04b_gee - fitting geeglm (unadjusted) on imputation 20/20 
[2026-06-03 18:50:29] [INFO] 04b_gee - finished unadjusted imputation 20/20 in 0.1s 
[2026-06-03 18:50:29] [INFO] 04b_gee - pooling unadjusted GEE contrasts across imputations 
[2026-06-03 18:50:29] [INFO] 04b_gee - fitting geeglm (adjusted) on imputation 1/20 
[2026-06-03 18:50:29] [INFO] 04b_gee - finished adjusted imputation 1/20 in 0.2s 
[2026-06-03 18:50:29] [INFO] 04b_gee - fitting geeglm (adjusted) on imputation 2/20 
[2026-06-03 18:50:30] [INFO] 04b_gee - finished adjusted imputation 2/20 in 0.2s 
[2026-06-03 18:50:30] [INFO] 04b_gee - fitting geeglm (adjusted) on imputation 3/20 
[2026-06-03 18:50:30] [INFO] 04b_gee - finished adjusted imputation 3/20 in 0.2s 
[2026-06-03 18:50:30] [INFO] 04b_gee - fitting geeglm (adjusted) on imputation 4/20 
[2026-06-03 18:50:30] [INFO] 04b_gee - finished adjusted imputation 4/20 in 0.2s 
[2026-06-03 18:50:30] [INFO] 04b_gee - fitting geeglm (adjusted) on imputation 5/20 
[2026-06-03 18:50:30] [INFO] 04b_gee - finished adjusted imputation 5/20 in 0.2s 
[2026-06-03 18:50:30] [INFO] 04b_gee - fitting geeglm (adjusted) on imputation 6/20 
[2026-06-03 18:50:30] [INFO] 04b_gee - finished adjusted imputation 6/20 in 0.3s 
[2026-06-03 18:50:30] [INFO] 04b_gee - fitting geeglm (adjusted) on imputation 7/20 
[2026-06-03 18:50:31] [INFO] 04b_gee - finished adjusted imputation 7/20 in 0.4s 
[2026-06-03 18:50:31] [INFO] 04b_gee - fitting geeglm (adjusted) on imputation 8/20 
[2026-06-03 18:50:31] [INFO] 04b_gee - finished adjusted imputation 8/20 in 0.1s 
[2026-06-03 18:50:31] [INFO] 04b_gee - fitting geeglm (adjusted) on imputation 9/20 
[2026-06-03 18:50:31] [INFO] 04b_gee - finished adjusted imputation 9/20 in 0.2s 
[2026-06-03 18:50:31] [INFO] 04b_gee - fitting geeglm (adjusted) on imputation 10/20 
[2026-06-03 18:50:31] [INFO] 04b_gee - finished adjusted imputation 10/20 in 0.2s 
[2026-06-03 18:50:31] [INFO] 04b_gee - fitting geeglm (adjusted) on imputation 11/20 
[2026-06-03 18:50:32] [INFO] 04b_gee - finished adjusted imputation 11/20 in 0.2s 
[2026-06-03 18:50:32] [INFO] 04b_gee - fitting geeglm (adjusted) on imputation 12/20 
[2026-06-03 18:50:32] [INFO] 04b_gee - finished adjusted imputation 12/20 in 0.2s 
[2026-06-03 18:50:32] [INFO] 04b_gee - fitting geeglm (adjusted) on imputation 13/20 
[2026-06-03 18:50:32] [INFO] 04b_gee - finished adjusted imputation 13/20 in 0.2s 
[2026-06-03 18:50:32] [INFO] 04b_gee - fitting geeglm (adjusted) on imputation 14/20 
[2026-06-03 18:50:32] [INFO] 04b_gee - finished adjusted imputation 14/20 in 0.2s 
[2026-06-03 18:50:32] [INFO] 04b_gee - fitting geeglm (adjusted) on imputation 15/20 
[2026-06-03 18:50:32] [INFO] 04b_gee - finished adjusted imputation 15/20 in 0.2s 
[2026-06-03 18:50:32] [INFO] 04b_gee - fitting geeglm (adjusted) on imputation 16/20 
[2026-06-03 18:50:32] [INFO] 04b_gee - finished adjusted imputation 16/20 in 0.2s 
[2026-06-03 18:50:32] [INFO] 04b_gee - fitting geeglm (adjusted) on imputation 17/20 
[2026-06-03 18:50:33] [INFO] 04b_gee - finished adjusted imputation 17/20 in 0.2s 
[2026-06-03 18:50:33] [INFO] 04b_gee - fitting geeglm (adjusted) on imputation 18/20 
[2026-06-03 18:50:33] [INFO] 04b_gee - finished adjusted imputation 18/20 in 0.3s 
[2026-06-03 18:50:33] [INFO] 04b_gee - fitting geeglm (adjusted) on imputation 19/20 
[2026-06-03 18:50:33] [INFO] 04b_gee - finished adjusted imputation 19/20 in 0.1s 
[2026-06-03 18:50:33] [INFO] 04b_gee - fitting geeglm (adjusted) on imputation 20/20 
[2026-06-03 18:50:33] [INFO] 04b_gee - finished adjusted imputation 20/20 in 0.2s 
[2026-06-03 18:50:33] [INFO] 04b_gee - pooling adjusted GEE contrasts across imputations 
[2026-06-03 18:50:45] [DONE] 04b_gee - saved canonical GEE effectiveness artifact (elapsed 18.9s) 
[2026-06-03 18:51:13] [START] 07_manuscript_report - assembling a readable manuscript results brief 
[2026-06-03 18:51:13] [START] 06_outputs - assembling manuscript output artifact 
[2026-06-03 18:51:15] [DONE] 07_manuscript_report - saved canonical manuscript report artifact and Markdown brief (elapsed 2.2s) 
[2026-06-03 18:51:15] [INFO] 06_outputs - loaded effectiveness and CEA model artefacts 
[2026-06-03 18:51:15] [INFO] 06_outputs - assembling manuscript-ready comparison tables 
[2026-06-03 18:51:15] [DONE] 06_outputs - saved canonical manuscript outputs artifact and manuscript summary CSV (elapsed 2.6s) 
[2026-06-03 18:52:01] [START] smoke_tests - running fast validation checks 
[2026-06-03 18:52:01] [INFO] smoke_tests - checking canonical cleaning stage 
[2026-06-03 18:52:02] [START] 01_cleaning - reading raw questionnaire and cost files 
[2026-06-03 18:52:02] [INFO] 01_cleaning - loading baseline and follow-up questionnaires 
[2026-06-03 18:52:04] [DONE] 01_cleaning - saved canonical cleaning artifact (elapsed 1.9s) 
[2026-06-03 18:52:04] [INFO] smoke_tests - building imputation frame without running MICE 
[2026-06-03 18:52:04] [INFO] smoke_tests - checking optional canonical artifacts 
[2026-06-03 18:52:08] [DONE] smoke_tests - smoke tests passed (elapsed 6.2s) 
[2026-06-03 18:56:35] [INFO] 02_imputation - running effectiveness MICE: 20 variables, 8 imputed targets, 202 predictor links 
[2026-06-03 18:56:53] [INFO] 04b_gee - reconstructing 20 imputed long datasets 
[2026-06-03 18:56:53] [INFO] 04b_gee - building per-imputation long datasets 
[2026-06-03 18:56:55] [INFO] 04b_gee - fitting unadjusted and adjusted GEE models 
[2026-06-03 18:56:55] [INFO] 04b_gee - fitting geeglm (unadjusted) on imputation 1/20 
[2026-06-03 18:56:55] [INFO] 04b_gee - finished unadjusted imputation 1/20 in 0.1s 
[2026-06-03 18:56:55] [INFO] 04b_gee - fitting geeglm (unadjusted) on imputation 2/20 
[2026-06-03 18:56:55] [INFO] 04b_gee - finished unadjusted imputation 2/20 in 0.1s 
[2026-06-03 18:56:55] [INFO] 04b_gee - fitting geeglm (unadjusted) on imputation 3/20 
[2026-06-03 18:56:55] [INFO] 04b_gee - finished unadjusted imputation 3/20 in 0.1s 
[2026-06-03 18:56:55] [INFO] 04b_gee - fitting geeglm (unadjusted) on imputation 4/20 
[2026-06-03 18:56:55] [INFO] 04b_gee - finished unadjusted imputation 4/20 in 0.1s 
[2026-06-03 18:56:55] [INFO] 04b_gee - fitting geeglm (unadjusted) on imputation 5/20 
[2026-06-03 18:56:56] [INFO] 04b_gee - finished unadjusted imputation 5/20 in 0.1s 
[2026-06-03 18:56:56] [INFO] 04b_gee - fitting geeglm (unadjusted) on imputation 6/20 
[2026-06-03 18:56:56] [INFO] 04b_gee - finished unadjusted imputation 6/20 in 0.1s 
[2026-06-03 18:56:56] [INFO] 04b_gee - fitting geeglm (unadjusted) on imputation 7/20 
[2026-06-03 18:56:56] [INFO] 04b_gee - finished unadjusted imputation 7/20 in 0.1s 
[2026-06-03 18:56:56] [INFO] 04b_gee - fitting geeglm (unadjusted) on imputation 8/20 
[2026-06-03 18:56:56] [INFO] 04b_gee - finished unadjusted imputation 8/20 in 0.1s 
[2026-06-03 18:56:56] [INFO] 04b_gee - fitting geeglm (unadjusted) on imputation 9/20 
[2026-06-03 18:56:56] [INFO] 04b_gee - finished unadjusted imputation 9/20 in 0.1s 
[2026-06-03 18:56:56] [INFO] 04b_gee - fitting geeglm (unadjusted) on imputation 10/20 
[2026-06-03 18:56:56] [INFO] 04b_gee - finished unadjusted imputation 10/20 in 0.1s 
[2026-06-03 18:56:56] [INFO] 04b_gee - fitting geeglm (unadjusted) on imputation 11/20 
[2026-06-03 18:56:56] [INFO] 04b_gee - finished unadjusted imputation 11/20 in 0.1s 
[2026-06-03 18:56:56] [INFO] 04b_gee - fitting geeglm (unadjusted) on imputation 12/20 
[2026-06-03 18:56:56] [INFO] 04b_gee - finished unadjusted imputation 12/20 in 0.1s 
[2026-06-03 18:56:56] [INFO] 04b_gee - fitting geeglm (unadjusted) on imputation 13/20 
[2026-06-03 18:56:56] [INFO] 04b_gee - finished unadjusted imputation 13/20 in 0.1s 
[2026-06-03 18:56:56] [INFO] 04b_gee - fitting geeglm (unadjusted) on imputation 14/20 
[2026-06-03 18:56:57] [INFO] 04b_gee - finished unadjusted imputation 14/20 in 0.1s 
[2026-06-03 18:56:57] [INFO] 04b_gee - fitting geeglm (unadjusted) on imputation 15/20 
[2026-06-03 18:56:57] [INFO] 04b_gee - finished unadjusted imputation 15/20 in 0.1s 
[2026-06-03 18:56:57] [INFO] 04b_gee - fitting geeglm (unadjusted) on imputation 16/20 
[2026-06-03 18:56:57] [INFO] 04b_gee - finished unadjusted imputation 16/20 in 0.2s 
[2026-06-03 18:56:57] [INFO] 04b_gee - fitting geeglm (unadjusted) on imputation 17/20 
[2026-06-03 18:56:57] [INFO] 04b_gee - finished unadjusted imputation 17/20 in 0.1s 
[2026-06-03 18:56:57] [INFO] 04b_gee - fitting geeglm (unadjusted) on imputation 18/20 
[2026-06-03 18:56:57] [INFO] 04b_gee - finished unadjusted imputation 18/20 in 0.1s 
[2026-06-03 18:56:57] [INFO] 04b_gee - fitting geeglm (unadjusted) on imputation 19/20 
[2026-06-03 18:56:57] [INFO] 04b_gee - finished unadjusted imputation 19/20 in 0.1s 
[2026-06-03 18:56:57] [INFO] 04b_gee - fitting geeglm (unadjusted) on imputation 20/20 
[2026-06-03 18:56:57] [INFO] 04b_gee - finished unadjusted imputation 20/20 in 0.1s 
[2026-06-03 18:56:57] [INFO] 04b_gee - pooling unadjusted GEE contrasts across imputations 
[2026-06-03 18:56:57] [INFO] 04b_gee - fitting geeglm (adjusted) on imputation 1/20 
[2026-06-03 18:56:58] [INFO] 04b_gee - finished adjusted imputation 1/20 in 0.1s 
[2026-06-03 18:56:58] [INFO] 04b_gee - fitting geeglm (adjusted) on imputation 2/20 
[2026-06-03 18:56:58] [INFO] 04b_gee - finished adjusted imputation 2/20 in 0.2s 
[2026-06-03 18:56:58] [INFO] 04b_gee - fitting geeglm (adjusted) on imputation 3/20 
[2026-06-03 18:56:58] [INFO] 04b_gee - finished adjusted imputation 3/20 in 0.1s 
[2026-06-03 18:56:58] [INFO] 04b_gee - fitting geeglm (adjusted) on imputation 4/20 
[2026-06-03 18:56:58] [INFO] 04b_gee - finished adjusted imputation 4/20 in 0.2s 
[2026-06-03 18:56:58] [INFO] 04b_gee - fitting geeglm (adjusted) on imputation 5/20 
[2026-06-03 18:56:58] [INFO] 04b_gee - finished adjusted imputation 5/20 in 0.1s 
[2026-06-03 18:56:58] [INFO] 04b_gee - fitting geeglm (adjusted) on imputation 6/20 
[2026-06-03 18:56:58] [INFO] 04b_gee - finished adjusted imputation 6/20 in 0.2s 
[2026-06-03 18:56:58] [INFO] 04b_gee - fitting geeglm (adjusted) on imputation 7/20 
[2026-06-03 18:56:58] [INFO] 04b_gee - finished adjusted imputation 7/20 in 0.1s 
[2026-06-03 18:56:58] [INFO] 04b_gee - fitting geeglm (adjusted) on imputation 8/20 
[2026-06-03 18:56:59] [INFO] 04b_gee - finished adjusted imputation 8/20 in 0.1s 
[2026-06-03 18:56:59] [INFO] 04b_gee - fitting geeglm (adjusted) on imputation 9/20 
[2026-06-03 18:56:59] [INFO] 04b_gee - finished adjusted imputation 9/20 in 0.2s 
[2026-06-03 18:56:59] [INFO] 04b_gee - fitting geeglm (adjusted) on imputation 10/20 
[2026-06-03 18:56:59] [INFO] 04b_gee - finished adjusted imputation 10/20 in 0.1s 
[2026-06-03 18:56:59] [INFO] 04b_gee - fitting geeglm (adjusted) on imputation 11/20 
[2026-06-03 18:56:59] [INFO] 04b_gee - finished adjusted imputation 11/20 in 0.1s 
[2026-06-03 18:56:59] [INFO] 04b_gee - fitting geeglm (adjusted) on imputation 12/20 
[2026-06-03 18:56:59] [INFO] 04b_gee - finished adjusted imputation 12/20 in 0.2s 
[2026-06-03 18:56:59] [INFO] 04b_gee - fitting geeglm (adjusted) on imputation 13/20 
[2026-06-03 18:56:59] [INFO] 04b_gee - finished adjusted imputation 13/20 in 0.2s 
[2026-06-03 18:56:59] [INFO] 04b_gee - fitting geeglm (adjusted) on imputation 14/20 
[2026-06-03 18:57:00] [INFO] 04b_gee - finished adjusted imputation 14/20 in 0.1s 
[2026-06-03 18:57:00] [INFO] 04b_gee - fitting geeglm (adjusted) on imputation 15/20 
[2026-06-03 18:57:00] [INFO] 04b_gee - finished adjusted imputation 15/20 in 0.2s 
[2026-06-03 18:57:00] [INFO] 04b_gee - fitting geeglm (adjusted) on imputation 16/20 
[2026-06-03 18:57:00] [INFO] 04b_gee - finished adjusted imputation 16/20 in 0.1s 
[2026-06-03 18:57:00] [INFO] 04b_gee - fitting geeglm (adjusted) on imputation 17/20 
[2026-06-03 18:57:00] [INFO] 04b_gee - finished adjusted imputation 17/20 in 0.1s 
[2026-06-03 18:57:00] [INFO] 04b_gee - fitting geeglm (adjusted) on imputation 18/20 
[2026-06-03 18:57:00] [INFO] 04b_gee - finished adjusted imputation 18/20 in 0.1s 
[2026-06-03 18:57:00] [INFO] 04b_gee - fitting geeglm (adjusted) on imputation 19/20 
[2026-06-03 18:57:00] [INFO] 04b_gee - finished adjusted imputation 19/20 in 0.2s 
[2026-06-03 18:57:00] [INFO] 04b_gee - fitting geeglm (adjusted) on imputation 20/20 
[2026-06-03 18:57:00] [INFO] 04b_gee - finished adjusted imputation 20/20 in 0.2s 
[2026-06-03 18:57:00] [INFO] 04b_gee - pooling adjusted GEE contrasts across imputations 
[2026-06-03 19:00:13] [INFO] 02_imputation - running effectiveness MICE: 18 variables, 8 imputed targets, 152 predictor links 
[2026-06-03 19:00:34] [INFO] 04b_gee - reconstructing 20 imputed long datasets 
[2026-06-03 19:00:34] [INFO] 04b_gee - building per-imputation long datasets 
[2026-06-03 19:00:36] [INFO] 04b_gee - fitting unadjusted and adjusted GEE models 
[2026-06-03 19:00:36] [INFO] 04b_gee - fitting geeglm (unadjusted) on imputation 1/20 
[2026-06-03 19:00:36] [INFO] 04b_gee - finished unadjusted imputation 1/20 in 0.2s 
[2026-06-03 19:00:36] [INFO] 04b_gee - fitting geeglm (unadjusted) on imputation 2/20 
[2026-06-03 19:00:36] [INFO] 04b_gee - finished unadjusted imputation 2/20 in 0.2s 
[2026-06-03 19:00:36] [INFO] 04b_gee - fitting geeglm (unadjusted) on imputation 3/20 
[2026-06-03 19:00:36] [INFO] 04b_gee - finished unadjusted imputation 3/20 in 0.2s 
[2026-06-03 19:00:36] [INFO] 04b_gee - fitting geeglm (unadjusted) on imputation 4/20 
[2026-06-03 19:00:37] [INFO] 04b_gee - finished unadjusted imputation 4/20 in 0.2s 
[2026-06-03 19:00:37] [INFO] 04b_gee - fitting geeglm (unadjusted) on imputation 5/20 
[2026-06-03 19:00:37] [INFO] 04b_gee - finished unadjusted imputation 5/20 in 0.1s 
[2026-06-03 19:00:37] [INFO] 04b_gee - fitting geeglm (unadjusted) on imputation 6/20 
[2026-06-03 19:00:37] [INFO] 04b_gee - finished unadjusted imputation 6/20 in 0.1s 
[2026-06-03 19:00:37] [INFO] 04b_gee - fitting geeglm (unadjusted) on imputation 7/20 
[2026-06-03 19:00:37] [INFO] 04b_gee - finished unadjusted imputation 7/20 in 0.2s 
[2026-06-03 19:00:37] [INFO] 04b_gee - fitting geeglm (unadjusted) on imputation 8/20 
[2026-06-03 19:00:37] [INFO] 04b_gee - finished unadjusted imputation 8/20 in 0.2s 
[2026-06-03 19:00:37] [INFO] 04b_gee - fitting geeglm (unadjusted) on imputation 9/20 
[2026-06-03 19:00:38] [INFO] 04b_gee - finished unadjusted imputation 9/20 in 0.3s 
[2026-06-03 19:00:38] [INFO] 04b_gee - fitting geeglm (unadjusted) on imputation 10/20 
[2026-06-03 19:00:38] [INFO] 04b_gee - finished unadjusted imputation 10/20 in 0.3s 
[2026-06-03 19:00:38] [INFO] 04b_gee - fitting geeglm (unadjusted) on imputation 11/20 
[2026-06-03 19:00:38] [INFO] 04b_gee - finished unadjusted imputation 11/20 in 0.2s 
[2026-06-03 19:00:38] [INFO] 04b_gee - fitting geeglm (unadjusted) on imputation 12/20 
[2026-06-03 19:00:38] [INFO] 04b_gee - finished unadjusted imputation 12/20 in 0.1s 
[2026-06-03 19:00:38] [INFO] 04b_gee - fitting geeglm (unadjusted) on imputation 13/20 
[2026-06-03 19:00:38] [INFO] 04b_gee - finished unadjusted imputation 13/20 in 0.1s 
[2026-06-03 19:00:38] [INFO] 04b_gee - fitting geeglm (unadjusted) on imputation 14/20 
[2026-06-03 19:00:38] [INFO] 04b_gee - finished unadjusted imputation 14/20 in 0.1s 
[2026-06-03 19:00:38] [INFO] 04b_gee - fitting geeglm (unadjusted) on imputation 15/20 
[2026-06-03 19:00:39] [INFO] 04b_gee - finished unadjusted imputation 15/20 in 0.1s 
[2026-06-03 19:00:39] [INFO] 04b_gee - fitting geeglm (unadjusted) on imputation 16/20 
[2026-06-03 19:00:39] [INFO] 04b_gee - finished unadjusted imputation 16/20 in 0.1s 
[2026-06-03 19:00:39] [INFO] 04b_gee - fitting geeglm (unadjusted) on imputation 17/20 
[2026-06-03 19:00:39] [INFO] 04b_gee - finished unadjusted imputation 17/20 in 0.2s 
[2026-06-03 19:00:39] [INFO] 04b_gee - fitting geeglm (unadjusted) on imputation 18/20 
[2026-06-03 19:00:39] [INFO] 04b_gee - finished unadjusted imputation 18/20 in 0.1s 
[2026-06-03 19:00:39] [INFO] 04b_gee - fitting geeglm (unadjusted) on imputation 19/20 
[2026-06-03 19:00:39] [INFO] 04b_gee - finished unadjusted imputation 19/20 in 0.1s 
[2026-06-03 19:00:39] [INFO] 04b_gee - fitting geeglm (unadjusted) on imputation 20/20 
[2026-06-03 19:00:39] [INFO] 04b_gee - finished unadjusted imputation 20/20 in 0.1s 
[2026-06-03 19:00:39] [INFO] 04b_gee - pooling unadjusted GEE contrasts across imputations 
[2026-06-03 19:00:39] [INFO] 04b_gee - fitting geeglm (adjusted) on imputation 1/20 
[2026-06-03 19:00:39] [INFO] 04b_gee - finished adjusted imputation 1/20 in 0.1s 
[2026-06-03 19:00:39] [INFO] 04b_gee - fitting geeglm (adjusted) on imputation 2/20 
[2026-06-03 19:00:40] [INFO] 04b_gee - finished adjusted imputation 2/20 in 0.3s 
[2026-06-03 19:00:40] [INFO] 04b_gee - fitting geeglm (adjusted) on imputation 3/20 
[2026-06-03 19:00:40] [INFO] 04b_gee - finished adjusted imputation 3/20 in 0.2s 
[2026-06-03 19:00:40] [INFO] 04b_gee - fitting geeglm (adjusted) on imputation 4/20 
[2026-06-03 19:00:40] [INFO] 04b_gee - finished adjusted imputation 4/20 in 0.2s 
[2026-06-03 19:00:40] [INFO] 04b_gee - fitting geeglm (adjusted) on imputation 5/20 
[2026-06-03 19:00:40] [INFO] 04b_gee - finished adjusted imputation 5/20 in 0.2s 
[2026-06-03 19:00:40] [INFO] 04b_gee - fitting geeglm (adjusted) on imputation 6/20 
[2026-06-03 19:00:40] [INFO] 04b_gee - finished adjusted imputation 6/20 in 0.2s 
[2026-06-03 19:00:40] [INFO] 04b_gee - fitting geeglm (adjusted) on imputation 7/20 
[2026-06-03 19:00:41] [INFO] 04b_gee - finished adjusted imputation 7/20 in 0.2s 
[2026-06-03 19:00:41] [INFO] 04b_gee - fitting geeglm (adjusted) on imputation 8/20 
[2026-06-03 19:00:41] [INFO] 04b_gee - finished adjusted imputation 8/20 in 0.2s 
[2026-06-03 19:00:41] [INFO] 04b_gee - fitting geeglm (adjusted) on imputation 9/20 
[2026-06-03 19:00:41] [INFO] 04b_gee - finished adjusted imputation 9/20 in 0.1s 
[2026-06-03 19:00:41] [INFO] 04b_gee - fitting geeglm (adjusted) on imputation 10/20 
[2026-06-03 19:00:41] [INFO] 04b_gee - finished adjusted imputation 10/20 in 0.1s 
[2026-06-03 19:00:41] [INFO] 04b_gee - fitting geeglm (adjusted) on imputation 11/20 
[2026-06-03 19:00:41] [INFO] 04b_gee - finished adjusted imputation 11/20 in 0.2s 
[2026-06-03 19:00:41] [INFO] 04b_gee - fitting geeglm (adjusted) on imputation 12/20 
[2026-06-03 19:00:42] [INFO] 04b_gee - finished adjusted imputation 12/20 in 0.3s 
[2026-06-03 19:00:42] [INFO] 04b_gee - fitting geeglm (adjusted) on imputation 13/20 
[2026-06-03 19:00:42] [INFO] 04b_gee - finished adjusted imputation 13/20 in 0.3s 
[2026-06-03 19:00:42] [INFO] 04b_gee - fitting geeglm (adjusted) on imputation 14/20 
[2026-06-03 19:00:42] [INFO] 04b_gee - finished adjusted imputation 14/20 in 0.2s 
[2026-06-03 19:00:42] [INFO] 04b_gee - fitting geeglm (adjusted) on imputation 15/20 
[2026-06-03 19:00:42] [INFO] 04b_gee - finished adjusted imputation 15/20 in 0.2s 
[2026-06-03 19:00:42] [INFO] 04b_gee - fitting geeglm (adjusted) on imputation 16/20 
[2026-06-03 19:00:42] [INFO] 04b_gee - finished adjusted imputation 16/20 in 0.2s 
[2026-06-03 19:00:42] [INFO] 04b_gee - fitting geeglm (adjusted) on imputation 17/20 
[2026-06-03 19:00:43] [INFO] 04b_gee - finished adjusted imputation 17/20 in 0.1s 
[2026-06-03 19:00:43] [INFO] 04b_gee - fitting geeglm (adjusted) on imputation 18/20 
[2026-06-03 19:00:43] [INFO] 04b_gee - finished adjusted imputation 18/20 in 0.1s 
[2026-06-03 19:00:43] [INFO] 04b_gee - fitting geeglm (adjusted) on imputation 19/20 
[2026-06-03 19:00:43] [INFO] 04b_gee - finished adjusted imputation 19/20 in 0.1s 
[2026-06-03 19:00:43] [INFO] 04b_gee - fitting geeglm (adjusted) on imputation 20/20 
[2026-06-03 19:00:43] [INFO] 04b_gee - finished adjusted imputation 20/20 in 0.2s 
[2026-06-03 19:00:43] [INFO] 04b_gee - pooling adjusted GEE contrasts across imputations 
[2026-06-03 19:01:25] [INFO] 02_imputation - running effectiveness MICE: 18 variables, 8 imputed targets, 152 predictor links 
[2026-06-03 19:01:36] [INFO] 04b_gee - reconstructing 20 imputed long datasets 
[2026-06-03 19:01:36] [INFO] 04b_gee - building per-imputation long datasets 
[2026-06-03 19:01:37] [INFO] 04b_gee - fitting unadjusted and adjusted GEE models 
[2026-06-03 19:01:37] [INFO] 04b_gee - fitting geeglm (unadjusted) on imputation 1/20 
[2026-06-03 19:01:37] [INFO] 04b_gee - finished unadjusted imputation 1/20 in 0.1s 
[2026-06-03 19:01:37] [INFO] 04b_gee - fitting geeglm (unadjusted) on imputation 2/20 
[2026-06-03 19:01:37] [INFO] 04b_gee - finished unadjusted imputation 2/20 in 0.1s 
[2026-06-03 19:01:37] [INFO] 04b_gee - fitting geeglm (unadjusted) on imputation 3/20 
[2026-06-03 19:01:37] [INFO] 04b_gee - finished unadjusted imputation 3/20 in 0.1s 
[2026-06-03 19:01:37] [INFO] 04b_gee - fitting geeglm (unadjusted) on imputation 4/20 
[2026-06-03 19:01:37] [INFO] 04b_gee - finished unadjusted imputation 4/20 in 0.1s 
[2026-06-03 19:01:37] [INFO] 04b_gee - fitting geeglm (unadjusted) on imputation 5/20 
[2026-06-03 19:01:37] [INFO] 04b_gee - finished unadjusted imputation 5/20 in 0.1s 
[2026-06-03 19:01:37] [INFO] 04b_gee - fitting geeglm (unadjusted) on imputation 6/20 
[2026-06-03 19:01:37] [INFO] 04b_gee - finished unadjusted imputation 6/20 in 0.1s 
[2026-06-03 19:01:37] [INFO] 04b_gee - fitting geeglm (unadjusted) on imputation 7/20 
[2026-06-03 19:01:37] [INFO] 04b_gee - finished unadjusted imputation 7/20 in 0.1s 
[2026-06-03 19:01:37] [INFO] 04b_gee - fitting geeglm (unadjusted) on imputation 8/20 
[2026-06-03 19:01:37] [INFO] 04b_gee - finished unadjusted imputation 8/20 in 0.1s 
[2026-06-03 19:01:37] [INFO] 04b_gee - fitting geeglm (unadjusted) on imputation 9/20 
[2026-06-03 19:01:37] [INFO] 04b_gee - finished unadjusted imputation 9/20 in 0.1s 
[2026-06-03 19:01:37] [INFO] 04b_gee - fitting geeglm (unadjusted) on imputation 10/20 
[2026-06-03 19:01:37] [INFO] 04b_gee - finished unadjusted imputation 10/20 in 0.1s 
[2026-06-03 19:01:37] [INFO] 04b_gee - fitting geeglm (unadjusted) on imputation 11/20 
[2026-06-03 19:01:38] [INFO] 04b_gee - finished unadjusted imputation 11/20 in 0.1s 
[2026-06-03 19:01:38] [INFO] 04b_gee - fitting geeglm (unadjusted) on imputation 12/20 
[2026-06-03 19:01:38] [INFO] 04b_gee - finished unadjusted imputation 12/20 in 0.1s 
[2026-06-03 19:01:38] [INFO] 04b_gee - fitting geeglm (unadjusted) on imputation 13/20 
[2026-06-03 19:01:38] [INFO] 04b_gee - finished unadjusted imputation 13/20 in 0.1s 
[2026-06-03 19:01:38] [INFO] 04b_gee - fitting geeglm (unadjusted) on imputation 14/20 
[2026-06-03 19:01:38] [INFO] 04b_gee - finished unadjusted imputation 14/20 in 0.1s 
[2026-06-03 19:01:38] [INFO] 04b_gee - fitting geeglm (unadjusted) on imputation 15/20 
[2026-06-03 19:01:38] [INFO] 04b_gee - finished unadjusted imputation 15/20 in 0.1s 
[2026-06-03 19:01:38] [INFO] 04b_gee - fitting geeglm (unadjusted) on imputation 16/20 
[2026-06-03 19:01:38] [INFO] 04b_gee - finished unadjusted imputation 16/20 in 0.1s 
[2026-06-03 19:01:38] [INFO] 04b_gee - fitting geeglm (unadjusted) on imputation 17/20 
[2026-06-03 19:01:38] [INFO] 04b_gee - finished unadjusted imputation 17/20 in 0.1s 
[2026-06-03 19:01:38] [INFO] 04b_gee - fitting geeglm (unadjusted) on imputation 18/20 
[2026-06-03 19:01:38] [INFO] 04b_gee - finished unadjusted imputation 18/20 in 0.1s 
[2026-06-03 19:01:38] [INFO] 04b_gee - fitting geeglm (unadjusted) on imputation 19/20 
[2026-06-03 19:01:38] [INFO] 04b_gee - finished unadjusted imputation 19/20 in 0.1s 
[2026-06-03 19:01:38] [INFO] 04b_gee - fitting geeglm (unadjusted) on imputation 20/20 
[2026-06-03 19:01:38] [INFO] 04b_gee - finished unadjusted imputation 20/20 in 0.1s 
[2026-06-03 19:01:38] [INFO] 04b_gee - pooling unadjusted GEE contrasts across imputations 
[2026-06-03 19:01:38] [INFO] 04b_gee - fitting geeglm (adjusted) on imputation 1/20 
[2026-06-03 19:01:38] [INFO] 04b_gee - finished adjusted imputation 1/20 in 0.1s 
[2026-06-03 19:01:38] [INFO] 04b_gee - fitting geeglm (adjusted) on imputation 2/20 
[2026-06-03 19:01:38] [INFO] 04b_gee - finished adjusted imputation 2/20 in 0.1s 
[2026-06-03 19:01:38] [INFO] 04b_gee - fitting geeglm (adjusted) on imputation 3/20 
[2026-06-03 19:01:39] [INFO] 04b_gee - finished adjusted imputation 3/20 in 0.1s 
[2026-06-03 19:01:39] [INFO] 04b_gee - fitting geeglm (adjusted) on imputation 4/20 
[2026-06-03 19:01:39] [INFO] 04b_gee - finished adjusted imputation 4/20 in 0.1s 
[2026-06-03 19:01:39] [INFO] 04b_gee - fitting geeglm (adjusted) on imputation 5/20 
[2026-06-03 19:01:39] [INFO] 04b_gee - finished adjusted imputation 5/20 in 0.1s 
[2026-06-03 19:01:39] [INFO] 04b_gee - fitting geeglm (adjusted) on imputation 6/20 
[2026-06-03 19:01:39] [INFO] 04b_gee - finished adjusted imputation 6/20 in 0.1s 
[2026-06-03 19:01:39] [INFO] 04b_gee - fitting geeglm (adjusted) on imputation 7/20 
[2026-06-03 19:01:39] [INFO] 04b_gee - finished adjusted imputation 7/20 in 0.1s 
[2026-06-03 19:01:39] [INFO] 04b_gee - fitting geeglm (adjusted) on imputation 8/20 
[2026-06-03 19:01:39] [INFO] 04b_gee - finished adjusted imputation 8/20 in 0.1s 
[2026-06-03 19:01:39] [INFO] 04b_gee - fitting geeglm (adjusted) on imputation 9/20 
[2026-06-03 19:01:39] [INFO] 04b_gee - finished adjusted imputation 9/20 in 0.1s 
[2026-06-03 19:01:39] [INFO] 04b_gee - fitting geeglm (adjusted) on imputation 10/20 
[2026-06-03 19:01:39] [INFO] 04b_gee - finished adjusted imputation 10/20 in 0.1s 
[2026-06-03 19:01:39] [INFO] 04b_gee - fitting geeglm (adjusted) on imputation 11/20 
[2026-06-03 19:01:39] [INFO] 04b_gee - finished adjusted imputation 11/20 in 0.1s 
[2026-06-03 19:01:39] [INFO] 04b_gee - fitting geeglm (adjusted) on imputation 12/20 
[2026-06-03 19:01:39] [INFO] 04b_gee - finished adjusted imputation 12/20 in 0.1s 
[2026-06-03 19:01:39] [INFO] 04b_gee - fitting geeglm (adjusted) on imputation 13/20 
[2026-06-03 19:01:40] [INFO] 04b_gee - finished adjusted imputation 13/20 in 0.1s 
[2026-06-03 19:01:40] [INFO] 04b_gee - fitting geeglm (adjusted) on imputation 14/20 
[2026-06-03 19:01:40] [INFO] 04b_gee - finished adjusted imputation 14/20 in 0.1s 
[2026-06-03 19:01:40] [INFO] 04b_gee - fitting geeglm (adjusted) on imputation 15/20 
[2026-06-03 19:01:40] [INFO] 04b_gee - finished adjusted imputation 15/20 in 0.1s 
[2026-06-03 19:01:40] [INFO] 04b_gee - fitting geeglm (adjusted) on imputation 16/20 
[2026-06-03 19:01:40] [INFO] 04b_gee - finished adjusted imputation 16/20 in 0.1s 
[2026-06-03 19:01:40] [INFO] 04b_gee - fitting geeglm (adjusted) on imputation 17/20 
[2026-06-03 19:01:40] [INFO] 04b_gee - finished adjusted imputation 17/20 in 0.1s 
[2026-06-03 19:01:40] [INFO] 04b_gee - fitting geeglm (adjusted) on imputation 18/20 
[2026-06-03 19:01:40] [INFO] 04b_gee - finished adjusted imputation 18/20 in 0.1s 
[2026-06-03 19:01:40] [INFO] 04b_gee - fitting geeglm (adjusted) on imputation 19/20 
[2026-06-03 19:01:40] [INFO] 04b_gee - finished adjusted imputation 19/20 in 0.1s 
[2026-06-03 19:01:40] [INFO] 04b_gee - fitting geeglm (adjusted) on imputation 20/20 
[2026-06-03 19:01:40] [INFO] 04b_gee - finished adjusted imputation 20/20 in 0.1s 
[2026-06-03 19:01:40] [INFO] 04b_gee - pooling adjusted GEE contrasts across imputations 
[2026-06-03 19:02:39] [INFO] 02_imputation - running effectiveness MICE: 19 variables, 8 imputed targets, 176 predictor links 
[2026-06-03 19:02:50] [INFO] 04b_gee - reconstructing 20 imputed long datasets 
[2026-06-03 19:02:50] [INFO] 04b_gee - building per-imputation long datasets 
[2026-06-03 19:02:51] [INFO] 04b_gee - fitting unadjusted and adjusted GEE models 
[2026-06-03 19:02:51] [INFO] 04b_gee - fitting geeglm (unadjusted) on imputation 1/20 
[2026-06-03 19:02:51] [INFO] 04b_gee - finished unadjusted imputation 1/20 in 0.1s 
[2026-06-03 19:02:51] [INFO] 04b_gee - fitting geeglm (unadjusted) on imputation 2/20 
[2026-06-03 19:02:51] [INFO] 04b_gee - finished unadjusted imputation 2/20 in 0.1s 
[2026-06-03 19:02:51] [INFO] 04b_gee - fitting geeglm (unadjusted) on imputation 3/20 
[2026-06-03 19:02:51] [INFO] 04b_gee - finished unadjusted imputation 3/20 in 0.1s 
[2026-06-03 19:02:51] [INFO] 04b_gee - fitting geeglm (unadjusted) on imputation 4/20 
[2026-06-03 19:02:51] [INFO] 04b_gee - finished unadjusted imputation 4/20 in 0.1s 
[2026-06-03 19:02:51] [INFO] 04b_gee - fitting geeglm (unadjusted) on imputation 5/20 
[2026-06-03 19:02:51] [INFO] 04b_gee - finished unadjusted imputation 5/20 in 0.1s 
[2026-06-03 19:02:51] [INFO] 04b_gee - fitting geeglm (unadjusted) on imputation 6/20 
[2026-06-03 19:02:51] [INFO] 04b_gee - finished unadjusted imputation 6/20 in 0.1s 
[2026-06-03 19:02:51] [INFO] 04b_gee - fitting geeglm (unadjusted) on imputation 7/20 
[2026-06-03 19:02:51] [INFO] 04b_gee - finished unadjusted imputation 7/20 in 0.1s 
[2026-06-03 19:02:51] [INFO] 04b_gee - fitting geeglm (unadjusted) on imputation 8/20 
[2026-06-03 19:02:51] [INFO] 04b_gee - finished unadjusted imputation 8/20 in 0.1s 
[2026-06-03 19:02:51] [INFO] 04b_gee - fitting geeglm (unadjusted) on imputation 9/20 
[2026-06-03 19:02:51] [INFO] 04b_gee - finished unadjusted imputation 9/20 in 0.1s 
[2026-06-03 19:02:51] [INFO] 04b_gee - fitting geeglm (unadjusted) on imputation 10/20 
[2026-06-03 19:02:52] [INFO] 04b_gee - finished unadjusted imputation 10/20 in 0.1s 
[2026-06-03 19:02:52] [INFO] 04b_gee - fitting geeglm (unadjusted) on imputation 11/20 
[2026-06-03 19:02:52] [INFO] 04b_gee - finished unadjusted imputation 11/20 in 0.1s 
[2026-06-03 19:02:52] [INFO] 04b_gee - fitting geeglm (unadjusted) on imputation 12/20 
[2026-06-03 19:02:52] [INFO] 04b_gee - finished unadjusted imputation 12/20 in 0.1s 
[2026-06-03 19:02:52] [INFO] 04b_gee - fitting geeglm (unadjusted) on imputation 13/20 
[2026-06-03 19:02:52] [INFO] 04b_gee - finished unadjusted imputation 13/20 in 0.1s 
[2026-06-03 19:02:52] [INFO] 04b_gee - fitting geeglm (unadjusted) on imputation 14/20 
[2026-06-03 19:02:52] [INFO] 04b_gee - finished unadjusted imputation 14/20 in 0.1s 
[2026-06-03 19:02:52] [INFO] 04b_gee - fitting geeglm (unadjusted) on imputation 15/20 
[2026-06-03 19:02:52] [INFO] 04b_gee - finished unadjusted imputation 15/20 in 0.1s 
[2026-06-03 19:02:52] [INFO] 04b_gee - fitting geeglm (unadjusted) on imputation 16/20 
[2026-06-03 19:02:52] [INFO] 04b_gee - finished unadjusted imputation 16/20 in 0.1s 
[2026-06-03 19:02:52] [INFO] 04b_gee - fitting geeglm (unadjusted) on imputation 17/20 
[2026-06-03 19:02:52] [INFO] 04b_gee - finished unadjusted imputation 17/20 in 0.1s 
[2026-06-03 19:02:52] [INFO] 04b_gee - fitting geeglm (unadjusted) on imputation 18/20 
[2026-06-03 19:02:52] [INFO] 04b_gee - finished unadjusted imputation 18/20 in 0.1s 
[2026-06-03 19:02:52] [INFO] 04b_gee - fitting geeglm (unadjusted) on imputation 19/20 
[2026-06-03 19:02:52] [INFO] 04b_gee - finished unadjusted imputation 19/20 in 0.1s 
[2026-06-03 19:02:52] [INFO] 04b_gee - fitting geeglm (unadjusted) on imputation 20/20 
[2026-06-03 19:02:52] [INFO] 04b_gee - finished unadjusted imputation 20/20 in 0.1s 
[2026-06-03 19:02:52] [INFO] 04b_gee - pooling unadjusted GEE contrasts across imputations 
[2026-06-03 19:02:52] [INFO] 04b_gee - fitting geeglm (adjusted) on imputation 1/20 
[2026-06-03 19:02:52] [INFO] 04b_gee - finished adjusted imputation 1/20 in 0.1s 
[2026-06-03 19:02:52] [INFO] 04b_gee - fitting geeglm (adjusted) on imputation 2/20 
[2026-06-03 19:02:53] [INFO] 04b_gee - finished adjusted imputation 2/20 in 0.1s 
[2026-06-03 19:02:53] [INFO] 04b_gee - fitting geeglm (adjusted) on imputation 3/20 
[2026-06-03 19:02:53] [INFO] 04b_gee - finished adjusted imputation 3/20 in 0.1s 
[2026-06-03 19:02:53] [INFO] 04b_gee - fitting geeglm (adjusted) on imputation 4/20 
[2026-06-03 19:02:53] [INFO] 04b_gee - finished adjusted imputation 4/20 in 0.1s 
[2026-06-03 19:02:53] [INFO] 04b_gee - fitting geeglm (adjusted) on imputation 5/20 
[2026-06-03 19:02:53] [INFO] 04b_gee - finished adjusted imputation 5/20 in 0.1s 
[2026-06-03 19:02:53] [INFO] 04b_gee - fitting geeglm (adjusted) on imputation 6/20 
[2026-06-03 19:02:53] [INFO] 04b_gee - finished adjusted imputation 6/20 in 0.1s 
[2026-06-03 19:02:53] [INFO] 04b_gee - fitting geeglm (adjusted) on imputation 7/20 
[2026-06-03 19:02:53] [INFO] 04b_gee - finished adjusted imputation 7/20 in 0.1s 
[2026-06-03 19:02:53] [INFO] 04b_gee - fitting geeglm (adjusted) on imputation 8/20 
[2026-06-03 19:02:53] [INFO] 04b_gee - finished adjusted imputation 8/20 in 0.1s 
[2026-06-03 19:02:53] [INFO] 04b_gee - fitting geeglm (adjusted) on imputation 9/20 
[2026-06-03 19:02:53] [INFO] 04b_gee - finished adjusted imputation 9/20 in 0.1s 
[2026-06-03 19:02:53] [INFO] 04b_gee - fitting geeglm (adjusted) on imputation 10/20 
[2026-06-03 19:02:53] [INFO] 04b_gee - finished adjusted imputation 10/20 in 0.1s 
[2026-06-03 19:02:53] [INFO] 04b_gee - fitting geeglm (adjusted) on imputation 11/20 
[2026-06-03 19:02:53] [INFO] 04b_gee - finished adjusted imputation 11/20 in 0.1s 
[2026-06-03 19:02:53] [INFO] 04b_gee - fitting geeglm (adjusted) on imputation 12/20 
[2026-06-03 19:02:54] [INFO] 04b_gee - finished adjusted imputation 12/20 in 0.1s 
[2026-06-03 19:02:54] [INFO] 04b_gee - fitting geeglm (adjusted) on imputation 13/20 
[2026-06-03 19:02:54] [INFO] 04b_gee - finished adjusted imputation 13/20 in 0.1s 
[2026-06-03 19:02:54] [INFO] 04b_gee - fitting geeglm (adjusted) on imputation 14/20 
[2026-06-03 19:02:54] [INFO] 04b_gee - finished adjusted imputation 14/20 in 0.1s 
[2026-06-03 19:02:54] [INFO] 04b_gee - fitting geeglm (adjusted) on imputation 15/20 
[2026-06-03 19:02:54] [INFO] 04b_gee - finished adjusted imputation 15/20 in 0.1s 
[2026-06-03 19:02:54] [INFO] 04b_gee - fitting geeglm (adjusted) on imputation 16/20 
[2026-06-03 19:02:54] [INFO] 04b_gee - finished adjusted imputation 16/20 in 0.1s 
[2026-06-03 19:02:54] [INFO] 04b_gee - fitting geeglm (adjusted) on imputation 17/20 
[2026-06-03 19:02:54] [INFO] 04b_gee - finished adjusted imputation 17/20 in 0.1s 
[2026-06-03 19:02:54] [INFO] 04b_gee - fitting geeglm (adjusted) on imputation 18/20 
[2026-06-03 19:02:54] [INFO] 04b_gee - finished adjusted imputation 18/20 in 0.1s 
[2026-06-03 19:02:54] [INFO] 04b_gee - fitting geeglm (adjusted) on imputation 19/20 
[2026-06-03 19:02:54] [INFO] 04b_gee - finished adjusted imputation 19/20 in 0.1s 
[2026-06-03 19:02:54] [INFO] 04b_gee - fitting geeglm (adjusted) on imputation 20/20 
[2026-06-03 19:02:54] [INFO] 04b_gee - finished adjusted imputation 20/20 in 0.1s 
[2026-06-03 19:02:54] [INFO] 04b_gee - pooling adjusted GEE contrasts across imputations 
[2026-06-03 19:04:28] [START] 02_imputation - building the main wide imputation frame 
[2026-06-03 19:04:28] [INFO] 02_imputation - building the effectiveness-specific MICE branch 
[2026-06-03 19:04:29] [INFO] 02_imputation - running effectiveness MICE: 18 variables, 8 imputed targets, 152 predictor links 
[2026-06-03 19:04:39] [INFO] 02_imputation - building the CEA-specific MICE branch 
[2026-06-03 19:04:40] [INFO] 02_imputation - running cea MICE: 48 variables, 34 imputed targets, 1221 predictor links 
[2026-06-03 19:05:46] [DONE] 02_imputation - saved canonical imputation artifact (elapsed 77.8s) 
[2026-06-03 19:05:58] [START] 04b_gee - fitting the configured GEE effectiveness model 
[2026-06-03 19:05:59] [INFO] 04b_gee - reconstructing 20 imputed long datasets 
[2026-06-03 19:05:59] [INFO] 04b_gee - building per-imputation long datasets 
[2026-06-03 19:06:00] [INFO] 04b_gee - fitting unadjusted and adjusted GEE models 
[2026-06-03 19:06:00] [INFO] 04b_gee - fitting geeglm (unadjusted) on imputation 1/20 
[2026-06-03 19:06:00] [INFO] 04b_gee - finished unadjusted imputation 1/20 in 0.2s 
[2026-06-03 19:06:00] [INFO] 04b_gee - fitting geeglm (unadjusted) on imputation 2/20 
[2026-06-03 19:06:00] [INFO] 04b_gee - finished unadjusted imputation 2/20 in 0.1s 
[2026-06-03 19:06:00] [INFO] 04b_gee - fitting geeglm (unadjusted) on imputation 3/20 
[2026-06-03 19:06:00] [INFO] 04b_gee - finished unadjusted imputation 3/20 in 0.1s 
[2026-06-03 19:06:00] [INFO] 04b_gee - fitting geeglm (unadjusted) on imputation 4/20 
[2026-06-03 19:06:00] [INFO] 04b_gee - finished unadjusted imputation 4/20 in 0.1s 
[2026-06-03 19:06:00] [INFO] 04b_gee - fitting geeglm (unadjusted) on imputation 5/20 
[2026-06-03 19:06:00] [INFO] 04b_gee - finished unadjusted imputation 5/20 in 0.1s 
[2026-06-03 19:06:00] [INFO] 04b_gee - fitting geeglm (unadjusted) on imputation 6/20 
[2026-06-03 19:06:00] [INFO] 04b_gee - finished unadjusted imputation 6/20 in 0.1s 
[2026-06-03 19:06:00] [INFO] 04b_gee - fitting geeglm (unadjusted) on imputation 7/20 
[2026-06-03 19:06:00] [INFO] 04b_gee - finished unadjusted imputation 7/20 in 0.1s 
[2026-06-03 19:06:00] [INFO] 04b_gee - fitting geeglm (unadjusted) on imputation 8/20 
[2026-06-03 19:06:01] [INFO] 04b_gee - finished unadjusted imputation 8/20 in 0.1s 
[2026-06-03 19:06:01] [INFO] 04b_gee - fitting geeglm (unadjusted) on imputation 9/20 
[2026-06-03 19:06:01] [INFO] 04b_gee - finished unadjusted imputation 9/20 in 0.1s 
[2026-06-03 19:06:01] [INFO] 04b_gee - fitting geeglm (unadjusted) on imputation 10/20 
[2026-06-03 19:06:01] [INFO] 04b_gee - finished unadjusted imputation 10/20 in 0.1s 
[2026-06-03 19:06:01] [INFO] 04b_gee - fitting geeglm (unadjusted) on imputation 11/20 
[2026-06-03 19:06:01] [INFO] 04b_gee - finished unadjusted imputation 11/20 in 0.1s 
[2026-06-03 19:06:01] [INFO] 04b_gee - fitting geeglm (unadjusted) on imputation 12/20 
[2026-06-03 19:06:01] [INFO] 04b_gee - finished unadjusted imputation 12/20 in 0.1s 
[2026-06-03 19:06:01] [INFO] 04b_gee - fitting geeglm (unadjusted) on imputation 13/20 
[2026-06-03 19:06:01] [INFO] 04b_gee - finished unadjusted imputation 13/20 in 0.2s 
[2026-06-03 19:06:01] [INFO] 04b_gee - fitting geeglm (unadjusted) on imputation 14/20 
[2026-06-03 19:06:01] [INFO] 04b_gee - finished unadjusted imputation 14/20 in 0.1s 
[2026-06-03 19:06:01] [INFO] 04b_gee - fitting geeglm (unadjusted) on imputation 15/20 
[2026-06-03 19:06:01] [INFO] 04b_gee - finished unadjusted imputation 15/20 in 0.1s 
[2026-06-03 19:06:01] [INFO] 04b_gee - fitting geeglm (unadjusted) on imputation 16/20 
[2026-06-03 19:06:01] [INFO] 04b_gee - finished unadjusted imputation 16/20 in 0.1s 
[2026-06-03 19:06:01] [INFO] 04b_gee - fitting geeglm (unadjusted) on imputation 17/20 
[2026-06-03 19:06:02] [INFO] 04b_gee - finished unadjusted imputation 17/20 in 0.1s 
[2026-06-03 19:06:02] [INFO] 04b_gee - fitting geeglm (unadjusted) on imputation 18/20 
[2026-06-03 19:06:02] [INFO] 04b_gee - finished unadjusted imputation 18/20 in 0.1s 
[2026-06-03 19:06:02] [INFO] 04b_gee - fitting geeglm (unadjusted) on imputation 19/20 
[2026-06-03 19:06:02] [INFO] 04b_gee - finished unadjusted imputation 19/20 in 0.1s 
[2026-06-03 19:06:02] [INFO] 04b_gee - fitting geeglm (unadjusted) on imputation 20/20 
[2026-06-03 19:06:02] [INFO] 04b_gee - finished unadjusted imputation 20/20 in 0.1s 
[2026-06-03 19:06:02] [INFO] 04b_gee - pooling unadjusted GEE contrasts across imputations 
[2026-06-03 19:06:02] [INFO] 04b_gee - fitting geeglm (adjusted) on imputation 1/20 
[2026-06-03 19:06:02] [INFO] 04b_gee - finished adjusted imputation 1/20 in 0.2s 
[2026-06-03 19:06:02] [INFO] 04b_gee - fitting geeglm (adjusted) on imputation 2/20 
[2026-06-03 19:06:03] [INFO] 04b_gee - finished adjusted imputation 2/20 in 0.2s 
[2026-06-03 19:06:03] [INFO] 04b_gee - fitting geeglm (adjusted) on imputation 3/20 
[2026-06-03 19:06:03] [INFO] 04b_gee - finished adjusted imputation 3/20 in 0.2s 
[2026-06-03 19:06:03] [INFO] 04b_gee - fitting geeglm (adjusted) on imputation 4/20 
[2026-06-03 19:06:03] [INFO] 04b_gee - finished adjusted imputation 4/20 in 0.2s 
[2026-06-03 19:06:03] [INFO] 04b_gee - fitting geeglm (adjusted) on imputation 5/20 
[2026-06-03 19:06:03] [INFO] 04b_gee - finished adjusted imputation 5/20 in 0.1s 
[2026-06-03 19:06:03] [INFO] 04b_gee - fitting geeglm (adjusted) on imputation 6/20 
[2026-06-03 19:06:03] [INFO] 04b_gee - finished adjusted imputation 6/20 in 0.3s 
[2026-06-03 19:06:03] [INFO] 04b_gee - fitting geeglm (adjusted) on imputation 7/20 
[2026-06-03 19:06:04] [INFO] 04b_gee - finished adjusted imputation 7/20 in 0.1s 
[2026-06-03 19:06:04] [INFO] 04b_gee - fitting geeglm (adjusted) on imputation 8/20 
[2026-06-03 19:06:04] [INFO] 04b_gee - finished adjusted imputation 8/20 in 0.2s 
[2026-06-03 19:06:04] [INFO] 04b_gee - fitting geeglm (adjusted) on imputation 9/20 
[2026-06-03 19:06:04] [INFO] 04b_gee - finished adjusted imputation 9/20 in 0.2s 
[2026-06-03 19:06:04] [INFO] 04b_gee - fitting geeglm (adjusted) on imputation 10/20 
[2026-06-03 19:06:04] [INFO] 04b_gee - finished adjusted imputation 10/20 in 0.1s 
[2026-06-03 19:06:04] [INFO] 04b_gee - fitting geeglm (adjusted) on imputation 11/20 
[2026-06-03 19:06:04] [INFO] 04b_gee - finished adjusted imputation 11/20 in 0.2s 
[2026-06-03 19:06:04] [INFO] 04b_gee - fitting geeglm (adjusted) on imputation 12/20 
[2026-06-03 19:06:04] [INFO] 04b_gee - finished adjusted imputation 12/20 in 0.2s 
[2026-06-03 19:06:04] [INFO] 04b_gee - fitting geeglm (adjusted) on imputation 13/20 
[2026-06-03 19:06:04] [INFO] 04b_gee - finished adjusted imputation 13/20 in 0.1s 
[2026-06-03 19:06:04] [INFO] 04b_gee - fitting geeglm (adjusted) on imputation 14/20 
[2026-06-03 19:06:05] [INFO] 04b_gee - finished adjusted imputation 14/20 in 0.1s 
[2026-06-03 19:06:05] [INFO] 04b_gee - fitting geeglm (adjusted) on imputation 15/20 
[2026-06-03 19:06:05] [INFO] 04b_gee - finished adjusted imputation 15/20 in 0.1s 
[2026-06-03 19:06:05] [INFO] 04b_gee - fitting geeglm (adjusted) on imputation 16/20 
[2026-06-03 19:06:05] [INFO] 04b_gee - finished adjusted imputation 16/20 in 0.1s 
[2026-06-03 19:06:05] [INFO] 04b_gee - fitting geeglm (adjusted) on imputation 17/20 
[2026-06-03 19:06:05] [INFO] 04b_gee - finished adjusted imputation 17/20 in 0.2s 
[2026-06-03 19:06:05] [INFO] 04b_gee - fitting geeglm (adjusted) on imputation 18/20 
[2026-06-03 19:06:05] [INFO] 04b_gee - finished adjusted imputation 18/20 in 0.1s 
[2026-06-03 19:06:05] [INFO] 04b_gee - fitting geeglm (adjusted) on imputation 19/20 
[2026-06-03 19:06:05] [INFO] 04b_gee - finished adjusted imputation 19/20 in 0.3s 
[2026-06-03 19:06:05] [INFO] 04b_gee - fitting geeglm (adjusted) on imputation 20/20 
[2026-06-03 19:06:06] [INFO] 04b_gee - finished adjusted imputation 20/20 in 0.1s 
[2026-06-03 19:06:06] [INFO] 04b_gee - pooling adjusted GEE contrasts across imputations 
[2026-06-03 19:06:15] [DONE] 04b_gee - saved canonical GEE effectiveness artifact (elapsed 16.5s) 
[2026-06-03 19:06:42] [START] 07_manuscript_report - assembling a readable manuscript results brief [2026-06-03 19:06:42] [START] 06_outputs - assembling manuscript output artifact 
[2026-06-03 19:06:44] [DONE] 07_manuscript_report - saved canonical manuscript report artifact and Markdown brief (elapsed 2.3s) 
[2026-06-03 19:06:45] [INFO] 06_outputs - loaded effectiveness and CEA model artefacts 
[2026-06-03 19:06:45] [INFO] 06_outputs - assembling manuscript-ready comparison tables 
[2026-06-03 19:06:45] [DONE] 06_outputs - saved canonical manuscript outputs artifact and manuscript summary CSV (elapsed 2.9s) 
[2026-06-03 19:07:13] [START] smoke_tests - running fast validation checks 
[2026-06-03 19:07:13] [INFO] smoke_tests - checking canonical cleaning stage 
[2026-06-03 19:07:14] [START] 01_cleaning - reading raw questionnaire and cost files 
[2026-06-03 19:07:14] [INFO] 01_cleaning - loading baseline and follow-up questionnaires 
[2026-06-03 19:07:15] [DONE] 01_cleaning - saved canonical cleaning artifact (elapsed 1.4s) 
[2026-06-03 19:07:15] [INFO] smoke_tests - building imputation frame without running MICE 
[2026-06-03 19:07:15] [INFO] smoke_tests - checking optional canonical artifacts 
[2026-06-03 19:07:18] [DONE] smoke_tests - smoke tests passed (elapsed 4.0s) 
[2026-06-03 19:08:51] [INFO] 02_imputation - running effectiveness MICE: 13 variables, 4 imputed targets, 76 predictor links 
[2026-06-03 19:08:59] [INFO] 04b_gee - reconstructing 20 imputed long datasets 
[2026-06-03 19:08:59] [INFO] 04b_gee - building per-imputation long datasets 
[2026-06-03 19:09:01] [INFO] 04b_gee - fitting unadjusted and adjusted GEE models 
[2026-06-03 19:09:01] [INFO] 04b_gee - fitting geeglm (unadjusted) on imputation 1/20 
[2026-06-03 19:09:01] [INFO] 04b_gee - finished unadjusted imputation 1/20 in 0.1s 
[2026-06-03 19:09:01] [INFO] 04b_gee - fitting geeglm (unadjusted) on imputation 2/20 
[2026-06-03 19:09:01] [INFO] 04b_gee - finished unadjusted imputation 2/20 in 0.1s 
[2026-06-03 19:09:01] [INFO] 04b_gee - fitting geeglm (unadjusted) on imputation 3/20 
[2026-06-03 19:09:01] [INFO] 04b_gee - finished unadjusted imputation 3/20 in 0.1s 
[2026-06-03 19:09:01] [INFO] 04b_gee - fitting geeglm (unadjusted) on imputation 4/20 
[2026-06-03 19:09:01] [INFO] 04b_gee - finished unadjusted imputation 4/20 in 0.1s 
[2026-06-03 19:09:01] [INFO] 04b_gee - fitting geeglm (unadjusted) on imputation 5/20 
[2026-06-03 19:09:01] [INFO] 04b_gee - finished unadjusted imputation 5/20 in 0.1s 
[2026-06-03 19:09:01] [INFO] 04b_gee - fitting geeglm (unadjusted) on imputation 6/20 
[2026-06-03 19:09:01] [INFO] 04b_gee - finished unadjusted imputation 6/20 in 0.1s 
[2026-06-03 19:09:01] [INFO] 04b_gee - fitting geeglm (unadjusted) on imputation 7/20 
[2026-06-03 19:09:01] [INFO] 04b_gee - finished unadjusted imputation 7/20 in 0.1s 
[2026-06-03 19:09:01] [INFO] 04b_gee - fitting geeglm (unadjusted) on imputation 8/20 
[2026-06-03 19:09:01] [INFO] 04b_gee - finished unadjusted imputation 8/20 in 0.1s 
[2026-06-03 19:09:01] [INFO] 04b_gee - fitting geeglm (unadjusted) on imputation 9/20 
[2026-06-03 19:09:01] [INFO] 04b_gee - finished unadjusted imputation 9/20 in 0.1s 
[2026-06-03 19:09:01] [INFO] 04b_gee - fitting geeglm (unadjusted) on imputation 10/20 
[2026-06-03 19:09:02] [INFO] 04b_gee - finished unadjusted imputation 10/20 in 0.1s 
[2026-06-03 19:09:02] [INFO] 04b_gee - fitting geeglm (unadjusted) on imputation 11/20 
[2026-06-03 19:09:02] [INFO] 04b_gee - finished unadjusted imputation 11/20 in 0.1s 
[2026-06-03 19:09:02] [INFO] 04b_gee - fitting geeglm (unadjusted) on imputation 12/20 
[2026-06-03 19:09:02] [INFO] 04b_gee - finished unadjusted imputation 12/20 in 0.1s 
[2026-06-03 19:09:02] [INFO] 04b_gee - fitting geeglm (unadjusted) on imputation 13/20 
[2026-06-03 19:09:02] [INFO] 04b_gee - finished unadjusted imputation 13/20 in 0.1s 
[2026-06-03 19:09:02] [INFO] 04b_gee - fitting geeglm (unadjusted) on imputation 14/20 
[2026-06-03 19:09:02] [INFO] 04b_gee - finished unadjusted imputation 14/20 in 0.1s 
[2026-06-03 19:09:02] [INFO] 04b_gee - fitting geeglm (unadjusted) on imputation 15/20 
[2026-06-03 19:09:02] [INFO] 04b_gee - finished unadjusted imputation 15/20 in 0.1s 
[2026-06-03 19:09:02] [INFO] 04b_gee - fitting geeglm (unadjusted) on imputation 16/20 
[2026-06-03 19:09:02] [INFO] 04b_gee - finished unadjusted imputation 16/20 in 0.1s 
[2026-06-03 19:09:02] [INFO] 04b_gee - fitting geeglm (unadjusted) on imputation 17/20 
[2026-06-03 19:09:02] [INFO] 04b_gee - finished unadjusted imputation 17/20 in 0.1s 
[2026-06-03 19:09:02] [INFO] 04b_gee - fitting geeglm (unadjusted) on imputation 18/20 
[2026-06-03 19:09:02] [INFO] 04b_gee - finished unadjusted imputation 18/20 in 0.1s 
[2026-06-03 19:09:02] [INFO] 04b_gee - fitting geeglm (unadjusted) on imputation 19/20 
[2026-06-03 19:09:02] [INFO] 04b_gee - finished unadjusted imputation 19/20 in 0.1s 
[2026-06-03 19:09:02] [INFO] 04b_gee - fitting geeglm (unadjusted) on imputation 20/20 
[2026-06-03 19:09:02] [INFO] 04b_gee - finished unadjusted imputation 20/20 in 0.1s 
[2026-06-03 19:09:02] [INFO] 04b_gee - pooling unadjusted GEE contrasts across imputations 
[2026-06-03 19:09:03] [INFO] 04b_gee - fitting geeglm (adjusted) on imputation 1/20 
[2026-06-03 19:09:03] [INFO] 04b_gee - finished adjusted imputation 1/20 in 0.1s 
[2026-06-03 19:09:03] [INFO] 04b_gee - fitting geeglm (adjusted) on imputation 2/20 
[2026-06-03 19:09:03] [INFO] 04b_gee - finished adjusted imputation 2/20 in 0.1s 
[2026-06-03 19:09:03] [INFO] 04b_gee - fitting geeglm (adjusted) on imputation 3/20 
[2026-06-03 19:09:03] [INFO] 04b_gee - finished adjusted imputation 3/20 in 0.3s 
[2026-06-03 19:09:03] [INFO] 04b_gee - fitting geeglm (adjusted) on imputation 4/20 
[2026-06-03 19:09:03] [INFO] 04b_gee - finished adjusted imputation 4/20 in 0.1s 
[2026-06-03 19:09:03] [INFO] 04b_gee - fitting geeglm (adjusted) on imputation 5/20 
[2026-06-03 19:09:03] [INFO] 04b_gee - finished adjusted imputation 5/20 in 0.1s 
[2026-06-03 19:09:03] [INFO] 04b_gee - fitting geeglm (adjusted) on imputation 6/20 
[2026-06-03 19:09:03] [INFO] 04b_gee - finished adjusted imputation 6/20 in 0.1s 
[2026-06-03 19:09:03] [INFO] 04b_gee - fitting geeglm (adjusted) on imputation 7/20 
[2026-06-03 19:09:04] [INFO] 04b_gee - finished adjusted imputation 7/20 in 0.1s 
[2026-06-03 19:09:04] [INFO] 04b_gee - fitting geeglm (adjusted) on imputation 8/20 
[2026-06-03 19:09:04] [INFO] 04b_gee - finished adjusted imputation 8/20 in 0.1s 
[2026-06-03 19:09:04] [INFO] 04b_gee - fitting geeglm (adjusted) on imputation 9/20 
[2026-06-03 19:09:04] [INFO] 04b_gee - finished adjusted imputation 9/20 in 0.1s 
[2026-06-03 19:09:04] [INFO] 04b_gee - fitting geeglm (adjusted) on imputation 10/20 
[2026-06-03 19:09:04] [INFO] 04b_gee - finished adjusted imputation 10/20 in 0.1s 
[2026-06-03 19:09:04] [INFO] 04b_gee - fitting geeglm (adjusted) on imputation 11/20 
[2026-06-03 19:09:04] [INFO] 04b_gee - finished adjusted imputation 11/20 in 0.1s 
[2026-06-03 19:09:04] [INFO] 04b_gee - fitting geeglm (adjusted) on imputation 12/20 
[2026-06-03 19:09:04] [INFO] 04b_gee - finished adjusted imputation 12/20 in 0.1s 
[2026-06-03 19:09:04] [INFO] 04b_gee - fitting geeglm (adjusted) on imputation 13/20 
[2026-06-03 19:09:04] [INFO] 04b_gee - finished adjusted imputation 13/20 in 0.1s 
[2026-06-03 19:09:04] [INFO] 04b_gee - fitting geeglm (adjusted) on imputation 14/20 
[2026-06-03 19:09:04] [INFO] 04b_gee - finished adjusted imputation 14/20 in 0.1s 
[2026-06-03 19:09:04] [INFO] 04b_gee - fitting geeglm (adjusted) on imputation 15/20 
[2026-06-03 19:09:05] [INFO] 04b_gee - finished adjusted imputation 15/20 in 0.1s 
[2026-06-03 19:09:05] [INFO] 04b_gee - fitting geeglm (adjusted) on imputation 16/20 
[2026-06-03 19:09:05] [INFO] 04b_gee - finished adjusted imputation 16/20 in 0.1s 
[2026-06-03 19:09:05] [INFO] 04b_gee - fitting geeglm (adjusted) on imputation 17/20 
[2026-06-03 19:09:05] [INFO] 04b_gee - finished adjusted imputation 17/20 in 0.1s 
[2026-06-03 19:09:05] [INFO] 04b_gee - fitting geeglm (adjusted) on imputation 18/20 
[2026-06-03 19:09:05] [INFO] 04b_gee - finished adjusted imputation 18/20 in 0.1s 
[2026-06-03 19:09:05] [INFO] 04b_gee - fitting geeglm (adjusted) on imputation 19/20 
[2026-06-03 19:09:05] [INFO] 04b_gee - finished adjusted imputation 19/20 in 0.1s 
[2026-06-03 19:09:05] [INFO] 04b_gee - fitting geeglm (adjusted) on imputation 20/20 
[2026-06-03 19:09:05] [INFO] 04b_gee - finished adjusted imputation 20/20 in 0.1s 
[2026-06-03 19:09:05] [INFO] 04b_gee - pooling adjusted GEE contrasts across imputations 
[2026-06-03 19:13:32] [START] 01_cleaning - reading raw questionnaire and cost files 
[2026-06-03 19:13:32] [INFO] 01_cleaning - loading baseline and follow-up questionnaires 
[2026-06-03 19:13:33] [DONE] 01_cleaning - saved canonical cleaning artifact (elapsed 1.5s) 
[2026-06-03 19:13:58] [START] 02_imputation - building the main wide imputation frame 
[2026-06-03 19:13:58] [INFO] 02_imputation - building the effectiveness-specific MICE branch 
[2026-06-03 19:13:58] [INFO] 02_imputation - running effectiveness MICE: 18 variables, 8 imputed targets, 152 predictor links 
[2026-06-03 19:14:09] [INFO] 02_imputation - building the CEA-specific MICE branch 
[2026-06-03 19:14:09] [INFO] 02_imputation - running cea MICE: 48 variables, 34 imputed targets, 1221 predictor links 
[2026-06-03 19:15:07] [DONE] 02_imputation - saved canonical imputation artifact (elapsed 69.0s) 
[2026-06-03 19:15:20] [START] 04b_gee - fitting the configured GEE effectiveness model 
[2026-06-03 19:15:20] [INFO] 04b_gee - reconstructing 20 imputed long datasets 
[2026-06-03 19:15:20] [INFO] 04b_gee - building per-imputation long datasets 
[2026-06-03 19:15:21] [INFO] 04b_gee - fitting unadjusted and adjusted GEE models 
[2026-06-03 19:15:21] [INFO] 04b_gee - fitting geeglm (unadjusted) on imputation 1/20 
[2026-06-03 19:15:21] [INFO] 04b_gee - finished unadjusted imputation 1/20 in 0.2s 
[2026-06-03 19:15:21] [INFO] 04b_gee - fitting geeglm (unadjusted) on imputation 2/20 
[2026-06-03 19:15:21] [INFO] 04b_gee - finished unadjusted imputation 2/20 in 0.1s 
[2026-06-03 19:15:21] [INFO] 04b_gee - fitting geeglm (unadjusted) on imputation 3/20 
[2026-06-03 19:15:21] [INFO] 04b_gee - finished unadjusted imputation 3/20 in 0.1s 
[2026-06-03 19:15:21] [INFO] 04b_gee - fitting geeglm (unadjusted) on imputation 4/20 
[2026-06-03 19:15:21] [INFO] 04b_gee - finished unadjusted imputation 4/20 in 0.1s 
[2026-06-03 19:15:21] [INFO] 04b_gee - fitting geeglm (unadjusted) on imputation 5/20 
[2026-06-03 19:15:21] [INFO] 04b_gee - finished unadjusted imputation 5/20 in 0.1s 
[2026-06-03 19:15:21] [INFO] 04b_gee - fitting geeglm (unadjusted) on imputation 6/20 
[2026-06-03 19:15:21] [INFO] 04b_gee - finished unadjusted imputation 6/20 in 0.1s 
[2026-06-03 19:15:21] [INFO] 04b_gee - fitting geeglm (unadjusted) on imputation 7/20 
[2026-06-03 19:15:21] [INFO] 04b_gee - finished unadjusted imputation 7/20 in 0.1s 
[2026-06-03 19:15:21] [INFO] 04b_gee - fitting geeglm (unadjusted) on imputation 8/20 
[2026-06-03 19:15:21] [INFO] 04b_gee - finished unadjusted imputation 8/20 in 0.1s 
[2026-06-03 19:15:21] [INFO] 04b_gee - fitting geeglm (unadjusted) on imputation 9/20 
[2026-06-03 19:15:21] [INFO] 04b_gee - finished unadjusted imputation 9/20 in 0.1s 
[2026-06-03 19:15:21] [INFO] 04b_gee - fitting geeglm (unadjusted) on imputation 10/20 
[2026-06-03 19:15:21] [INFO] 04b_gee - finished unadjusted imputation 10/20 in 0.1s 
[2026-06-03 19:15:21] [INFO] 04b_gee - fitting geeglm (unadjusted) on imputation 11/20 
[2026-06-03 19:15:22] [INFO] 04b_gee - finished unadjusted imputation 11/20 in 0.1s 
[2026-06-03 19:15:22] [INFO] 04b_gee - fitting geeglm (unadjusted) on imputation 12/20 
[2026-06-03 19:15:22] [INFO] 04b_gee - finished unadjusted imputation 12/20 in 0.1s 
[2026-06-03 19:15:22] [INFO] 04b_gee - fitting geeglm (unadjusted) on imputation 13/20 
[2026-06-03 19:15:22] [INFO] 04b_gee - finished unadjusted imputation 13/20 in 0.1s 
[2026-06-03 19:15:22] [INFO] 04b_gee - fitting geeglm (unadjusted) on imputation 14/20 
[2026-06-03 19:15:22] [INFO] 04b_gee - finished unadjusted imputation 14/20 in 0.2s 
[2026-06-03 19:15:22] [INFO] 04b_gee - fitting geeglm (unadjusted) on imputation 15/20 
[2026-06-03 19:15:22] [INFO] 04b_gee - finished unadjusted imputation 15/20 in 0.1s 
[2026-06-03 19:15:22] [INFO] 04b_gee - fitting geeglm (unadjusted) on imputation 16/20 
[2026-06-03 19:15:22] [INFO] 04b_gee - finished unadjusted imputation 16/20 in 0.1s 
[2026-06-03 19:15:22] [INFO] 04b_gee - fitting geeglm (unadjusted) on imputation 17/20 
[2026-06-03 19:15:22] [INFO] 04b_gee - finished unadjusted imputation 17/20 in 0.1s 
[2026-06-03 19:15:22] [INFO] 04b_gee - fitting geeglm (unadjusted) on imputation 18/20 
[2026-06-03 19:15:22] [INFO] 04b_gee - finished unadjusted imputation 18/20 in 0.1s 
[2026-06-03 19:15:22] [INFO] 04b_gee - fitting geeglm (unadjusted) on imputation 19/20 
[2026-06-03 19:15:22] [INFO] 04b_gee - finished unadjusted imputation 19/20 in 0.1s 
[2026-06-03 19:15:22] [INFO] 04b_gee - fitting geeglm (unadjusted) on imputation 20/20 
[2026-06-03 19:15:22] [INFO] 04b_gee - finished unadjusted imputation 20/20 in 0.1s 
[2026-06-03 19:15:22] [INFO] 04b_gee - pooling unadjusted GEE contrasts across imputations 
[2026-06-03 19:15:22] [INFO] 04b_gee - fitting geeglm (adjusted) on imputation 1/20 
[2026-06-03 19:15:22] [INFO] 04b_gee - finished adjusted imputation 1/20 in 0.1s 
[2026-06-03 19:15:22] [INFO] 04b_gee - fitting geeglm (adjusted) on imputation 2/20 
[2026-06-03 19:15:23] [INFO] 04b_gee - finished adjusted imputation 2/20 in 0.1s 
[2026-06-03 19:15:23] [INFO] 04b_gee - fitting geeglm (adjusted) on imputation 3/20 
[2026-06-03 19:15:23] [INFO] 04b_gee - finished adjusted imputation 3/20 in 0.1s 
[2026-06-03 19:15:23] [INFO] 04b_gee - fitting geeglm (adjusted) on imputation 4/20 
[2026-06-03 19:15:23] [INFO] 04b_gee - finished adjusted imputation 4/20 in 0.2s 
[2026-06-03 19:15:23] [INFO] 04b_gee - fitting geeglm (adjusted) on imputation 5/20 
[2026-06-03 19:15:23] [INFO] 04b_gee - finished adjusted imputation 5/20 in 0.1s 
[2026-06-03 19:15:23] [INFO] 04b_gee - fitting geeglm (adjusted) on imputation 6/20 
[2026-06-03 19:15:23] [INFO] 04b_gee - finished adjusted imputation 6/20 in 0.1s 
[2026-06-03 19:15:23] [INFO] 04b_gee - fitting geeglm (adjusted) on imputation 7/20 
[2026-06-03 19:15:23] [INFO] 04b_gee - finished adjusted imputation 7/20 in 0.1s 
[2026-06-03 19:15:23] [INFO] 04b_gee - fitting geeglm (adjusted) on imputation 8/20 
[2026-06-03 19:15:23] [INFO] 04b_gee - finished adjusted imputation 8/20 in 0.1s 
[2026-06-03 19:15:23] [INFO] 04b_gee - fitting geeglm (adjusted) on imputation 9/20 
[2026-06-03 19:15:23] [INFO] 04b_gee - finished adjusted imputation 9/20 in 0.1s 
[2026-06-03 19:15:23] [INFO] 04b_gee - fitting geeglm (adjusted) on imputation 10/20 
[2026-06-03 19:15:24] [INFO] 04b_gee - finished adjusted imputation 10/20 in 0.1s 
[2026-06-03 19:15:24] [INFO] 04b_gee - fitting geeglm (adjusted) on imputation 11/20 
[2026-06-03 19:15:24] [INFO] 04b_gee - finished adjusted imputation 11/20 in 0.1s 
[2026-06-03 19:15:24] [INFO] 04b_gee - fitting geeglm (adjusted) on imputation 12/20 
[2026-06-03 19:15:24] [INFO] 04b_gee - finished adjusted imputation 12/20 in 0.1s 
[2026-06-03 19:15:24] [INFO] 04b_gee - fitting geeglm (adjusted) on imputation 13/20 
[2026-06-03 19:15:24] [INFO] 04b_gee - finished adjusted imputation 13/20 in 0.1s 
[2026-06-03 19:15:24] [INFO] 04b_gee - fitting geeglm (adjusted) on imputation 14/20 
[2026-06-03 19:15:24] [INFO] 04b_gee - finished adjusted imputation 14/20 in 0.1s 
[2026-06-03 19:15:24] [INFO] 04b_gee - fitting geeglm (adjusted) on imputation 15/20 
[2026-06-03 19:15:24] [INFO] 04b_gee - finished adjusted imputation 15/20 in 0.1s 
[2026-06-03 19:15:24] [INFO] 04b_gee - fitting geeglm (adjusted) on imputation 16/20 
[2026-06-03 19:15:24] [INFO] 04b_gee - finished adjusted imputation 16/20 in 0.1s 
[2026-06-03 19:15:24] [INFO] 04b_gee - fitting geeglm (adjusted) on imputation 17/20 
[2026-06-03 19:15:24] [INFO] 04b_gee - finished adjusted imputation 17/20 in 0.1s 
[2026-06-03 19:15:24] [INFO] 04b_gee - fitting geeglm (adjusted) on imputation 18/20 
[2026-06-03 19:15:24] [INFO] 04b_gee - finished adjusted imputation 18/20 in 0.1s 
[2026-06-03 19:15:24] [INFO] 04b_gee - fitting geeglm (adjusted) on imputation 19/20 
[2026-06-03 19:15:25] [INFO] 04b_gee - finished adjusted imputation 19/20 in 0.2s 
[2026-06-03 19:15:25] [INFO] 04b_gee - fitting geeglm (adjusted) on imputation 20/20 
[2026-06-03 19:15:25] [INFO] 04b_gee - finished adjusted imputation 20/20 in 0.1s 
[2026-06-03 19:15:25] [INFO] 04b_gee - pooling adjusted GEE contrasts across imputations 
[2026-06-03 19:15:31] [DONE] 04b_gee - saved canonical GEE effectiveness artifact (elapsed 11.3s) 
[2026-06-03 19:15:43] [START] 06_outputs - assembling manuscript output artifact 
[2026-06-03 19:15:43] [START] 07_manuscript_report - assembling a readable manuscript results brief 
[2026-06-03 19:15:45] [DONE] 07_manuscript_report - saved canonical manuscript report artifact and Markdown brief (elapsed 2.3s) 
[2026-06-03 19:15:46] [INFO] 06_outputs - loaded effectiveness and CEA model artefacts 
[2026-06-03 19:15:46] [INFO] 06_outputs - assembling manuscript-ready comparison tables 
[2026-06-03 19:15:46] [DONE] 06_outputs - saved canonical manuscript outputs artifact and manuscript summary CSV (elapsed 2.8s) 
[2026-06-03 19:16:24] [START] smoke_tests - running fast validation checks 
[2026-06-03 19:16:24] [INFO] smoke_tests - checking canonical cleaning stage 
[2026-06-03 19:16:25] [START] 01_cleaning - reading raw questionnaire and cost files 
[2026-06-03 19:16:25] [INFO] 01_cleaning - loading baseline and follow-up questionnaires 
[2026-06-03 19:16:26] [DONE] 01_cleaning - saved canonical cleaning artifact (elapsed 1.5s) 
[2026-06-03 19:16:27] [INFO] smoke_tests - building imputation frame without running MICE 
[2026-06-03 19:16:27] [INFO] smoke_tests - checking optional canonical artifacts 
[2026-06-03 19:16:29] [DONE] smoke_tests - smoke tests passed (elapsed 4.4s) 
[2026-06-03 19:18:11] [INFO] 02_imputation - running cea MICE: 48 variables, 34 imputed targets, 1221 predictor links 
[2026-06-03 19:19:00] [INFO] 04b_gee - reconstructing 20 imputed long datasets 
[2026-06-03 19:19:00] [INFO] 04b_gee - building per-imputation long datasets 
[2026-06-03 19:19:01] [INFO] 04b_gee - fitting unadjusted and adjusted GEE models 
[2026-06-03 19:19:01] [INFO] 04b_gee - fitting geeglm (unadjusted) on imputation 1/20 
[2026-06-03 19:19:01] [INFO] 04b_gee - finished unadjusted imputation 1/20 in 0.1s 
[2026-06-03 19:19:01] [INFO] 04b_gee - fitting geeglm (unadjusted) on imputation 2/20 
[2026-06-03 19:19:01] [INFO] 04b_gee - finished unadjusted imputation 2/20 in 0.1s 
[2026-06-03 19:19:01] [INFO] 04b_gee - fitting geeglm (unadjusted) on imputation 3/20 
[2026-06-03 19:19:01] [INFO] 04b_gee - finished unadjusted imputation 3/20 in 0.1s 
[2026-06-03 19:19:01] [INFO] 04b_gee - fitting geeglm (unadjusted) on imputation 4/20 
[2026-06-03 19:19:01] [INFO] 04b_gee - finished unadjusted imputation 4/20 in 0.1s 
[2026-06-03 19:19:01] [INFO] 04b_gee - fitting geeglm (unadjusted) on imputation 5/20 
[2026-06-03 19:19:01] [INFO] 04b_gee - finished unadjusted imputation 5/20 in 0.1s 
[2026-06-03 19:19:01] [INFO] 04b_gee - fitting geeglm (unadjusted) on imputation 6/20 
[2026-06-03 19:19:02] [INFO] 04b_gee - finished unadjusted imputation 6/20 in 0.1s 
[2026-06-03 19:19:02] [INFO] 04b_gee - fitting geeglm (unadjusted) on imputation 7/20 
[2026-06-03 19:19:02] [INFO] 04b_gee - finished unadjusted imputation 7/20 in 0.1s 
[2026-06-03 19:19:02] [INFO] 04b_gee - fitting geeglm (unadjusted) on imputation 8/20 
[2026-06-03 19:19:02] [INFO] 04b_gee - finished unadjusted imputation 8/20 in 0.1s 
[2026-06-03 19:19:02] [INFO] 04b_gee - fitting geeglm (unadjusted) on imputation 9/20 
[2026-06-03 19:19:02] [INFO] 04b_gee - finished unadjusted imputation 9/20 in 0.1s 
[2026-06-03 19:19:02] [INFO] 04b_gee - fitting geeglm (unadjusted) on imputation 10/20 
[2026-06-03 19:19:02] [INFO] 04b_gee - finished unadjusted imputation 10/20 in 0.1s 
[2026-06-03 19:19:02] [INFO] 04b_gee - fitting geeglm (unadjusted) on imputation 11/20 
[2026-06-03 19:19:02] [INFO] 04b_gee - finished unadjusted imputation 11/20 in 0.1s 
[2026-06-03 19:19:02] [INFO] 04b_gee - fitting geeglm (unadjusted) on imputation 12/20 
[2026-06-03 19:19:02] [INFO] 04b_gee - finished unadjusted imputation 12/20 in 0.1s 
[2026-06-03 19:19:02] [INFO] 04b_gee - fitting geeglm (unadjusted) on imputation 13/20 
[2026-06-03 19:19:02] [INFO] 04b_gee - finished unadjusted imputation 13/20 in 0.1s 
[2026-06-03 19:19:02] [INFO] 04b_gee - fitting geeglm (unadjusted) on imputation 14/20 
[2026-06-03 19:19:02] [INFO] 04b_gee - finished unadjusted imputation 14/20 in 0.1s 
[2026-06-03 19:19:02] [INFO] 04b_gee - fitting geeglm (unadjusted) on imputation 15/20 
[2026-06-03 19:19:02] [INFO] 04b_gee - finished unadjusted imputation 15/20 in 0.1s 
[2026-06-03 19:19:02] [INFO] 04b_gee - fitting geeglm (unadjusted) on imputation 16/20 
[2026-06-03 19:19:02] [INFO] 04b_gee - finished unadjusted imputation 16/20 in 0.1s 
[2026-06-03 19:19:02] [INFO] 04b_gee - fitting geeglm (unadjusted) on imputation 17/20 
[2026-06-03 19:19:02] [INFO] 04b_gee - finished unadjusted imputation 17/20 in 0.1s 
[2026-06-03 19:19:02] [INFO] 04b_gee - fitting geeglm (unadjusted) on imputation 18/20 
[2026-06-03 19:19:02] [INFO] 04b_gee - finished unadjusted imputation 18/20 in 0.1s 
[2026-06-03 19:19:02] [INFO] 04b_gee - fitting geeglm (unadjusted) on imputation 19/20 
[2026-06-03 19:19:02] [INFO] 04b_gee - finished unadjusted imputation 19/20 in 0.1s 
[2026-06-03 19:19:02] [INFO] 04b_gee - fitting geeglm (unadjusted) on imputation 20/20 
[2026-06-03 19:19:02] [INFO] 04b_gee - finished unadjusted imputation 20/20 in 0.1s 
[2026-06-03 19:19:02] [INFO] 04b_gee - pooling unadjusted GEE contrasts across imputations 
[2026-06-03 19:19:03] [INFO] 04b_gee - fitting geeglm (adjusted) on imputation 1/20 
[2026-06-03 19:19:03] [INFO] 04b_gee - finished adjusted imputation 1/20 in 0.1s 
[2026-06-03 19:19:03] [INFO] 04b_gee - fitting geeglm (adjusted) on imputation 2/20 
[2026-06-03 19:19:03] [INFO] 04b_gee - finished adjusted imputation 2/20 in 0.1s 
[2026-06-03 19:19:03] [INFO] 04b_gee - fitting geeglm (adjusted) on imputation 3/20 
[2026-06-03 19:19:03] [INFO] 04b_gee - finished adjusted imputation 3/20 in 0.1s 
[2026-06-03 19:19:03] [INFO] 04b_gee - fitting geeglm (adjusted) on imputation 4/20 
[2026-06-03 19:19:03] [INFO] 04b_gee - finished adjusted imputation 4/20 in 0.1s 
[2026-06-03 19:19:03] [INFO] 04b_gee - fitting geeglm (adjusted) on imputation 5/20 
[2026-06-03 19:19:03] [INFO] 04b_gee - finished adjusted imputation 5/20 in 0.1s 
[2026-06-03 19:19:03] [INFO] 04b_gee - fitting geeglm (adjusted) on imputation 6/20 
[2026-06-03 19:19:03] [INFO] 04b_gee - finished adjusted imputation 6/20 in 0.1s 
[2026-06-03 19:19:03] [INFO] 04b_gee - fitting geeglm (adjusted) on imputation 7/20 
[2026-06-03 19:19:03] [INFO] 04b_gee - finished adjusted imputation 7/20 in 0.1s 
[2026-06-03 19:19:03] [INFO] 04b_gee - fitting geeglm (adjusted) on imputation 8/20 
[2026-06-03 19:19:03] [INFO] 04b_gee - finished adjusted imputation 8/20 in 0.1s 
[2026-06-03 19:19:03] [INFO] 04b_gee - fitting geeglm (adjusted) on imputation 9/20 
[2026-06-03 19:19:03] [INFO] 04b_gee - finished adjusted imputation 9/20 in 0.1s 
[2026-06-03 19:19:03] [INFO] 04b_gee - fitting geeglm (adjusted) on imputation 10/20 
[2026-06-03 19:19:04] [INFO] 04b_gee - finished adjusted imputation 10/20 in 0.1s 
[2026-06-03 19:19:04] [INFO] 04b_gee - fitting geeglm (adjusted) on imputation 11/20 
[2026-06-03 19:19:04] [INFO] 04b_gee - finished adjusted imputation 11/20 in 0.1s 
[2026-06-03 19:19:04] [INFO] 04b_gee - fitting geeglm (adjusted) on imputation 12/20 
[2026-06-03 19:19:04] [INFO] 04b_gee - finished adjusted imputation 12/20 in 0.1s 
[2026-06-03 19:19:04] [INFO] 04b_gee - fitting geeglm (adjusted) on imputation 13/20 
[2026-06-03 19:19:04] [INFO] 04b_gee - finished adjusted imputation 13/20 in 0.1s 
[2026-06-03 19:19:04] [INFO] 04b_gee - fitting geeglm (adjusted) on imputation 14/20 
[2026-06-03 19:19:04] [INFO] 04b_gee - finished adjusted imputation 14/20 in 0.1s 
[2026-06-03 19:19:04] [INFO] 04b_gee - fitting geeglm (adjusted) on imputation 15/20 
[2026-06-03 19:19:04] [INFO] 04b_gee - finished adjusted imputation 15/20 in 0.2s 
[2026-06-03 19:19:04] [INFO] 04b_gee - fitting geeglm (adjusted) on imputation 16/20 
[2026-06-03 19:19:04] [INFO] 04b_gee - finished adjusted imputation 16/20 in 0.1s 
[2026-06-03 19:19:04] [INFO] 04b_gee - fitting geeglm (adjusted) on imputation 17/20 
[2026-06-03 19:19:04] [INFO] 04b_gee - finished adjusted imputation 17/20 in 0.1s 
[2026-06-03 19:19:04] [INFO] 04b_gee - fitting geeglm (adjusted) on imputation 18/20 
[2026-06-03 19:19:04] [INFO] 04b_gee - finished adjusted imputation 18/20 in 0.1s 
[2026-06-03 19:19:04] [INFO] 04b_gee - fitting geeglm (adjusted) on imputation 19/20 
[2026-06-03 19:19:04] [INFO] 04b_gee - finished adjusted imputation 19/20 in 0.1s 
[2026-06-03 19:19:04] [INFO] 04b_gee - fitting geeglm (adjusted) on imputation 20/20 
[2026-06-03 19:19:05] [INFO] 04b_gee - finished adjusted imputation 20/20 in 0.1s 
[2026-06-03 19:19:05] [INFO] 04b_gee - pooling adjusted GEE contrasts across imputations 
[2026-06-03 19:41:48] [INFO] 04b_gee - using single completed dataset for variant 'full' 
[2026-06-03 19:41:48] [INFO] 04b_gee - building per-imputation long datasets 
[2026-06-03 19:41:48] [INFO] 04b_gee - fitting unadjusted and adjusted GEE models 
[2026-06-03 19:41:48] [INFO] 04b_gee - fitting geeglm (disease_control, unadjusted) on imputation 1/1 
[2026-06-03 19:41:49] [INFO] 04b_gee - finished unadjusted imputation 1/1 in 0.1s 
[2026-06-03 19:41:49] [INFO] 04b_gee - pooling unadjusted GEE contrasts across imputations 
[2026-06-03 19:41:49] [INFO] 04b_gee - fitting geeglm (disease_control, adjusted) on imputation 1/1 
[2026-06-03 19:41:49] [INFO] 04b_gee - finished adjusted imputation 1/1 in 0.1s 
[2026-06-03 19:41:49] [INFO] 04b_gee - pooling adjusted GEE contrasts across imputations 
[2026-06-03 19:41:49] [INFO] 04b_gee - fitting secondary GEE outcome 'medication_adherence' 
[2026-06-03 19:41:49] [INFO] 04b_gee - fitting geeglm (medication_adherence, unadjusted) on imputation 1/1 
[2026-06-03 19:41:49] [INFO] 04b_gee - finished unadjusted imputation 1/1 in 0.1s 
[2026-06-03 19:41:49] [INFO] 04b_gee - pooling unadjusted GEE contrasts across imputations 
[2026-06-03 19:41:49] [INFO] 04b_gee - fitting geeglm (medication_adherence, adjusted) on imputation 1/1 
[2026-06-03 19:41:49] [INFO] 04b_gee - finished adjusted imputation 1/1 in 0.1s 
[2026-06-03 19:41:49] [INFO] 04b_gee - pooling adjusted GEE contrasts across imputations 
[2026-06-03 19:41:49] [INFO] 04b_gee - fitting secondary GEE outcome 'non_recent_missed_dose' 
[2026-06-03 19:41:49] [INFO] 04b_gee - fitting geeglm (non_recent_missed_dose, unadjusted) on imputation 1/1 
[2026-06-03 19:41:49] [INFO] 04b_gee - finished unadjusted imputation 1/1 in 0.1s 
[2026-06-03 19:41:49] [INFO] 04b_gee - pooling unadjusted GEE contrasts across imputations 
[2026-06-03 19:41:49] [INFO] 04b_gee - fitting geeglm (non_recent_missed_dose, adjusted) on imputation 1/1 
[2026-06-03 19:41:49] [INFO] 04b_gee - finished adjusted imputation 1/1 in 0.1s 
[2026-06-03 19:41:49] [INFO] 04b_gee - pooling adjusted GEE contrasts across imputations 
[2026-06-03 19:42:03] [INFO] 04_models - using single completed dataset for variant 'full' 
[2026-06-03 19:42:03] [INFO] 04_models - reconstructing completed long data for each imputation 
[2026-06-03 19:42:03] [INFO] 04_models - fitting unadjusted and adjusted mixed-effects models 
[2026-06-03 19:42:03] [INFO] 04_models - fitting glmer (disease_control, unadjusted) on imputation 1/1 
[2026-06-03 19:42:15] [INFO] 04_models - finished unadjusted imputation 1/1 in 11.8s 
[2026-06-03 19:42:15] [INFO] 04_models - fitting glmer (disease_control, adjusted) on imputation 1/1 
[2026-06-03 19:42:27] [INFO] 04_models - finished adjusted imputation 1/1 in 11.8s 
[2026-06-03 19:42:27] [INFO] 04_models - fitting secondary GLMM outcome 'medication_adherence' 
[2026-06-03 19:42:27] [INFO] 04_models - fitting glmer (medication_adherence, unadjusted) on imputation 1/1 
[2026-06-03 19:42:30] [INFO] 04_models - finished unadjusted imputation 1/1 in 3.1s 
[2026-06-03 19:42:30] [INFO] 04_models - fitting glmer (medication_adherence, adjusted) on imputation 1/1 
[2026-06-03 19:42:40] [INFO] 04_models - finished adjusted imputation 1/1 in 10.7s 
[2026-06-03 19:42:41] [INFO] 04_models - fitting secondary GLMM outcome 'non_recent_missed_dose' 
[2026-06-03 19:42:41] [INFO] 04_models - fitting glmer (non_recent_missed_dose, unadjusted) on imputation 1/1 
[2026-06-03 19:42:44] [INFO] 04_models - finished unadjusted imputation 1/1 in 3.8s 
[2026-06-03 19:42:44] [INFO] 04_models - fitting glmer (non_recent_missed_dose, adjusted) on imputation 1/1 
[2026-06-03 19:42:55] [INFO] 04_models - finished adjusted imputation 1/1 in 11.1s 
[2026-06-03 19:43:16] [START] 02_imputation - building the main wide imputation frame 
[2026-06-03 19:43:16] [INFO] 02_imputation - building the effectiveness-specific MICE branch 
[2026-06-03 19:43:17] [INFO] 02_imputation - running effectiveness MICE: 28 variables, 18 imputed targets, 272 predictor links 
[2026-06-03 19:43:59] [INFO] 02_imputation - building the CEA-specific MICE branch 
[2026-06-03 19:43:59] [INFO] 02_imputation - running cea MICE: 48 variables, 34 imputed targets, 1221 predictor links 
[2026-06-03 19:44:55] [DONE] 02_imputation - saved canonical imputation artifact (elapsed 98.8s) 
[2026-06-03 19:45:36] [START] 04b_gee - fitting the configured GEE effectiveness model 
[2026-06-03 19:45:36] [INFO] 04b_gee - reconstructing 20 imputed long datasets 
[2026-06-03 19:45:36] [INFO] 04b_gee - building per-imputation long datasets 
[2026-06-03 19:45:37] [INFO] 04b_gee - fitting unadjusted and adjusted GEE models 
[2026-06-03 19:45:37] [INFO] 04b_gee - fitting geeglm (disease_control, unadjusted) on imputation 1/20 
[2026-06-03 19:45:37] [INFO] 04b_gee - finished unadjusted imputation 1/20 in 0.1s 
[2026-06-03 19:45:37] [INFO] 04b_gee - fitting geeglm (disease_control, unadjusted) on imputation 2/20 
[2026-06-03 19:45:37] [INFO] 04b_gee - finished unadjusted imputation 2/20 in 0.1s 
[2026-06-03 19:45:37] [INFO] 04b_gee - fitting geeglm (disease_control, unadjusted) on imputation 3/20 
[2026-06-03 19:45:37] [INFO] 04b_gee - finished unadjusted imputation 3/20 in 0.1s 
[2026-06-03 19:45:37] [INFO] 04b_gee - fitting geeglm (disease_control, unadjusted) on imputation 4/20 
[2026-06-03 19:45:37] [INFO] 04b_gee - finished unadjusted imputation 4/20 in 0.1s 
[2026-06-03 19:45:37] [INFO] 04b_gee - fitting geeglm (disease_control, unadjusted) on imputation 5/20 
[2026-06-03 19:45:37] [INFO] 04b_gee - finished unadjusted imputation 5/20 in 0.1s 
[2026-06-03 19:45:37] [INFO] 04b_gee - fitting geeglm (disease_control, unadjusted) on imputation 6/20 
[2026-06-03 19:45:37] [INFO] 04b_gee - finished unadjusted imputation 6/20 in 0.1s 
[2026-06-03 19:45:37] [INFO] 04b_gee - fitting geeglm (disease_control, unadjusted) on imputation 7/20 
[2026-06-03 19:45:37] [INFO] 04b_gee - finished unadjusted imputation 7/20 in 0.1s 
[2026-06-03 19:45:37] [INFO] 04b_gee - fitting geeglm (disease_control, unadjusted) on imputation 8/20 
[2026-06-03 19:45:37] [INFO] 04b_gee - finished unadjusted imputation 8/20 in 0.1s 
[2026-06-03 19:45:37] [INFO] 04b_gee - fitting geeglm (disease_control, unadjusted) on imputation 9/20 
[2026-06-03 19:45:38] [INFO] 04b_gee - finished unadjusted imputation 9/20 in 0.1s 
[2026-06-03 19:45:38] [INFO] 04b_gee - fitting geeglm (disease_control, unadjusted) on imputation 10/20 
[2026-06-03 19:45:38] [INFO] 04b_gee - finished unadjusted imputation 10/20 in 0.1s 
[2026-06-03 19:45:38] [INFO] 04b_gee - fitting geeglm (disease_control, unadjusted) on imputation 11/20 
[2026-06-03 19:45:38] [INFO] 04b_gee - finished unadjusted imputation 11/20 in 0.1s 
[2026-06-03 19:45:38] [INFO] 04b_gee - fitting geeglm (disease_control, unadjusted) on imputation 12/20 
[2026-06-03 19:45:38] [INFO] 04b_gee - finished unadjusted imputation 12/20 in 0.1s 
[2026-06-03 19:45:38] [INFO] 04b_gee - fitting geeglm (disease_control, unadjusted) on imputation 13/20 
[2026-06-03 19:45:38] [INFO] 04b_gee - finished unadjusted imputation 13/20 in 0.1s 
[2026-06-03 19:45:38] [INFO] 04b_gee - fitting geeglm (disease_control, unadjusted) on imputation 14/20 
[2026-06-03 19:45:38] [INFO] 04b_gee - finished unadjusted imputation 14/20 in 0.1s 
[2026-06-03 19:45:38] [INFO] 04b_gee - fitting geeglm (disease_control, unadjusted) on imputation 15/20 
[2026-06-03 19:45:38] [INFO] 04b_gee - finished unadjusted imputation 15/20 in 0.1s 
[2026-06-03 19:45:38] [INFO] 04b_gee - fitting geeglm (disease_control, unadjusted) on imputation 16/20 
[2026-06-03 19:45:38] [INFO] 04b_gee - finished unadjusted imputation 16/20 in 0.1s 
[2026-06-03 19:45:38] [INFO] 04b_gee - fitting geeglm (disease_control, unadjusted) on imputation 17/20 
[2026-06-03 19:45:38] [INFO] 04b_gee - finished unadjusted imputation 17/20 in 0.1s 
[2026-06-03 19:45:38] [INFO] 04b_gee - fitting geeglm (disease_control, unadjusted) on imputation 18/20 
[2026-06-03 19:45:38] [INFO] 04b_gee - finished unadjusted imputation 18/20 in 0.1s 
[2026-06-03 19:45:38] [INFO] 04b_gee - fitting geeglm (disease_control, unadjusted) on imputation 19/20 
[2026-06-03 19:45:38] [INFO] 04b_gee - finished unadjusted imputation 19/20 in 0.1s 
[2026-06-03 19:45:38] [INFO] 04b_gee - fitting geeglm (disease_control, unadjusted) on imputation 20/20 
[2026-06-03 19:45:38] [INFO] 04b_gee - finished unadjusted imputation 20/20 in 0.1s 
[2026-06-03 19:45:38] [INFO] 04b_gee - pooling unadjusted GEE contrasts across imputations 
[2026-06-03 19:45:38] [INFO] 04b_gee - fitting geeglm (disease_control, adjusted) on imputation 1/20 
[2026-06-03 19:45:39] [INFO] 04b_gee - finished adjusted imputation 1/20 in 0.1s 
[2026-06-03 19:45:39] [INFO] 04b_gee - fitting geeglm (disease_control, adjusted) on imputation 2/20 
[2026-06-03 19:45:39] [INFO] 04b_gee - finished adjusted imputation 2/20 in 0.1s 
[2026-06-03 19:45:39] [INFO] 04b_gee - fitting geeglm (disease_control, adjusted) on imputation 3/20 
[2026-06-03 19:45:39] [INFO] 04b_gee - finished adjusted imputation 3/20 in 0.2s 
[2026-06-03 19:45:39] [INFO] 04b_gee - fitting geeglm (disease_control, adjusted) on imputation 4/20 
[2026-06-03 19:45:39] [INFO] 04b_gee - finished adjusted imputation 4/20 in 0.1s 
[2026-06-03 19:45:39] [INFO] 04b_gee - fitting geeglm (disease_control, adjusted) on imputation 5/20 
[2026-06-03 19:45:39] [INFO] 04b_gee - finished adjusted imputation 5/20 in 0.1s 
[2026-06-03 19:45:39] [INFO] 04b_gee - fitting geeglm (disease_control, adjusted) on imputation 6/20 
[2026-06-03 19:45:39] [INFO] 04b_gee - finished adjusted imputation 6/20 in 0.1s 
[2026-06-03 19:45:39] [INFO] 04b_gee - fitting geeglm (disease_control, adjusted) on imputation 7/20 
[2026-06-03 19:45:39] [INFO] 04b_gee - finished adjusted imputation 7/20 in 0.1s 
[2026-06-03 19:45:39] [INFO] 04b_gee - fitting geeglm (disease_control, adjusted) on imputation 8/20 
[2026-06-03 19:45:39] [INFO] 04b_gee - finished adjusted imputation 8/20 in 0.1s 
[2026-06-03 19:45:39] [INFO] 04b_gee - fitting geeglm (disease_control, adjusted) on imputation 9/20 
[2026-06-03 19:45:39] [INFO] 04b_gee - finished adjusted imputation 9/20 in 0.1s 
[2026-06-03 19:45:39] [INFO] 04b_gee - fitting geeglm (disease_control, adjusted) on imputation 10/20 
[2026-06-03 19:45:40] [INFO] 04b_gee - finished adjusted imputation 10/20 in 0.1s 
[2026-06-03 19:45:40] [INFO] 04b_gee - fitting geeglm (disease_control, adjusted) on imputation 11/20 
[2026-06-03 19:45:40] [INFO] 04b_gee - finished adjusted imputation 11/20 in 0.1s 
[2026-06-03 19:45:40] [INFO] 04b_gee - fitting geeglm (disease_control, adjusted) on imputation 12/20 
[2026-06-03 19:45:40] [INFO] 04b_gee - finished adjusted imputation 12/20 in 0.1s 
[2026-06-03 19:45:40] [INFO] 04b_gee - fitting geeglm (disease_control, adjusted) on imputation 13/20 
[2026-06-03 19:45:40] [INFO] 04b_gee - finished adjusted imputation 13/20 in 0.2s 
[2026-06-03 19:45:40] [INFO] 04b_gee - fitting geeglm (disease_control, adjusted) on imputation 14/20 
[2026-06-03 19:45:40] [INFO] 04b_gee - finished adjusted imputation 14/20 in 0.1s 
[2026-06-03 19:45:40] [INFO] 04b_gee - fitting geeglm (disease_control, adjusted) on imputation 15/20 
[2026-06-03 19:45:40] [INFO] 04b_gee - finished adjusted imputation 15/20 in 0.1s 
[2026-06-03 19:45:40] [INFO] 04b_gee - fitting geeglm (disease_control, adjusted) on imputation 16/20 
[2026-06-03 19:45:40] [INFO] 04b_gee - finished adjusted imputation 16/20 in 0.1s 
[2026-06-03 19:45:40] [INFO] 04b_gee - fitting geeglm (disease_control, adjusted) on imputation 17/20 
[2026-06-03 19:45:40] [INFO] 04b_gee - finished adjusted imputation 17/20 in 0.1s 
[2026-06-03 19:45:40] [INFO] 04b_gee - fitting geeglm (disease_control, adjusted) on imputation 18/20 
[2026-06-03 19:45:40] [INFO] 04b_gee - finished adjusted imputation 18/20 in 0.1s 
[2026-06-03 19:45:40] [INFO] 04b_gee - fitting geeglm (disease_control, adjusted) on imputation 19/20 
[2026-06-03 19:45:40] [INFO] 04b_gee - finished adjusted imputation 19/20 in 0.1s 
[2026-06-03 19:45:40] [INFO] 04b_gee - fitting geeglm (disease_control, adjusted) on imputation 20/20 
[2026-06-03 19:45:40] [INFO] 04b_gee - finished adjusted imputation 20/20 in 0.1s 
[2026-06-03 19:45:40] [INFO] 04b_gee - pooling adjusted GEE contrasts across imputations 
[2026-06-03 19:45:41] [INFO] 04b_gee - fitting secondary GEE outcome 'medication_adherence' 
[2026-06-03 19:45:41] [INFO] 04b_gee - fitting geeglm (medication_adherence, unadjusted) on imputation 1/20 
[2026-06-03 19:45:41] [INFO] 04b_gee - finished unadjusted imputation 1/20 in 0.1s 
[2026-06-03 19:45:41] [INFO] 04b_gee - fitting geeglm (medication_adherence, unadjusted) on imputation 2/20 
[2026-06-03 19:45:41] [INFO] 04b_gee - finished unadjusted imputation 2/20 in 0.0s 
[2026-06-03 19:45:41] [INFO] 04b_gee - fitting geeglm (medication_adherence, unadjusted) on imputation 3/20 
[2026-06-03 19:45:41] [INFO] 04b_gee - finished unadjusted imputation 3/20 in 0.1s 
[2026-06-03 19:45:41] [INFO] 04b_gee - fitting geeglm (medication_adherence, unadjusted) on imputation 4/20 
[2026-06-03 19:45:41] [INFO] 04b_gee - finished unadjusted imputation 4/20 in 0.1s 
[2026-06-03 19:45:41] [INFO] 04b_gee - fitting geeglm (medication_adherence, unadjusted) on imputation 5/20 
[2026-06-03 19:45:41] [INFO] 04b_gee - finished unadjusted imputation 5/20 in 0.1s 
[2026-06-03 19:45:41] [INFO] 04b_gee - fitting geeglm (medication_adherence, unadjusted) on imputation 6/20 
[2026-06-03 19:45:41] [INFO] 04b_gee - finished unadjusted imputation 6/20 in 0.1s 
[2026-06-03 19:45:41] [INFO] 04b_gee - fitting geeglm (medication_adherence, unadjusted) on imputation 7/20 
[2026-06-03 19:45:41] [INFO] 04b_gee - finished unadjusted imputation 7/20 in 0.1s 
[2026-06-03 19:45:41] [INFO] 04b_gee - fitting geeglm (medication_adherence, unadjusted) on imputation 8/20 
[2026-06-03 19:45:41] [INFO] 04b_gee - finished unadjusted imputation 8/20 in 0.1s 
[2026-06-03 19:45:41] [INFO] 04b_gee - fitting geeglm (medication_adherence, unadjusted) on imputation 9/20 
[2026-06-03 19:45:41] [INFO] 04b_gee - finished unadjusted imputation 9/20 in 0.1s 
[2026-06-03 19:45:41] [INFO] 04b_gee - fitting geeglm (medication_adherence, unadjusted) on imputation 10/20 
[2026-06-03 19:45:41] [INFO] 04b_gee - finished unadjusted imputation 10/20 in 0.0s 
[2026-06-03 19:45:41] [INFO] 04b_gee - fitting geeglm (medication_adherence, unadjusted) on imputation 11/20 
[2026-06-03 19:45:41] [INFO] 04b_gee - finished unadjusted imputation 11/20 in 0.1s 
[2026-06-03 19:45:41] [INFO] 04b_gee - fitting geeglm (medication_adherence, unadjusted) on imputation 12/20 
[2026-06-03 19:45:41] [INFO] 04b_gee - finished unadjusted imputation 12/20 in 0.1s 
[2026-06-03 19:45:41] [INFO] 04b_gee - fitting geeglm (medication_adherence, unadjusted) on imputation 13/20 
[2026-06-03 19:45:41] [INFO] 04b_gee - finished unadjusted imputation 13/20 in 0.1s 
[2026-06-03 19:45:41] [INFO] 04b_gee - fitting geeglm (medication_adherence, unadjusted) on imputation 14/20 
[2026-06-03 19:45:41] [INFO] 04b_gee - finished unadjusted imputation 14/20 in 0.1s 
[2026-06-03 19:45:41] [INFO] 04b_gee - fitting geeglm (medication_adherence, unadjusted) on imputation 15/20 
[2026-06-03 19:45:41] [INFO] 04b_gee - finished unadjusted imputation 15/20 in 0.1s 
[2026-06-03 19:45:41] [INFO] 04b_gee - fitting geeglm (medication_adherence, unadjusted) on imputation 16/20 
[2026-06-03 19:45:42] [INFO] 04b_gee - finished unadjusted imputation 16/20 in 0.2s 
[2026-06-03 19:45:42] [INFO] 04b_gee - fitting geeglm (medication_adherence, unadjusted) on imputation 17/20 
[2026-06-03 19:45:42] [INFO] 04b_gee - finished unadjusted imputation 17/20 in 0.1s 
[2026-06-03 19:45:42] [INFO] 04b_gee - fitting geeglm (medication_adherence, unadjusted) on imputation 18/20 
[2026-06-03 19:45:42] [INFO] 04b_gee - finished unadjusted imputation 18/20 in 0.1s 
[2026-06-03 19:45:42] [INFO] 04b_gee - fitting geeglm (medication_adherence, unadjusted) on imputation 19/20 
[2026-06-03 19:45:42] [INFO] 04b_gee - finished unadjusted imputation 19/20 in 0.1s 
[2026-06-03 19:45:42] [INFO] 04b_gee - fitting geeglm (medication_adherence, unadjusted) on imputation 20/20 
[2026-06-03 19:45:42] [INFO] 04b_gee - finished unadjusted imputation 20/20 in 0.1s 
[2026-06-03 19:45:42] [INFO] 04b_gee - pooling unadjusted GEE contrasts across imputations 
[2026-06-03 19:45:42] [INFO] 04b_gee - fitting geeglm (medication_adherence, adjusted) on imputation 1/20 
[2026-06-03 19:45:42] [INFO] 04b_gee - finished adjusted imputation 1/20 in 0.1s 
[2026-06-03 19:45:42] [INFO] 04b_gee - fitting geeglm (medication_adherence, adjusted) on imputation 2/20 
[2026-06-03 19:45:42] [INFO] 04b_gee - finished adjusted imputation 2/20 in 0.1s 
[2026-06-03 19:45:42] [INFO] 04b_gee - fitting geeglm (medication_adherence, adjusted) on imputation 3/20 
[2026-06-03 19:45:42] [INFO] 04b_gee - finished adjusted imputation 3/20 in 0.1s 
[2026-06-03 19:45:42] [INFO] 04b_gee - fitting geeglm (medication_adherence, adjusted) on imputation 4/20 
[2026-06-03 19:45:42] [INFO] 04b_gee - finished adjusted imputation 4/20 in 0.1s 
[2026-06-03 19:45:42] [INFO] 04b_gee - fitting geeglm (medication_adherence, adjusted) on imputation 5/20 
[2026-06-03 19:45:42] [INFO] 04b_gee - finished adjusted imputation 5/20 in 0.1s 
[2026-06-03 19:45:42] [INFO] 04b_gee - fitting geeglm (medication_adherence, adjusted) on imputation 6/20 
[2026-06-03 19:45:42] [INFO] 04b_gee - finished adjusted imputation 6/20 in 0.1s 
[2026-06-03 19:45:42] [INFO] 04b_gee - fitting geeglm (medication_adherence, adjusted) on imputation 7/20 
[2026-06-03 19:45:42] [INFO] 04b_gee - finished adjusted imputation 7/20 in 0.1s 
[2026-06-03 19:45:42] [INFO] 04b_gee - fitting geeglm (medication_adherence, adjusted) on imputation 8/20 
[2026-06-03 19:45:43] [INFO] 04b_gee - finished adjusted imputation 8/20 in 0.1s 
[2026-06-03 19:45:43] [INFO] 04b_gee - fitting geeglm (medication_adherence, adjusted) on imputation 9/20 
[2026-06-03 19:45:43] [INFO] 04b_gee - finished adjusted imputation 9/20 in 0.1s 
[2026-06-03 19:45:43] [INFO] 04b_gee - fitting geeglm (medication_adherence, adjusted) on imputation 10/20 
[2026-06-03 19:45:43] [INFO] 04b_gee - finished adjusted imputation 10/20 in 0.1s 
[2026-06-03 19:45:43] [INFO] 04b_gee - fitting geeglm (medication_adherence, adjusted) on imputation 11/20 
[2026-06-03 19:45:43] [INFO] 04b_gee - finished adjusted imputation 11/20 in 0.1s 
[2026-06-03 19:45:43] [INFO] 04b_gee - fitting geeglm (medication_adherence, adjusted) on imputation 12/20 
[2026-06-03 19:45:43] [INFO] 04b_gee - finished adjusted imputation 12/20 in 0.1s 
[2026-06-03 19:45:43] [INFO] 04b_gee - fitting geeglm (medication_adherence, adjusted) on imputation 13/20 
[2026-06-03 19:45:43] [INFO] 04b_gee - finished adjusted imputation 13/20 in 0.1s 
[2026-06-03 19:45:43] [INFO] 04b_gee - fitting geeglm (medication_adherence, adjusted) on imputation 14/20 
[2026-06-03 19:45:43] [INFO] 04b_gee - finished adjusted imputation 14/20 in 0.1s 
[2026-06-03 19:45:43] [INFO] 04b_gee - fitting geeglm (medication_adherence, adjusted) on imputation 15/20 
[2026-06-03 19:45:43] [INFO] 04b_gee - finished adjusted imputation 15/20 in 0.1s 
[2026-06-03 19:45:43] [INFO] 04b_gee - fitting geeglm (medication_adherence, adjusted) on imputation 16/20 
[2026-06-03 19:45:43] [INFO] 04b_gee - finished adjusted imputation 16/20 in 0.2s 
[2026-06-03 19:45:43] [INFO] 04b_gee - fitting geeglm (medication_adherence, adjusted) on imputation 17/20 
[2026-06-03 19:45:44] [INFO] 04b_gee - finished adjusted imputation 17/20 in 0.1s 
[2026-06-03 19:45:44] [INFO] 04b_gee - fitting geeglm (medication_adherence, adjusted) on imputation 18/20 
[2026-06-03 19:45:44] [INFO] 04b_gee - finished adjusted imputation 18/20 in 0.1s 
[2026-06-03 19:45:44] [INFO] 04b_gee - fitting geeglm (medication_adherence, adjusted) on imputation 19/20 
[2026-06-03 19:45:44] [INFO] 04b_gee - finished adjusted imputation 19/20 in 0.1s 
[2026-06-03 19:45:44] [INFO] 04b_gee - fitting geeglm (medication_adherence, adjusted) on imputation 20/20 
[2026-06-03 19:45:44] [INFO] 04b_gee - finished adjusted imputation 20/20 in 0.1s 
[2026-06-03 19:45:44] [INFO] 04b_gee - pooling adjusted GEE contrasts across imputations 
[2026-06-03 19:45:44] [INFO] 04b_gee - fitting secondary GEE outcome 'non_recent_missed_dose' 
[2026-06-03 19:45:44] [INFO] 04b_gee - fitting geeglm (non_recent_missed_dose, unadjusted) on imputation 1/20 
[2026-06-03 19:45:44] [INFO] 04b_gee - finished unadjusted imputation 1/20 in 0.1s 
[2026-06-03 19:45:44] [INFO] 04b_gee - fitting geeglm (non_recent_missed_dose, unadjusted) on imputation 2/20 
[2026-06-03 19:45:44] [INFO] 04b_gee - finished unadjusted imputation 2/20 in 0.1s 
[2026-06-03 19:45:44] [INFO] 04b_gee - fitting geeglm (non_recent_missed_dose, unadjusted) on imputation 3/20 
[2026-06-03 19:45:44] [INFO] 04b_gee - finished unadjusted imputation 3/20 in 0.1s 
[2026-06-03 19:45:44] [INFO] 04b_gee - fitting geeglm (non_recent_missed_dose, unadjusted) on imputation 4/20 
[2026-06-03 19:45:44] [INFO] 04b_gee - finished unadjusted imputation 4/20 in 0.1s 
[2026-06-03 19:45:44] [INFO] 04b_gee - fitting geeglm (non_recent_missed_dose, unadjusted) on imputation 5/20 
[2026-06-03 19:45:44] [INFO] 04b_gee - finished unadjusted imputation 5/20 in 0.1s 
[2026-06-03 19:45:44] [INFO] 04b_gee - fitting geeglm (non_recent_missed_dose, unadjusted) on imputation 6/20 
[2026-06-03 19:45:44] [INFO] 04b_gee - finished unadjusted imputation 6/20 in 0.1s 
[2026-06-03 19:45:44] [INFO] 04b_gee - fitting geeglm (non_recent_missed_dose, unadjusted) on imputation 7/20 
[2026-06-03 19:45:44] [INFO] 04b_gee - finished unadjusted imputation 7/20 in 0.1s 
[2026-06-03 19:45:44] [INFO] 04b_gee - fitting geeglm (non_recent_missed_dose, unadjusted) on imputation 8/20 
[2026-06-03 19:45:44] [INFO] 04b_gee - finished unadjusted imputation 8/20 in 0.1s 
[2026-06-03 19:45:44] [INFO] 04b_gee - fitting geeglm (non_recent_missed_dose, unadjusted) on imputation 9/20 
[2026-06-03 19:45:44] [INFO] 04b_gee - finished unadjusted imputation 9/20 in 0.1s 
[2026-06-03 19:45:44] [INFO] 04b_gee - fitting geeglm (non_recent_missed_dose, unadjusted) on imputation 10/20 
[2026-06-03 19:45:45] [INFO] 04b_gee - finished unadjusted imputation 10/20 in 0.1s 
[2026-06-03 19:45:45] [INFO] 04b_gee - fitting geeglm (non_recent_missed_dose, unadjusted) on imputation 11/20 
[2026-06-03 19:45:45] [INFO] 04b_gee - finished unadjusted imputation 11/20 in 0.1s 
[2026-06-03 19:45:45] [INFO] 04b_gee - fitting geeglm (non_recent_missed_dose, unadjusted) on imputation 12/20 
[2026-06-03 19:45:45] [INFO] 04b_gee - finished unadjusted imputation 12/20 in 0.1s 
[2026-06-03 19:45:45] [INFO] 04b_gee - fitting geeglm (non_recent_missed_dose, unadjusted) on imputation 13/20 
[2026-06-03 19:45:45] [INFO] 04b_gee - finished unadjusted imputation 13/20 in 0.1s 
[2026-06-03 19:45:45] [INFO] 04b_gee - fitting geeglm (non_recent_missed_dose, unadjusted) on imputation 14/20 
[2026-06-03 19:45:45] [INFO] 04b_gee - finished unadjusted imputation 14/20 in 0.1s 
[2026-06-03 19:45:45] [INFO] 04b_gee - fitting geeglm (non_recent_missed_dose, unadjusted) on imputation 15/20 
[2026-06-03 19:45:45] [INFO] 04b_gee - finished unadjusted imputation 15/20 in 0.0s 
[2026-06-03 19:45:45] [INFO] 04b_gee - fitting geeglm (non_recent_missed_dose, unadjusted) on imputation 16/20 
[2026-06-03 19:45:45] [INFO] 04b_gee - finished unadjusted imputation 16/20 in 0.2s 
[2026-06-03 19:45:45] [INFO] 04b_gee - fitting geeglm (non_recent_missed_dose, unadjusted) on imputation 17/20 
[2026-06-03 19:45:45] [INFO] 04b_gee - finished unadjusted imputation 17/20 in 0.1s 
[2026-06-03 19:45:45] [INFO] 04b_gee - fitting geeglm (non_recent_missed_dose, unadjusted) on imputation 18/20 
[2026-06-03 19:45:45] [INFO] 04b_gee - finished unadjusted imputation 18/20 in 0.1s 
[2026-06-03 19:45:45] [INFO] 04b_gee - fitting geeglm (non_recent_missed_dose, unadjusted) on imputation 19/20 
[2026-06-03 19:45:45] [INFO] 04b_gee - finished unadjusted imputation 19/20 in 0.1s 
[2026-06-03 19:45:45] [INFO] 04b_gee - fitting geeglm (non_recent_missed_dose, unadjusted) on imputation 20/20 
[2026-06-03 19:45:45] [INFO] 04b_gee - finished unadjusted imputation 20/20 in 0.1s 
[2026-06-03 19:45:45] [INFO] 04b_gee - pooling unadjusted GEE contrasts across imputations 
[2026-06-03 19:45:45] [INFO] 04b_gee - fitting geeglm (non_recent_missed_dose, adjusted) on imputation 1/20 
[2026-06-03 19:45:45] [INFO] 04b_gee - finished adjusted imputation 1/20 in 0.1s 
[2026-06-03 19:45:45] [INFO] 04b_gee - fitting geeglm (non_recent_missed_dose, adjusted) on imputation 2/20 
[2026-06-03 19:45:45] [INFO] 04b_gee - finished adjusted imputation 2/20 in 0.1s 
[2026-06-03 19:45:45] [INFO] 04b_gee - fitting geeglm (non_recent_missed_dose, adjusted) on imputation 3/20 
[2026-06-03 19:45:46] [INFO] 04b_gee - finished adjusted imputation 3/20 in 0.1s 
[2026-06-03 19:45:46] [INFO] 04b_gee - fitting geeglm (non_recent_missed_dose, adjusted) on imputation 4/20 
[2026-06-03 19:45:46] [INFO] 04b_gee - finished adjusted imputation 4/20 in 0.1s 
[2026-06-03 19:45:46] [INFO] 04b_gee - fitting geeglm (non_recent_missed_dose, adjusted) on imputation 5/20 
[2026-06-03 19:45:46] [INFO] 04b_gee - finished adjusted imputation 5/20 in 0.1s 
[2026-06-03 19:45:46] [INFO] 04b_gee - fitting geeglm (non_recent_missed_dose, adjusted) on imputation 6/20 
[2026-06-03 19:45:46] [INFO] 04b_gee - finished adjusted imputation 6/20 in 0.1s 
[2026-06-03 19:45:46] [INFO] 04b_gee - fitting geeglm (non_recent_missed_dose, adjusted) on imputation 7/20 
[2026-06-03 19:45:46] [INFO] 04b_gee - finished adjusted imputation 7/20 in 0.1s 
[2026-06-03 19:45:46] [INFO] 04b_gee - fitting geeglm (non_recent_missed_dose, adjusted) on imputation 8/20 
[2026-06-03 19:45:46] [INFO] 04b_gee - finished adjusted imputation 8/20 in 0.1s 
[2026-06-03 19:45:46] [INFO] 04b_gee - fitting geeglm (non_recent_missed_dose, adjusted) on imputation 9/20 
[2026-06-03 19:45:46] [INFO] 04b_gee - finished adjusted imputation 9/20 in 0.1s 
[2026-06-03 19:45:46] [INFO] 04b_gee - fitting geeglm (non_recent_missed_dose, adjusted) on imputation 10/20 
[2026-06-03 19:45:46] [INFO] 04b_gee - finished adjusted imputation 10/20 in 0.1s 
[2026-06-03 19:45:46] [INFO] 04b_gee - fitting geeglm (non_recent_missed_dose, adjusted) on imputation 11/20 
[2026-06-03 19:45:46] [INFO] 04b_gee - finished adjusted imputation 11/20 in 0.1s 
[2026-06-03 19:45:46] [INFO] 04b_gee - fitting geeglm (non_recent_missed_dose, adjusted) on imputation 12/20 
[2026-06-03 19:45:46] [INFO] 04b_gee - finished adjusted imputation 12/20 in 0.1s 
[2026-06-03 19:45:46] [INFO] 04b_gee - fitting geeglm (non_recent_missed_dose, adjusted) on imputation 13/20 
[2026-06-03 19:45:47] [INFO] 04b_gee - finished adjusted imputation 13/20 in 0.1s 
[2026-06-03 19:45:47] [INFO] 04b_gee - fitting geeglm (non_recent_missed_dose, adjusted) on imputation 14/20 
[2026-06-03 19:45:47] [INFO] 04b_gee - finished adjusted imputation 14/20 in 0.1s 
[2026-06-03 19:45:47] [INFO] 04b_gee - fitting geeglm (non_recent_missed_dose, adjusted) on imputation 15/20 
[2026-06-03 19:45:47] [INFO] 04b_gee - finished adjusted imputation 15/20 in 0.1s 
[2026-06-03 19:45:47] [INFO] 04b_gee - fitting geeglm (non_recent_missed_dose, adjusted) on imputation 16/20 
[2026-06-03 19:45:47] [INFO] 04b_gee - finished adjusted imputation 16/20 in 0.1s 
[2026-06-03 19:45:47] [INFO] 04b_gee - fitting geeglm (non_recent_missed_dose, adjusted) on imputation 17/20 
[2026-06-03 19:45:47] [INFO] 04b_gee - finished adjusted imputation 17/20 in 0.1s 
[2026-06-03 19:45:47] [INFO] 04b_gee - fitting geeglm (non_recent_missed_dose, adjusted) on imputation 18/20 
[2026-06-03 19:45:47] [INFO] 04b_gee - finished adjusted imputation 18/20 in 0.1s 
[2026-06-03 19:45:47] [INFO] 04b_gee - fitting geeglm (non_recent_missed_dose, adjusted) on imputation 19/20 
[2026-06-03 19:45:47] [INFO] 04b_gee - finished adjusted imputation 19/20 in 0.1s 
[2026-06-03 19:45:47] [INFO] 04b_gee - fitting geeglm (non_recent_missed_dose, adjusted) on imputation 20/20 
[2026-06-03 19:45:47] [INFO] 04b_gee - finished adjusted imputation 20/20 in 0.1s 
[2026-06-03 19:45:47] [INFO] 04b_gee - pooling adjusted GEE contrasts across imputations 
[2026-06-03 19:46:06] [DONE] 04b_gee - saved canonical GEE effectiveness artifact (elapsed 30.0s) 
[2026-06-03 19:46:26] [START] 06_outputs - assembling manuscript output artifact 
[2026-06-03 19:46:31] [INFO] 06_outputs - loaded effectiveness and CEA model artefacts 
[2026-06-03 19:46:31] [INFO] 06_outputs - assembling manuscript-ready comparison tables 
[2026-06-03 19:46:31] [DONE] 06_outputs - saved canonical manuscript outputs artifact and manuscript summary CSV (elapsed 4.9s) 
[2026-06-03 19:50:02] [START] 02_imputation - building the main wide imputation frame 
[2026-06-03 19:50:02] [INFO] 02_imputation - building the effectiveness-specific MICE branch 
[2026-06-03 19:50:02] [INFO] 02_imputation - running effectiveness MICE: 18 variables, 8 imputed targets, 152 predictor links 
[2026-06-03 19:50:12] [INFO] 02_imputation - building the secondary-effectiveness MICE branch 
[2026-06-03 19:50:12] [INFO] 02_imputation - running secondary_effectiveness MICE: 28 variables, 18 imputed targets, 272 predictor links 
[2026-06-03 19:50:54] [INFO] 02_imputation - building the CEA-specific MICE branch 
[2026-06-03 19:50:54] [INFO] 02_imputation - running cea MICE: 48 variables, 34 imputed targets, 1221 predictor links 
[2026-06-03 19:51:46] [DONE] 02_imputation - saved canonical imputation artifact (elapsed 104.6s) 
[2026-06-03 19:52:05] [START] 04b_gee - fitting the configured GEE effectiveness model 
[2026-06-03 19:52:05] [INFO] 04b_gee - reconstructing 20 imputed long datasets 
[2026-06-03 19:52:05] [INFO] 04b_gee - building per-imputation long datasets 
[2026-06-03 19:52:06] [INFO] 04b_gee - building secondary-outcome long datasets 
[2026-06-03 19:52:08] [INFO] 04b_gee - fitting unadjusted and adjusted GEE models 
[2026-06-03 19:52:08] [INFO] 04b_gee - fitting geeglm (disease_control, unadjusted) on imputation 1/20 
[2026-06-03 19:52:09] [INFO] 04b_gee - finished unadjusted imputation 1/20 in 0.1s 
[2026-06-03 19:52:09] [INFO] 04b_gee - fitting geeglm (disease_control, unadjusted) on imputation 2/20 
[2026-06-03 19:52:09] [INFO] 04b_gee - finished unadjusted imputation 2/20 in 0.1s 
[2026-06-03 19:52:09] [INFO] 04b_gee - fitting geeglm (disease_control, unadjusted) on imputation 3/20 
[2026-06-03 19:52:09] [INFO] 04b_gee - finished unadjusted imputation 3/20 in 0.2s 
[2026-06-03 19:52:09] [INFO] 04b_gee - fitting geeglm (disease_control, unadjusted) on imputation 4/20 
[2026-06-03 19:52:09] [INFO] 04b_gee - finished unadjusted imputation 4/20 in 0.1s 
[2026-06-03 19:52:09] [INFO] 04b_gee - fitting geeglm (disease_control, unadjusted) on imputation 5/20 
[2026-06-03 19:52:09] [INFO] 04b_gee - finished unadjusted imputation 5/20 in 0.1s 
[2026-06-03 19:52:09] [INFO] 04b_gee - fitting geeglm (disease_control, unadjusted) on imputation 6/20 
[2026-06-03 19:52:09] [INFO] 04b_gee - finished unadjusted imputation 6/20 in 0.1s 
[2026-06-03 19:52:09] [INFO] 04b_gee - fitting geeglm (disease_control, unadjusted) on imputation 7/20 
[2026-06-03 19:52:09] [INFO] 04b_gee - finished unadjusted imputation 7/20 in 0.1s 
[2026-06-03 19:52:09] [INFO] 04b_gee - fitting geeglm (disease_control, unadjusted) on imputation 8/20 
[2026-06-03 19:52:09] [INFO] 04b_gee - finished unadjusted imputation 8/20 in 0.2s 
[2026-06-03 19:52:09] [INFO] 04b_gee - fitting geeglm (disease_control, unadjusted) on imputation 9/20 
[2026-06-03 19:52:09] [INFO] 04b_gee - finished unadjusted imputation 9/20 in 0.1s 
[2026-06-03 19:52:09] [INFO] 04b_gee - fitting geeglm (disease_control, unadjusted) on imputation 10/20 
[2026-06-03 19:52:10] [INFO] 04b_gee - finished unadjusted imputation 10/20 in 0.1s 
[2026-06-03 19:52:10] [INFO] 04b_gee - fitting geeglm (disease_control, unadjusted) on imputation 11/20 
[2026-06-03 19:52:10] [INFO] 04b_gee - finished unadjusted imputation 11/20 in 0.1s 
[2026-06-03 19:52:10] [INFO] 04b_gee - fitting geeglm (disease_control, unadjusted) on imputation 12/20 
[2026-06-03 19:52:10] [INFO] 04b_gee - finished unadjusted imputation 12/20 in 0.1s 
[2026-06-03 19:52:10] [INFO] 04b_gee - fitting geeglm (disease_control, unadjusted) on imputation 13/20 
[2026-06-03 19:52:10] [INFO] 04b_gee - finished unadjusted imputation 13/20 in 0.1s 
[2026-06-03 19:52:10] [INFO] 04b_gee - fitting geeglm (disease_control, unadjusted) on imputation 14/20 
[2026-06-03 19:52:10] [INFO] 04b_gee - finished unadjusted imputation 14/20 in 0.1s 
[2026-06-03 19:52:10] [INFO] 04b_gee - fitting geeglm (disease_control, unadjusted) on imputation 15/20 
[2026-06-03 19:52:10] [INFO] 04b_gee - finished unadjusted imputation 15/20 in 0.1s 
[2026-06-03 19:52:10] [INFO] 04b_gee - fitting geeglm (disease_control, unadjusted) on imputation 16/20 
[2026-06-03 19:52:10] [INFO] 04b_gee - finished unadjusted imputation 16/20 in 0.1s 
[2026-06-03 19:52:10] [INFO] 04b_gee - fitting geeglm (disease_control, unadjusted) on imputation 17/20 
[2026-06-03 19:52:10] [INFO] 04b_gee - finished unadjusted imputation 17/20 in 0.1s 
[2026-06-03 19:52:10] [INFO] 04b_gee - fitting geeglm (disease_control, unadjusted) on imputation 18/20 
[2026-06-03 19:52:10] [INFO] 04b_gee - finished unadjusted imputation 18/20 in 0.1s 
[2026-06-03 19:52:10] [INFO] 04b_gee - fitting geeglm (disease_control, unadjusted) on imputation 19/20 
[2026-06-03 19:52:10] [INFO] 04b_gee - finished unadjusted imputation 19/20 in 0.1s 
[2026-06-03 19:52:10] [INFO] 04b_gee - fitting geeglm (disease_control, unadjusted) on imputation 20/20 
[2026-06-03 19:52:11] [INFO] 04b_gee - finished unadjusted imputation 20/20 in 0.1s 
[2026-06-03 19:52:11] [INFO] 04b_gee - pooling unadjusted GEE contrasts across imputations 
[2026-06-03 19:52:11] [INFO] 04b_gee - fitting geeglm (disease_control, adjusted) on imputation 1/20 
[2026-06-03 19:52:11] [INFO] 04b_gee - finished adjusted imputation 1/20 in 0.1s 
[2026-06-03 19:52:11] [INFO] 04b_gee - fitting geeglm (disease_control, adjusted) on imputation 2/20 
[2026-06-03 19:52:11] [INFO] 04b_gee - finished adjusted imputation 2/20 in 0.1s 
[2026-06-03 19:52:11] [INFO] 04b_gee - fitting geeglm (disease_control, adjusted) on imputation 3/20 
[2026-06-03 19:52:11] [INFO] 04b_gee - finished adjusted imputation 3/20 in 0.1s 
[2026-06-03 19:52:11] [INFO] 04b_gee - fitting geeglm (disease_control, adjusted) on imputation 4/20 
[2026-06-03 19:52:11] [INFO] 04b_gee - finished adjusted imputation 4/20 in 0.1s 
[2026-06-03 19:52:11] [INFO] 04b_gee - fitting geeglm (disease_control, adjusted) on imputation 5/20 
[2026-06-03 19:52:11] [INFO] 04b_gee - finished adjusted imputation 5/20 in 0.1s 
[2026-06-03 19:52:11] [INFO] 04b_gee - fitting geeglm (disease_control, adjusted) on imputation 6/20 
[2026-06-03 19:52:12] [INFO] 04b_gee - finished adjusted imputation 6/20 in 0.3s 
[2026-06-03 19:52:12] [INFO] 04b_gee - fitting geeglm (disease_control, adjusted) on imputation 7/20 
[2026-06-03 19:52:12] [INFO] 04b_gee - finished adjusted imputation 7/20 in 0.2s 
[2026-06-03 19:52:12] [INFO] 04b_gee - fitting geeglm (disease_control, adjusted) on imputation 8/20 
[2026-06-03 19:52:12] [INFO] 04b_gee - finished adjusted imputation 8/20 in 0.1s 
[2026-06-03 19:52:12] [INFO] 04b_gee - fitting geeglm (disease_control, adjusted) on imputation 9/20 
[2026-06-03 19:52:12] [INFO] 04b_gee - finished adjusted imputation 9/20 in 0.1s 
[2026-06-03 19:52:12] [INFO] 04b_gee - fitting geeglm (disease_control, adjusted) on imputation 10/20 
[2026-06-03 19:52:12] [INFO] 04b_gee - finished adjusted imputation 10/20 in 0.1s 
[2026-06-03 19:52:12] [INFO] 04b_gee - fitting geeglm (disease_control, adjusted) on imputation 11/20 
[2026-06-03 19:52:12] [INFO] 04b_gee - finished adjusted imputation 11/20 in 0.1s 
[2026-06-03 19:52:12] [INFO] 04b_gee - fitting geeglm (disease_control, adjusted) on imputation 12/20 
[2026-06-03 19:52:12] [INFO] 04b_gee - finished adjusted imputation 12/20 in 0.1s 
[2026-06-03 19:52:12] [INFO] 04b_gee - fitting geeglm (disease_control, adjusted) on imputation 13/20 
[2026-06-03 19:52:13] [INFO] 04b_gee - finished adjusted imputation 13/20 in 0.1s 
[2026-06-03 19:52:13] [INFO] 04b_gee - fitting geeglm (disease_control, adjusted) on imputation 14/20 
[2026-06-03 19:52:13] [INFO] 04b_gee - finished adjusted imputation 14/20 in 0.1s 
[2026-06-03 19:52:13] [INFO] 04b_gee - fitting geeglm (disease_control, adjusted) on imputation 15/20 
[2026-06-03 19:52:13] [INFO] 04b_gee - finished adjusted imputation 15/20 in 0.1s 
[2026-06-03 19:52:13] [INFO] 04b_gee - fitting geeglm (disease_control, adjusted) on imputation 16/20 
[2026-06-03 19:52:13] [INFO] 04b_gee - finished adjusted imputation 16/20 in 0.1s 
[2026-06-03 19:52:13] [INFO] 04b_gee - fitting geeglm (disease_control, adjusted) on imputation 17/20 
[2026-06-03 19:52:13] [INFO] 04b_gee - finished adjusted imputation 17/20 in 0.1s 
[2026-06-03 19:52:13] [INFO] 04b_gee - fitting geeglm (disease_control, adjusted) on imputation 18/20 
[2026-06-03 19:52:13] [INFO] 04b_gee - finished adjusted imputation 18/20 in 0.1s 
[2026-06-03 19:52:13] [INFO] 04b_gee - fitting geeglm (disease_control, adjusted) on imputation 19/20 
[2026-06-03 19:52:14] [INFO] 04b_gee - finished adjusted imputation 19/20 in 0.4s 
[2026-06-03 19:52:14] [INFO] 04b_gee - fitting geeglm (disease_control, adjusted) on imputation 20/20 
[2026-06-03 19:52:14] [INFO] 04b_gee - finished adjusted imputation 20/20 in 0.1s 
[2026-06-03 19:52:14] [INFO] 04b_gee - pooling adjusted GEE contrasts across imputations 
[2026-06-03 19:52:14] [INFO] 04b_gee - fitting secondary GEE outcome 'medication_adherence' 
[2026-06-03 19:52:14] [INFO] 04b_gee - fitting geeglm (medication_adherence, unadjusted) on imputation 1/20 
[2026-06-03 19:52:14] [INFO] 04b_gee - finished unadjusted imputation 1/20 in 0.1s 
[2026-06-03 19:52:14] [INFO] 04b_gee - fitting geeglm (medication_adherence, unadjusted) on imputation 2/20 
[2026-06-03 19:52:14] [INFO] 04b_gee - finished unadjusted imputation 2/20 in 0.1s 
[2026-06-03 19:52:14] [INFO] 04b_gee - fitting geeglm (medication_adherence, unadjusted) on imputation 3/20 
[2026-06-03 19:52:14] [INFO] 04b_gee - finished unadjusted imputation 3/20 in 0.1s 
[2026-06-03 19:52:14] [INFO] 04b_gee - fitting geeglm (medication_adherence, unadjusted) on imputation 4/20 
[2026-06-03 19:52:14] [INFO] 04b_gee - finished unadjusted imputation 4/20 in 0.1s 
[2026-06-03 19:52:14] [INFO] 04b_gee - fitting geeglm (medication_adherence, unadjusted) on imputation 5/20 
[2026-06-03 19:52:14] [INFO] 04b_gee - finished unadjusted imputation 5/20 in 0.1s 
[2026-06-03 19:52:14] [INFO] 04b_gee - fitting geeglm (medication_adherence, unadjusted) on imputation 6/20 
[2026-06-03 19:52:14] [INFO] 04b_gee - finished unadjusted imputation 6/20 in 0.1s 
[2026-06-03 19:52:14] [INFO] 04b_gee - fitting geeglm (medication_adherence, unadjusted) on imputation 7/20 
[2026-06-03 19:52:14] [INFO] 04b_gee - finished unadjusted imputation 7/20 in 0.1s 
[2026-06-03 19:52:14] [INFO] 04b_gee - fitting geeglm (medication_adherence, unadjusted) on imputation 8/20 
[2026-06-03 19:52:14] [INFO] 04b_gee - finished unadjusted imputation 8/20 in 0.1s 
[2026-06-03 19:52:14] [INFO] 04b_gee - fitting geeglm (medication_adherence, unadjusted) on imputation 9/20 
[2026-06-03 19:52:14] [INFO] 04b_gee - finished unadjusted imputation 9/20 in 0.1s 
[2026-06-03 19:52:14] [INFO] 04b_gee - fitting geeglm (medication_adherence, unadjusted) on imputation 10/20 
[2026-06-03 19:52:15] [INFO] 04b_gee - finished unadjusted imputation 10/20 in 0.1s 
[2026-06-03 19:52:15] [INFO] 04b_gee - fitting geeglm (medication_adherence, unadjusted) on imputation 11/20 
[2026-06-03 19:52:15] [INFO] 04b_gee - finished unadjusted imputation 11/20 in 0.1s 
[2026-06-03 19:52:15] [INFO] 04b_gee - fitting geeglm (medication_adherence, unadjusted) on imputation 12/20 
[2026-06-03 19:52:15] [INFO] 04b_gee - finished unadjusted imputation 12/20 in 0.1s 
[2026-06-03 19:52:15] [INFO] 04b_gee - fitting geeglm (medication_adherence, unadjusted) on imputation 13/20 
[2026-06-03 19:52:15] [INFO] 04b_gee - finished unadjusted imputation 13/20 in 0.1s 
[2026-06-03 19:52:15] [INFO] 04b_gee - fitting geeglm (medication_adherence, unadjusted) on imputation 14/20 
[2026-06-03 19:52:15] [INFO] 04b_gee - finished unadjusted imputation 14/20 in 0.1s 
[2026-06-03 19:52:15] [INFO] 04b_gee - fitting geeglm (medication_adherence, unadjusted) on imputation 15/20 
[2026-06-03 19:52:15] [INFO] 04b_gee - finished unadjusted imputation 15/20 in 0.1s 
[2026-06-03 19:52:15] [INFO] 04b_gee - fitting geeglm (medication_adherence, unadjusted) on imputation 16/20 
[2026-06-03 19:52:15] [INFO] 04b_gee - finished unadjusted imputation 16/20 in 0.1s 
[2026-06-03 19:52:15] [INFO] 04b_gee - fitting geeglm (medication_adherence, unadjusted) on imputation 17/20 
[2026-06-03 19:52:15] [INFO] 04b_gee - finished unadjusted imputation 17/20 in 0.1s 
[2026-06-03 19:52:15] [INFO] 04b_gee - fitting geeglm (medication_adherence, unadjusted) on imputation 18/20 
[2026-06-03 19:52:15] [INFO] 04b_gee - finished unadjusted imputation 18/20 in 0.1s 
[2026-06-03 19:52:15] [INFO] 04b_gee - fitting geeglm (medication_adherence, unadjusted) on imputation 19/20 
[2026-06-03 19:52:15] [INFO] 04b_gee - finished unadjusted imputation 19/20 in 0.1s 
[2026-06-03 19:52:15] [INFO] 04b_gee - fitting geeglm (medication_adherence, unadjusted) on imputation 20/20 
[2026-06-03 19:52:16] [INFO] 04b_gee - finished unadjusted imputation 20/20 in 0.1s 
[2026-06-03 19:52:16] [INFO] 04b_gee - pooling unadjusted GEE contrasts across imputations 
[2026-06-03 19:52:16] [INFO] 04b_gee - fitting geeglm (medication_adherence, adjusted) on imputation 1/20 
[2026-06-03 19:52:16] [INFO] 04b_gee - finished adjusted imputation 1/20 in 0.1s 
[2026-06-03 19:52:16] [INFO] 04b_gee - fitting geeglm (medication_adherence, adjusted) on imputation 2/20 
[2026-06-03 19:52:16] [INFO] 04b_gee - finished adjusted imputation 2/20 in 0.1s 
[2026-06-03 19:52:16] [INFO] 04b_gee - fitting geeglm (medication_adherence, adjusted) on imputation 3/20 
[2026-06-03 19:52:16] [INFO] 04b_gee - finished adjusted imputation 3/20 in 0.1s 
[2026-06-03 19:52:16] [INFO] 04b_gee - fitting geeglm (medication_adherence, adjusted) on imputation 4/20 
[2026-06-03 19:52:16] [INFO] 04b_gee - finished adjusted imputation 4/20 in 0.1s 
[2026-06-03 19:52:16] [INFO] 04b_gee - fitting geeglm (medication_adherence, adjusted) on imputation 5/20 
[2026-06-03 19:52:16] [INFO] 04b_gee - finished adjusted imputation 5/20 in 0.1s 
[2026-06-03 19:52:16] [INFO] 04b_gee - fitting geeglm (medication_adherence, adjusted) on imputation 6/20 
[2026-06-03 19:52:16] [INFO] 04b_gee - finished adjusted imputation 6/20 in 0.2s 
[2026-06-03 19:52:16] [INFO] 04b_gee - fitting geeglm (medication_adherence, adjusted) on imputation 7/20 
[2026-06-03 19:52:16] [INFO] 04b_gee - finished adjusted imputation 7/20 in 0.1s 
[2026-06-03 19:52:16] [INFO] 04b_gee - fitting geeglm (medication_adherence, adjusted) on imputation 8/20 
[2026-06-03 19:52:17] [INFO] 04b_gee - finished adjusted imputation 8/20 in 0.2s 
[2026-06-03 19:52:17] [INFO] 04b_gee - fitting geeglm (medication_adherence, adjusted) on imputation 9/20 
[2026-06-03 19:52:17] [INFO] 04b_gee - finished adjusted imputation 9/20 in 0.1s 
[2026-06-03 19:52:17] [INFO] 04b_gee - fitting geeglm (medication_adherence, adjusted) on imputation 10/20 
[2026-06-03 19:52:17] [INFO] 04b_gee - finished adjusted imputation 10/20 in 0.1s 
[2026-06-03 19:52:17] [INFO] 04b_gee - fitting geeglm (medication_adherence, adjusted) on imputation 11/20 
[2026-06-03 19:52:17] [INFO] 04b_gee - finished adjusted imputation 11/20 in 0.1s 
[2026-06-03 19:52:17] [INFO] 04b_gee - fitting geeglm (medication_adherence, adjusted) on imputation 12/20 
[2026-06-03 19:52:17] [INFO] 04b_gee - finished adjusted imputation 12/20 in 0.1s 
[2026-06-03 19:52:17] [INFO] 04b_gee - fitting geeglm (medication_adherence, adjusted) on imputation 13/20 
[2026-06-03 19:52:17] [INFO] 04b_gee - finished adjusted imputation 13/20 in 0.1s 
[2026-06-03 19:52:17] [INFO] 04b_gee - fitting geeglm (medication_adherence, adjusted) on imputation 14/20 
[2026-06-03 19:52:17] [INFO] 04b_gee - finished adjusted imputation 14/20 in 0.1s 
[2026-06-03 19:52:17] [INFO] 04b_gee - fitting geeglm (medication_adherence, adjusted) on imputation 15/20 
[2026-06-03 19:52:18] [INFO] 04b_gee - finished adjusted imputation 15/20 in 0.2s 
[2026-06-03 19:52:18] [INFO] 04b_gee - fitting geeglm (medication_adherence, adjusted) on imputation 16/20 
[2026-06-03 19:52:18] [INFO] 04b_gee - finished adjusted imputation 16/20 in 0.1s 
[2026-06-03 19:52:18] [INFO] 04b_gee - fitting geeglm (medication_adherence, adjusted) on imputation 17/20 
[2026-06-03 19:52:18] [INFO] 04b_gee - finished adjusted imputation 17/20 in 0.1s 
[2026-06-03 19:52:18] [INFO] 04b_gee - fitting geeglm (medication_adherence, adjusted) on imputation 18/20 
[2026-06-03 19:52:18] [INFO] 04b_gee - finished adjusted imputation 18/20 in 0.1s 
[2026-06-03 19:52:18] [INFO] 04b_gee - fitting geeglm (medication_adherence, adjusted) on imputation 19/20 
[2026-06-03 19:52:18] [INFO] 04b_gee - finished adjusted imputation 19/20 in 0.1s 
[2026-06-03 19:52:18] [INFO] 04b_gee - fitting geeglm (medication_adherence, adjusted) on imputation 20/20 
[2026-06-03 19:52:18] [INFO] 04b_gee - finished adjusted imputation 20/20 in 0.1s 
[2026-06-03 19:52:18] [INFO] 04b_gee - pooling adjusted GEE contrasts across imputations 
[2026-06-03 19:52:18] [INFO] 04b_gee - fitting secondary GEE outcome 'non_recent_missed_dose' 
[2026-06-03 19:52:18] [INFO] 04b_gee - fitting geeglm (non_recent_missed_dose, unadjusted) on imputation 1/20 
[2026-06-03 19:52:18] [INFO] 04b_gee - finished unadjusted imputation 1/20 in 0.1s 
[2026-06-03 19:52:18] [INFO] 04b_gee - fitting geeglm (non_recent_missed_dose, unadjusted) on imputation 2/20 
[2026-06-03 19:52:18] [INFO] 04b_gee - finished unadjusted imputation 2/20 in 0.1s 
[2026-06-03 19:52:18] [INFO] 04b_gee - fitting geeglm (non_recent_missed_dose, unadjusted) on imputation 3/20 
[2026-06-03 19:52:18] [INFO] 04b_gee - finished unadjusted imputation 3/20 in 0.1s 
[2026-06-03 19:52:18] [INFO] 04b_gee - fitting geeglm (non_recent_missed_dose, unadjusted) on imputation 4/20 
[2026-06-03 19:52:18] [INFO] 04b_gee - finished unadjusted imputation 4/20 in 0.1s 
[2026-06-03 19:52:18] [INFO] 04b_gee - fitting geeglm (non_recent_missed_dose, unadjusted) on imputation 5/20 
[2026-06-03 19:52:19] [INFO] 04b_gee - finished unadjusted imputation 5/20 in 0.1s 
[2026-06-03 19:52:19] [INFO] 04b_gee - fitting geeglm (non_recent_missed_dose, unadjusted) on imputation 6/20 
[2026-06-03 19:52:19] [INFO] 04b_gee - finished unadjusted imputation 6/20 in 0.1s 
[2026-06-03 19:52:19] [INFO] 04b_gee - fitting geeglm (non_recent_missed_dose, unadjusted) on imputation 7/20 
[2026-06-03 19:52:19] [INFO] 04b_gee - finished unadjusted imputation 7/20 in 0.1s 
[2026-06-03 19:52:19] [INFO] 04b_gee - fitting geeglm (non_recent_missed_dose, unadjusted) on imputation 8/20 
[2026-06-03 19:52:19] [INFO] 04b_gee - finished unadjusted imputation 8/20 in 0.1s 
[2026-06-03 19:52:19] [INFO] 04b_gee - fitting geeglm (non_recent_missed_dose, unadjusted) on imputation 9/20 
[2026-06-03 19:52:19] [INFO] 04b_gee - finished unadjusted imputation 9/20 in 0.1s 
[2026-06-03 19:52:19] [INFO] 04b_gee - fitting geeglm (non_recent_missed_dose, unadjusted) on imputation 10/20 
[2026-06-03 19:52:19] [INFO] 04b_gee - finished unadjusted imputation 10/20 in 0.1s 
[2026-06-03 19:52:19] [INFO] 04b_gee - fitting geeglm (non_recent_missed_dose, unadjusted) on imputation 11/20 
[2026-06-03 19:52:19] [INFO] 04b_gee - finished unadjusted imputation 11/20 in 0.1s 
[2026-06-03 19:52:19] [INFO] 04b_gee - fitting geeglm (non_recent_missed_dose, unadjusted) on imputation 12/20 
[2026-06-03 19:52:19] [INFO] 04b_gee - finished unadjusted imputation 12/20 in 0.1s 
[2026-06-03 19:52:19] [INFO] 04b_gee - fitting geeglm (non_recent_missed_dose, unadjusted) on imputation 13/20 
[2026-06-03 19:52:19] [INFO] 04b_gee - finished unadjusted imputation 13/20 in 0.1s 
[2026-06-03 19:52:19] [INFO] 04b_gee - fitting geeglm (non_recent_missed_dose, unadjusted) on imputation 14/20 
[2026-06-03 19:52:19] [INFO] 04b_gee - finished unadjusted imputation 14/20 in 0.1s 
[2026-06-03 19:52:19] [INFO] 04b_gee - fitting geeglm (non_recent_missed_dose, unadjusted) on imputation 15/20 
[2026-06-03 19:52:19] [INFO] 04b_gee - finished unadjusted imputation 15/20 in 0.1s 
[2026-06-03 19:52:19] [INFO] 04b_gee - fitting geeglm (non_recent_missed_dose, unadjusted) on imputation 16/20 
[2026-06-03 19:52:19] [INFO] 04b_gee - finished unadjusted imputation 16/20 in 0.1s 
[2026-06-03 19:52:19] [INFO] 04b_gee - fitting geeglm (non_recent_missed_dose, unadjusted) on imputation 17/20 
[2026-06-03 19:52:20] [INFO] 04b_gee - finished unadjusted imputation 17/20 in 0.1s 
[2026-06-03 19:52:20] [INFO] 04b_gee - fitting geeglm (non_recent_missed_dose, unadjusted) on imputation 18/20 
[2026-06-03 19:52:20] [INFO] 04b_gee - finished unadjusted imputation 18/20 in 0.1s 
[2026-06-03 19:52:20] [INFO] 04b_gee - fitting geeglm (non_recent_missed_dose, unadjusted) on imputation 19/20 
[2026-06-03 19:52:20] [INFO] 04b_gee - finished unadjusted imputation 19/20 in 0.1s 
[2026-06-03 19:52:20] [INFO] 04b_gee - fitting geeglm (non_recent_missed_dose, unadjusted) on imputation 20/20 
[2026-06-03 19:52:20] [INFO] 04b_gee - finished unadjusted imputation 20/20 in 0.1s 
[2026-06-03 19:52:20] [INFO] 04b_gee - pooling unadjusted GEE contrasts across imputations 
[2026-06-03 19:52:20] [INFO] 04b_gee - fitting geeglm (non_recent_missed_dose, adjusted) on imputation 1/20 
[2026-06-03 19:52:20] [INFO] 04b_gee - finished adjusted imputation 1/20 in 0.1s 
[2026-06-03 19:52:20] [INFO] 04b_gee - fitting geeglm (non_recent_missed_dose, adjusted) on imputation 2/20 
[2026-06-03 19:52:20] [INFO] 04b_gee - finished adjusted imputation 2/20 in 0.1s 
[2026-06-03 19:52:20] [INFO] 04b_gee - fitting geeglm (non_recent_missed_dose, adjusted) on imputation 3/20 
[2026-06-03 19:52:20] [INFO] 04b_gee - finished adjusted imputation 3/20 in 0.2s 
[2026-06-03 19:52:20] [INFO] 04b_gee - fitting geeglm (non_recent_missed_dose, adjusted) on imputation 4/20 
[2026-06-03 19:52:20] [INFO] 04b_gee - finished adjusted imputation 4/20 in 0.1s 
[2026-06-03 19:52:20] [INFO] 04b_gee - fitting geeglm (non_recent_missed_dose, adjusted) on imputation 5/20 
[2026-06-03 19:52:20] [INFO] 04b_gee - finished adjusted imputation 5/20 in 0.1s 
[2026-06-03 19:52:20] [INFO] 04b_gee - fitting geeglm (non_recent_missed_dose, adjusted) on imputation 6/20 
[2026-06-03 19:52:21] [INFO] 04b_gee - finished adjusted imputation 6/20 in 0.1s 
[2026-06-03 19:52:21] [INFO] 04b_gee - fitting geeglm (non_recent_missed_dose, adjusted) on imputation 7/20 
[2026-06-03 19:52:21] [INFO] 04b_gee - finished adjusted imputation 7/20 in 0.1s 
[2026-06-03 19:52:21] [INFO] 04b_gee - fitting geeglm (non_recent_missed_dose, adjusted) on imputation 8/20 
[2026-06-03 19:52:21] [INFO] 04b_gee - finished adjusted imputation 8/20 in 0.1s 
[2026-06-03 19:52:21] [INFO] 04b_gee - fitting geeglm (non_recent_missed_dose, adjusted) on imputation 9/20 
[2026-06-03 19:52:21] [INFO] 04b_gee - finished adjusted imputation 9/20 in 0.1s 
[2026-06-03 19:52:21] [INFO] 04b_gee - fitting geeglm (non_recent_missed_dose, adjusted) on imputation 10/20 
[2026-06-03 19:52:21] [INFO] 04b_gee - finished adjusted imputation 10/20 in 0.1s 
[2026-06-03 19:52:21] [INFO] 04b_gee - fitting geeglm (non_recent_missed_dose, adjusted) on imputation 11/20 
[2026-06-03 19:52:21] [INFO] 04b_gee - finished adjusted imputation 11/20 in 0.1s 
[2026-06-03 19:52:21] [INFO] 04b_gee - fitting geeglm (non_recent_missed_dose, adjusted) on imputation 12/20 
[2026-06-03 19:52:21] [INFO] 04b_gee - finished adjusted imputation 12/20 in 0.2s 
[2026-06-03 19:52:21] [INFO] 04b_gee - fitting geeglm (non_recent_missed_dose, adjusted) on imputation 13/20 
[2026-06-03 19:52:22] [INFO] 04b_gee - finished adjusted imputation 13/20 in 0.2s 
[2026-06-03 19:52:22] [INFO] 04b_gee - fitting geeglm (non_recent_missed_dose, adjusted) on imputation 14/20 
[2026-06-03 19:52:22] [INFO] 04b_gee - finished adjusted imputation 14/20 in 0.2s 
[2026-06-03 19:52:22] [INFO] 04b_gee - fitting geeglm (non_recent_missed_dose, adjusted) on imputation 15/20 
[2026-06-03 19:52:22] [INFO] 04b_gee - finished adjusted imputation 15/20 in 0.3s 
[2026-06-03 19:52:22] [INFO] 04b_gee - fitting geeglm (non_recent_missed_dose, adjusted) on imputation 16/20 
[2026-06-03 19:52:22] [INFO] 04b_gee - finished adjusted imputation 16/20 in 0.3s 
[2026-06-03 19:52:22] [INFO] 04b_gee - fitting geeglm (non_recent_missed_dose, adjusted) on imputation 17/20 
[2026-06-03 19:52:22] [INFO] 04b_gee - finished adjusted imputation 17/20 in 0.2s 
[2026-06-03 19:52:23] [INFO] 04b_gee - fitting geeglm (non_recent_missed_dose, adjusted) on imputation 18/20 
[2026-06-03 19:52:23] [INFO] 04b_gee - finished adjusted imputation 18/20 in 0.3s 
[2026-06-03 19:52:23] [INFO] 04b_gee - fitting geeglm (non_recent_missed_dose, adjusted) on imputation 19/20 
[2026-06-03 19:52:23] [INFO] 04b_gee - finished adjusted imputation 19/20 in 0.3s 
[2026-06-03 19:52:23] [INFO] 04b_gee - fitting geeglm (non_recent_missed_dose, adjusted) on imputation 20/20 
[2026-06-03 19:52:23] [INFO] 04b_gee - finished adjusted imputation 20/20 in 0.3s 
[2026-06-03 19:52:23] [INFO] 04b_gee - pooling adjusted GEE contrasts across imputations 
[2026-06-03 19:52:44] [DONE] 04b_gee - saved canonical GEE effectiveness artifact (elapsed 39.3s) 
[2026-06-03 23:41:20] [START] 01_cleaning - reading raw questionnaire and cost files 
[2026-06-03 23:41:20] [INFO] 01_cleaning - loading baseline and follow-up questionnaires 
[2026-06-03 23:41:21] [DONE] 01_cleaning - saved canonical cleaning artifact (elapsed 1.3s) 
[2026-06-03 23:41:23] [START] 02_imputation - building the main wide imputation frame 
[2026-06-03 23:41:23] [INFO] 02_imputation - building the effectiveness-specific MICE branch 
[2026-06-03 23:41:24] [INFO] 02_imputation - running effectiveness MICE: 18 variables, 8 imputed targets, 152 predictor links 
[2026-06-03 23:41:35] [INFO] 02_imputation - secondary adherence MICE branch disabled by methods config 
[2026-06-03 23:41:35] [INFO] 02_imputation - building the CEA-specific MICE branch 
[2026-06-03 23:41:35] [INFO] 02_imputation - running cea MICE: 48 variables, 34 imputed targets, 1221 predictor links 
[2026-06-03 23:42:24] [DONE] 02_imputation - saved canonical imputation artifact (elapsed 61.2s) 
[2026-06-03 23:42:25] [START] 03_descriptives - generating baseline tables and missingness summaries 
[2026-06-03 23:42:25] [INFO] 03_descriptives - building baseline characteristics tables 
[2026-06-03 23:42:26] [INFO] 03_descriptives - summarising outcome missingness across timepoints 
[2026-06-03 23:42:27] [DONE] 03_descriptives - saved canonical descriptives artifact (elapsed 1.7s) 
[2026-06-03 23:42:29] [START] 04b_gee - fitting the configured GEE effectiveness model 
[2026-06-03 23:42:29] [INFO] 04b_gee - reconstructing 20 imputed long datasets 
[2026-06-03 23:42:29] [INFO] 04b_gee - building per-imputation long datasets 
[2026-06-03 23:42:30] [INFO] 04b_gee - building secondary-outcome long datasets 
[2026-06-03 23:42:31] [INFO] 04b_gee - fitting unadjusted and adjusted GEE models 
[2026-06-03 23:42:31] [INFO] 04b_gee - fitting geeglm (disease_control, unadjusted) on imputation 1/20 
[2026-06-03 23:42:31] [INFO] 04b_gee - finished unadjusted imputation 1/20 in 0.1s 
[2026-06-03 23:42:31] [INFO] 04b_gee - fitting geeglm (disease_control, unadjusted) on imputation 2/20 
[2026-06-03 23:42:31] [INFO] 04b_gee - finished unadjusted imputation 2/20 in 0.1s 
[2026-06-03 23:42:31] [INFO] 04b_gee - fitting geeglm (disease_control, unadjusted) on imputation 3/20 
[2026-06-03 23:42:32] [INFO] 04b_gee - finished unadjusted imputation 3/20 in 0.1s 
[2026-06-03 23:42:32] [INFO] 04b_gee - fitting geeglm (disease_control, unadjusted) on imputation 4/20 
[2026-06-03 23:42:32] [INFO] 04b_gee - finished unadjusted imputation 4/20 in 0.1s 
[2026-06-03 23:42:32] [INFO] 04b_gee - fitting geeglm (disease_control, unadjusted) on imputation 5/20 
[2026-06-03 23:42:32] [INFO] 04b_gee - finished unadjusted imputation 5/20 in 0.1s 
[2026-06-03 23:42:32] [INFO] 04b_gee - fitting geeglm (disease_control, unadjusted) on imputation 6/20 
[2026-06-03 23:42:32] [INFO] 04b_gee - finished unadjusted imputation 6/20 in 0.1s 
[2026-06-03 23:42:32] [INFO] 04b_gee - fitting geeglm (disease_control, unadjusted) on imputation 7/20 
[2026-06-03 23:42:32] [INFO] 04b_gee - finished unadjusted imputation 7/20 in 0.1s 
[2026-06-03 23:42:32] [INFO] 04b_gee - fitting geeglm (disease_control, unadjusted) on imputation 8/20 
[2026-06-03 23:42:32] [INFO] 04b_gee - finished unadjusted imputation 8/20 in 0.2s 
[2026-06-03 23:42:32] [INFO] 04b_gee - fitting geeglm (disease_control, unadjusted) on imputation 9/20 
[2026-06-03 23:42:32] [INFO] 04b_gee - finished unadjusted imputation 9/20 in 0.1s 
[2026-06-03 23:42:32] [INFO] 04b_gee - fitting geeglm (disease_control, unadjusted) on imputation 10/20 
[2026-06-03 23:42:32] [INFO] 04b_gee - finished unadjusted imputation 10/20 in 0.1s 
[2026-06-03 23:42:32] [INFO] 04b_gee - fitting geeglm (disease_control, unadjusted) on imputation 11/20 
[2026-06-03 23:42:32] [INFO] 04b_gee - finished unadjusted imputation 11/20 in 0.1s 
[2026-06-03 23:42:32] [INFO] 04b_gee - fitting geeglm (disease_control, unadjusted) on imputation 12/20 
[2026-06-03 23:42:32] [INFO] 04b_gee - finished unadjusted imputation 12/20 in 0.1s 
[2026-06-03 23:42:32] [INFO] 04b_gee - fitting geeglm (disease_control, unadjusted) on imputation 13/20 
[2026-06-03 23:42:32] [INFO] 04b_gee - finished unadjusted imputation 13/20 in 0.1s 
[2026-06-03 23:42:32] [INFO] 04b_gee - fitting geeglm (disease_control, unadjusted) on imputation 14/20 
[2026-06-03 23:42:32] [INFO] 04b_gee - finished unadjusted imputation 14/20 in 0.1s 
[2026-06-03 23:42:32] [INFO] 04b_gee - fitting geeglm (disease_control, unadjusted) on imputation 15/20 
[2026-06-03 23:42:33] [INFO] 04b_gee - finished unadjusted imputation 15/20 in 0.1s 
[2026-06-03 23:42:33] [INFO] 04b_gee - fitting geeglm (disease_control, unadjusted) on imputation 16/20 
[2026-06-03 23:42:33] [INFO] 04b_gee - finished unadjusted imputation 16/20 in 0.1s 
[2026-06-03 23:42:33] [INFO] 04b_gee - fitting geeglm (disease_control, unadjusted) on imputation 17/20 
[2026-06-03 23:42:33] [INFO] 04b_gee - finished unadjusted imputation 17/20 in 0.1s 
[2026-06-03 23:42:33] [INFO] 04b_gee - fitting geeglm (disease_control, unadjusted) on imputation 18/20 
[2026-06-03 23:42:33] [INFO] 04b_gee - finished unadjusted imputation 18/20 in 0.1s 
[2026-06-03 23:42:33] [INFO] 04b_gee - fitting geeglm (disease_control, unadjusted) on imputation 19/20 
[2026-06-03 23:42:33] [INFO] 04b_gee - finished unadjusted imputation 19/20 in 0.1s 
[2026-06-03 23:42:33] [INFO] 04b_gee - fitting geeglm (disease_control, unadjusted) on imputation 20/20 
[2026-06-03 23:42:33] [INFO] 04b_gee - finished unadjusted imputation 20/20 in 0.1s 
[2026-06-03 23:42:33] [INFO] 04b_gee - pooling unadjusted GEE contrasts across imputations 
[2026-06-03 23:42:33] [INFO] 04b_gee - fitting geeglm (disease_control, adjusted) on imputation 1/20 
[2026-06-03 23:42:33] [INFO] 04b_gee - finished adjusted imputation 1/20 in 0.1s 
[2026-06-03 23:42:33] [INFO] 04b_gee - fitting geeglm (disease_control, adjusted) on imputation 2/20 
[2026-06-03 23:42:33] [INFO] 04b_gee - finished adjusted imputation 2/20 in 0.1s 
[2026-06-03 23:42:33] [INFO] 04b_gee - fitting geeglm (disease_control, adjusted) on imputation 3/20 
[2026-06-03 23:42:33] [INFO] 04b_gee - finished adjusted imputation 3/20 in 0.1s 
[2026-06-03 23:42:33] [INFO] 04b_gee - fitting geeglm (disease_control, adjusted) on imputation 4/20 
[2026-06-03 23:42:33] [INFO] 04b_gee - finished adjusted imputation 4/20 in 0.1s 
[2026-06-03 23:42:33] [INFO] 04b_gee - fitting geeglm (disease_control, adjusted) on imputation 5/20 
[2026-06-03 23:42:33] [INFO] 04b_gee - finished adjusted imputation 5/20 in 0.1s 
[2026-06-03 23:42:33] [INFO] 04b_gee - fitting geeglm (disease_control, adjusted) on imputation 6/20 
[2026-06-03 23:42:34] [INFO] 04b_gee - finished adjusted imputation 6/20 in 0.1s 
[2026-06-03 23:42:34] [INFO] 04b_gee - fitting geeglm (disease_control, adjusted) on imputation 7/20 
[2026-06-03 23:42:34] [INFO] 04b_gee - finished adjusted imputation 7/20 in 0.1s 
[2026-06-03 23:42:34] [INFO] 04b_gee - fitting geeglm (disease_control, adjusted) on imputation 8/20 
[2026-06-03 23:42:34] [INFO] 04b_gee - finished adjusted imputation 8/20 in 0.2s 
[2026-06-03 23:42:34] [INFO] 04b_gee - fitting geeglm (disease_control, adjusted) on imputation 9/20 
[2026-06-03 23:42:34] [INFO] 04b_gee - finished adjusted imputation 9/20 in 0.1s 
[2026-06-03 23:42:34] [INFO] 04b_gee - fitting geeglm (disease_control, adjusted) on imputation 10/20 
[2026-06-03 23:42:34] [INFO] 04b_gee - finished adjusted imputation 10/20 in 0.1s 
[2026-06-03 23:42:34] [INFO] 04b_gee - fitting geeglm (disease_control, adjusted) on imputation 11/20 
[2026-06-03 23:42:34] [INFO] 04b_gee - finished adjusted imputation 11/20 in 0.2s 
[2026-06-03 23:42:34] [INFO] 04b_gee - fitting geeglm (disease_control, adjusted) on imputation 12/20 
[2026-06-03 23:42:34] [INFO] 04b_gee - finished adjusted imputation 12/20 in 0.1s 
[2026-06-03 23:42:34] [INFO] 04b_gee - fitting geeglm (disease_control, adjusted) on imputation 13/20 
[2026-06-03 23:42:34] [INFO] 04b_gee - finished adjusted imputation 13/20 in 0.1s 
[2026-06-03 23:42:34] [INFO] 04b_gee - fitting geeglm (disease_control, adjusted) on imputation 14/20 
[2026-06-03 23:42:35] [INFO] 04b_gee - finished adjusted imputation 14/20 in 0.1s 
[2026-06-03 23:42:35] [INFO] 04b_gee - fitting geeglm (disease_control, adjusted) on imputation 15/20 
[2026-06-03 23:42:35] [INFO] 04b_gee - finished adjusted imputation 15/20 in 0.1s 
[2026-06-03 23:42:35] [INFO] 04b_gee - fitting geeglm (disease_control, adjusted) on imputation 16/20 
[2026-06-03 23:42:35] [INFO] 04b_gee - finished adjusted imputation 16/20 in 0.1s 
[2026-06-03 23:42:35] [INFO] 04b_gee - fitting geeglm (disease_control, adjusted) on imputation 17/20 
[2026-06-03 23:42:35] [INFO] 04b_gee - finished adjusted imputation 17/20 in 0.1s 
[2026-06-03 23:42:35] [INFO] 04b_gee - fitting geeglm (disease_control, adjusted) on imputation 18/20 
[2026-06-03 23:42:35] [INFO] 04b_gee - finished adjusted imputation 18/20 in 0.1s 
[2026-06-03 23:42:35] [INFO] 04b_gee - fitting geeglm (disease_control, adjusted) on imputation 19/20 
[2026-06-03 23:42:35] [INFO] 04b_gee - finished adjusted imputation 19/20 in 0.1s 
[2026-06-03 23:42:35] [INFO] 04b_gee - fitting geeglm (disease_control, adjusted) on imputation 20/20 
[2026-06-03 23:42:35] [INFO] 04b_gee - finished adjusted imputation 20/20 in 0.1s 
[2026-06-03 23:42:35] [INFO] 04b_gee - pooling adjusted GEE contrasts across imputations 
[2026-06-03 23:42:41] [DONE] 04b_gee - saved canonical GEE effectiveness artifact (elapsed 12.4s) 
[2026-06-03 23:42:42] [START] 05_cost_effectiveness - running the main wide-imputed CEA branch 
[2026-06-03 23:42:42] [INFO] 05_cost_effectiveness - running mi_main MI bootstrap branch 
[2026-06-03 23:42:44] [INFO] 05_cost_effectiveness - bootstrap iteration 1/5000 
[2026-06-03 23:44:23] [INFO] 05_cost_effectiveness - bootstrap iteration 500/5000 
[2026-06-03 23:46:23] [INFO] 05_cost_effectiveness - bootstrap iteration 1000/5000 
[2026-06-03 23:47:53] [INFO] 05_cost_effectiveness - bootstrap iteration 1500/5000 
[2026-06-03 23:49:11] [INFO] 05_cost_effectiveness - bootstrap iteration 2000/5000 
[2026-06-03 23:50:29] [INFO] 05_cost_effectiveness - bootstrap iteration 2500/5000 
[2026-06-03 23:51:47] [INFO] 05_cost_effectiveness - bootstrap iteration 3000/5000 
[2026-06-03 23:53:05] [INFO] 05_cost_effectiveness - bootstrap iteration 3500/5000 
[2026-06-03 23:54:22] [INFO] 05_cost_effectiveness - bootstrap iteration 4000/5000 
[2026-06-03 23:55:41] [INFO] 05_cost_effectiveness - bootstrap iteration 4500/5000 
[2026-06-03 23:57:02] [INFO] 05_cost_effectiveness - bootstrap iteration 5000/5000 
[2026-06-03 23:57:02] [INFO] 05_cost_effectiveness - main MI CEA cohort built: 835 patients, 5000 bootstrap estimates 
[2026-06-03 23:57:03] [DONE] 05_cost_effectiveness - saved canonical CEA artifact and CEA CSV exports (elapsed 860.5s) 
[2026-06-03 23:57:03] [START] 06_outputs - assembling manuscript output artifact 
[2026-06-03 23:57:06] [INFO] 06_outputs - loaded effectiveness and CEA model artefacts 
[2026-06-03 23:57:06] [INFO] 06_outputs - assembling manuscript-ready comparison tables 
[2026-06-03 23:57:06] [DONE] 06_outputs - saved canonical manuscript outputs artifact and manuscript summary CSV (elapsed 2.3s) 
[2026-06-03 23:57:06] [START] 07_manuscript_report - assembling a readable manuscript results brief 
[2026-06-03 23:57:08] [DONE] 07_manuscript_report - saved canonical manuscript report artifact and Markdown brief (elapsed 2.1s) 
[2026-06-18 13:26:15] [START] 09_imputation_predictor_matrix_audit - auditing MICE predictor-matrix choices 
[2026-06-18 13:26:15] [INFO] 09_imputation_predictor_matrix_audit - building pair-level score table 
[2026-06-18 13:26:15] [DONE] 09_imputation_predictor_matrix_audit - saved predictor-matrix audit outputs (elapsed 0.6s) 
[2026-06-18 13:30:23] [START] 09_imputation_predictor_matrix_audit - auditing MICE predictor-matrix choices 
[2026-06-18 13:30:23] [INFO] 09_imputation_predictor_matrix_audit - building pair-level score table 
[2026-06-18 13:30:23] [DONE] 09_imputation_predictor_matrix_audit - saved predictor-matrix audit outputs (elapsed 0.3s) 
[2026-06-18 13:34:58] [START] 10_imputation_matrix_sensitivity - running primary-effectiveness predictor-matrix sensitivity tests 
[2026-06-18 13:34:58] [INFO] 10_imputation_matrix_sensitivity - testing matrix variant 'current_analytic' 
[2026-06-18 13:34:58] [INFO] 04b_gee - reconstructing 20 imputed long datasets 
[2026-06-18 13:34:58] [INFO] 04b_gee - building per-imputation long datasets 
[2026-06-18 13:34:59] [INFO] 04b_gee - fitting unadjusted and adjusted GEE models 
[2026-06-18 13:35:00] [INFO] 04b_gee - fitting geeglm (disease_control, unadjusted) on imputation 1/20 
[2026-06-18 13:35:00] [INFO] 04b_gee - finished unadjusted imputation 1/20 in 0.1s 
[2026-06-18 13:35:00] [INFO] 04b_gee - fitting geeglm (disease_control, unadjusted) on imputation 2/20 
[2026-06-18 13:35:00] [INFO] 04b_gee - finished unadjusted imputation 2/20 in 0.1s 
[2026-06-18 13:35:00] [INFO] 04b_gee - fitting geeglm (disease_control, unadjusted) on imputation 3/20 
[2026-06-18 13:35:00] [INFO] 04b_gee - finished unadjusted imputation 3/20 in 0.1s 
[2026-06-18 13:35:00] [INFO] 04b_gee - fitting geeglm (disease_control, unadjusted) on imputation 4/20 
[2026-06-18 13:35:00] [INFO] 04b_gee - finished unadjusted imputation 4/20 in 0.1s 
[2026-06-18 13:35:00] [INFO] 04b_gee - fitting geeglm (disease_control, unadjusted) on imputation 5/20 
[2026-06-18 13:35:00] [INFO] 04b_gee - finished unadjusted imputation 5/20 in 0.1s 
[2026-06-18 13:35:00] [INFO] 04b_gee - fitting geeglm (disease_control, unadjusted) on imputation 6/20 
[2026-06-18 13:35:00] [INFO] 04b_gee - finished unadjusted imputation 6/20 in 0.1s 
[2026-06-18 13:35:00] [INFO] 04b_gee - fitting geeglm (disease_control, unadjusted) on imputation 7/20 
[2026-06-18 13:35:00] [INFO] 04b_gee - finished unadjusted imputation 7/20 in 0.1s 
[2026-06-18 13:35:00] [INFO] 04b_gee - fitting geeglm (disease_control, unadjusted) on imputation 8/20 
[2026-06-18 13:35:00] [INFO] 04b_gee - finished unadjusted imputation 8/20 in 0.2s 
[2026-06-18 13:35:00] [INFO] 04b_gee - fitting geeglm (disease_control, unadjusted) on imputation 9/20 
[2026-06-18 13:35:00] [INFO] 04b_gee - finished unadjusted imputation 9/20 in 0.0s 
[2026-06-18 13:35:00] [INFO] 04b_gee - fitting geeglm (disease_control, unadjusted) on imputation 10/20 
[2026-06-18 13:35:00] [INFO] 04b_gee - finished unadjusted imputation 10/20 in 0.1s 
[2026-06-18 13:35:00] [INFO] 04b_gee - fitting geeglm (disease_control, unadjusted) on imputation 11/20 
[2026-06-18 13:35:00] [INFO] 04b_gee - finished unadjusted imputation 11/20 in 0.1s 
[2026-06-18 13:35:00] [INFO] 04b_gee - fitting geeglm (disease_control, unadjusted) on imputation 12/20 
[2026-06-18 13:35:01] [INFO] 04b_gee - finished unadjusted imputation 12/20 in 0.1s 
[2026-06-18 13:35:01] [INFO] 04b_gee - fitting geeglm (disease_control, unadjusted) on imputation 13/20 
[2026-06-18 13:35:01] [INFO] 04b_gee - finished unadjusted imputation 13/20 in 0.1s 
[2026-06-18 13:35:01] [INFO] 04b_gee - fitting geeglm (disease_control, unadjusted) on imputation 14/20 
[2026-06-18 13:35:01] [INFO] 04b_gee - finished unadjusted imputation 14/20 in 0.0s 
[2026-06-18 13:35:01] [INFO] 04b_gee - fitting geeglm (disease_control, unadjusted) on imputation 15/20 
[2026-06-18 13:35:01] [INFO] 04b_gee - finished unadjusted imputation 15/20 in 0.1s 
[2026-06-18 13:35:01] [INFO] 04b_gee - fitting geeglm (disease_control, unadjusted) on imputation 16/20 
[2026-06-18 13:35:01] [INFO] 04b_gee - finished unadjusted imputation 16/20 in 0.1s 
[2026-06-18 13:35:01] [INFO] 04b_gee - fitting geeglm (disease_control, unadjusted) on imputation 17/20 
[2026-06-18 13:35:01] [INFO] 04b_gee - finished unadjusted imputation 17/20 in 0.1s 
[2026-06-18 13:35:01] [INFO] 04b_gee - fitting geeglm (disease_control, unadjusted) on imputation 18/20 
[2026-06-18 13:35:01] [INFO] 04b_gee - finished unadjusted imputation 18/20 in 0.1s 
[2026-06-18 13:35:01] [INFO] 04b_gee - fitting geeglm (disease_control, unadjusted) on imputation 19/20 
[2026-06-18 13:35:01] [INFO] 04b_gee - finished unadjusted imputation 19/20 in 0.1s 
[2026-06-18 13:35:01] [INFO] 04b_gee - fitting geeglm (disease_control, unadjusted) on imputation 20/20 
[2026-06-18 13:35:01] [INFO] 04b_gee - finished unadjusted imputation 20/20 in 0.1s 
[2026-06-18 13:35:01] [INFO] 04b_gee - pooling unadjusted GEE contrasts across imputations 
[2026-06-18 13:35:01] [INFO] 04b_gee - fitting geeglm (disease_control, adjusted) on imputation 1/20 
[2026-06-18 13:35:01] [INFO] 04b_gee - finished adjusted imputation 1/20 in 0.1s 
[2026-06-18 13:35:01] [INFO] 04b_gee - fitting geeglm (disease_control, adjusted) on imputation 2/20 
[2026-06-18 13:35:01] [INFO] 04b_gee - finished adjusted imputation 2/20 in 0.1s 
[2026-06-18 13:35:01] [INFO] 04b_gee - fitting geeglm (disease_control, adjusted) on imputation 3/20 
[2026-06-18 13:35:01] [INFO] 04b_gee - finished adjusted imputation 3/20 in 0.1s 
[2026-06-18 13:35:01] [INFO] 04b_gee - fitting geeglm (disease_control, adjusted) on imputation 4/20 
[2026-06-18 13:35:02] [INFO] 04b_gee - finished adjusted imputation 4/20 in 0.1s 
[2026-06-18 13:35:02] [INFO] 04b_gee - fitting geeglm (disease_control, adjusted) on imputation 5/20 
[2026-06-18 13:35:02] [INFO] 04b_gee - finished adjusted imputation 5/20 in 0.1s 
[2026-06-18 13:35:02] [INFO] 04b_gee - fitting geeglm (disease_control, adjusted) on imputation 6/20 
[2026-06-18 13:35:02] [INFO] 04b_gee - finished adjusted imputation 6/20 in 0.2s 
[2026-06-18 13:35:02] [INFO] 04b_gee - fitting geeglm (disease_control, adjusted) on imputation 7/20 
[2026-06-18 13:35:02] [INFO] 04b_gee - finished adjusted imputation 7/20 in 0.1s 
[2026-06-18 13:35:02] [INFO] 04b_gee - fitting geeglm (disease_control, adjusted) on imputation 8/20 
[2026-06-18 13:35:02] [INFO] 04b_gee - finished adjusted imputation 8/20 in 0.1s 
[2026-06-18 13:35:02] [INFO] 04b_gee - fitting geeglm (disease_control, adjusted) on imputation 9/20 
[2026-06-18 13:35:02] [INFO] 04b_gee - finished adjusted imputation 9/20 in 0.2s 
[2026-06-18 13:35:02] [INFO] 04b_gee - fitting geeglm (disease_control, adjusted) on imputation 10/20 
[2026-06-18 13:35:02] [INFO] 04b_gee - finished adjusted imputation 10/20 in 0.1s 
[2026-06-18 13:35:02] [INFO] 04b_gee - fitting geeglm (disease_control, adjusted) on imputation 11/20 
[2026-06-18 13:35:02] [INFO] 04b_gee - finished adjusted imputation 11/20 in 0.1s 
[2026-06-18 13:35:02] [INFO] 04b_gee - fitting geeglm (disease_control, adjusted) on imputation 12/20 
[2026-06-18 13:35:02] [INFO] 04b_gee - finished adjusted imputation 12/20 in 0.1s 
[2026-06-18 13:35:02] [INFO] 04b_gee - fitting geeglm (disease_control, adjusted) on imputation 13/20 
[2026-06-18 13:35:03] [INFO] 04b_gee - finished adjusted imputation 13/20 in 0.1s 
[2026-06-18 13:35:03] [INFO] 04b_gee - fitting geeglm (disease_control, adjusted) on imputation 14/20 
[2026-06-18 13:35:03] [INFO] 04b_gee - finished adjusted imputation 14/20 in 0.1s 
[2026-06-18 13:35:03] [INFO] 04b_gee - fitting geeglm (disease_control, adjusted) on imputation 15/20 
[2026-06-18 13:35:03] [INFO] 04b_gee - finished adjusted imputation 15/20 in 0.1s 
[2026-06-18 13:35:03] [INFO] 04b_gee - fitting geeglm (disease_control, adjusted) on imputation 16/20 
[2026-06-18 13:35:03] [INFO] 04b_gee - finished adjusted imputation 16/20 in 0.1s 
[2026-06-18 13:35:03] [INFO] 04b_gee - fitting geeglm (disease_control, adjusted) on imputation 17/20 
[2026-06-18 13:35:03] [INFO] 04b_gee - finished adjusted imputation 17/20 in 0.1s 
[2026-06-18 13:35:03] [INFO] 04b_gee - fitting geeglm (disease_control, adjusted) on imputation 18/20 
[2026-06-18 13:35:03] [INFO] 04b_gee - finished adjusted imputation 18/20 in 0.1s 
[2026-06-18 13:35:03] [INFO] 04b_gee - fitting geeglm (disease_control, adjusted) on imputation 19/20 
[2026-06-18 13:35:03] [INFO] 04b_gee - finished adjusted imputation 19/20 in 0.1s 
[2026-06-18 13:35:03] [INFO] 04b_gee - fitting geeglm (disease_control, adjusted) on imputation 20/20 
[2026-06-18 13:35:03] [INFO] 04b_gee - finished adjusted imputation 20/20 in 0.1s 
[2026-06-18 13:35:03] [INFO] 04b_gee - pooling adjusted GEE contrasts across imputations 
[2026-06-18 13:35:03] [INFO] 10_imputation_matrix_sensitivity - testing matrix variant 'no_utility_index_auxiliaries' 
[2026-06-18 13:35:11] [INFO] 04b_gee - reconstructing 20 imputed long datasets 
[2026-06-18 13:35:11] [INFO] 04b_gee - building per-imputation long datasets 
[2026-06-18 13:35:12] [INFO] 04b_gee - fitting unadjusted and adjusted GEE models 
[2026-06-18 13:35:12] [INFO] 04b_gee - fitting geeglm (disease_control, unadjusted) on imputation 1/20 
[2026-06-18 13:35:12] [INFO] 04b_gee - finished unadjusted imputation 1/20 in 0.1s 
[2026-06-18 13:35:12] [INFO] 04b_gee - fitting geeglm (disease_control, unadjusted) on imputation 2/20 
[2026-06-18 13:35:12] [INFO] 04b_gee - finished unadjusted imputation 2/20 in 0.1s 
[2026-06-18 13:35:12] [INFO] 04b_gee - fitting geeglm (disease_control, unadjusted) on imputation 3/20 
[2026-06-18 13:35:12] [INFO] 04b_gee - finished unadjusted imputation 3/20 in 0.1s 
[2026-06-18 13:35:12] [INFO] 04b_gee - fitting geeglm (disease_control, unadjusted) on imputation 4/20 
[2026-06-18 13:35:12] [INFO] 04b_gee - finished unadjusted imputation 4/20 in 0.1s 
[2026-06-18 13:35:12] [INFO] 04b_gee - fitting geeglm (disease_control, unadjusted) on imputation 5/20 
[2026-06-18 13:35:12] [INFO] 04b_gee - finished unadjusted imputation 5/20 in 0.1s 
[2026-06-18 13:35:12] [INFO] 04b_gee - fitting geeglm (disease_control, unadjusted) on imputation 6/20 
[2026-06-18 13:35:12] [INFO] 04b_gee - finished unadjusted imputation 6/20 in 0.1s 
[2026-06-18 13:35:12] [INFO] 04b_gee - fitting geeglm (disease_control, unadjusted) on imputation 7/20 
[2026-06-18 13:35:12] [INFO] 04b_gee - finished unadjusted imputation 7/20 in 0.1s 
[2026-06-18 13:35:12] [INFO] 04b_gee - fitting geeglm (disease_control, unadjusted) on imputation 8/20 
[2026-06-18 13:35:13] [INFO] 04b_gee - finished unadjusted imputation 8/20 in 0.1s 
[2026-06-18 13:35:13] [INFO] 04b_gee - fitting geeglm (disease_control, unadjusted) on imputation 9/20 
[2026-06-18 13:35:13] [INFO] 04b_gee - finished unadjusted imputation 9/20 in 0.1s 
[2026-06-18 13:35:13] [INFO] 04b_gee - fitting geeglm (disease_control, unadjusted) on imputation 10/20 
[2026-06-18 13:35:13] [INFO] 04b_gee - finished unadjusted imputation 10/20 in 0.1s 
[2026-06-18 13:35:13] [INFO] 04b_gee - fitting geeglm (disease_control, unadjusted) on imputation 11/20 
[2026-06-18 13:35:13] [INFO] 04b_gee - finished unadjusted imputation 11/20 in 0.1s 
[2026-06-18 13:35:13] [INFO] 04b_gee - fitting geeglm (disease_control, unadjusted) on imputation 12/20 
[2026-06-18 13:35:13] [INFO] 04b_gee - finished unadjusted imputation 12/20 in 0.1s 
[2026-06-18 13:35:13] [INFO] 04b_gee - fitting geeglm (disease_control, unadjusted) on imputation 13/20 
[2026-06-18 13:35:13] [INFO] 04b_gee - finished unadjusted imputation 13/20 in 0.0s 
[2026-06-18 13:35:13] [INFO] 04b_gee - fitting geeglm (disease_control, unadjusted) on imputation 14/20 
[2026-06-18 13:35:13] [INFO] 04b_gee - finished unadjusted imputation 14/20 in 0.0s 
[2026-06-18 13:35:13] [INFO] 04b_gee - fitting geeglm (disease_control, unadjusted) on imputation 15/20 
[2026-06-18 13:35:13] [INFO] 04b_gee - finished unadjusted imputation 15/20 in 0.1s 
[2026-06-18 13:35:13] [INFO] 04b_gee - fitting geeglm (disease_control, unadjusted) on imputation 16/20 
[2026-06-18 13:35:13] [INFO] 04b_gee - finished unadjusted imputation 16/20 in 0.1s 
[2026-06-18 13:35:13] [INFO] 04b_gee - fitting geeglm (disease_control, unadjusted) on imputation 17/20 
[2026-06-18 13:35:13] [INFO] 04b_gee - finished unadjusted imputation 17/20 in 0.1s 
[2026-06-18 13:35:13] [INFO] 04b_gee - fitting geeglm (disease_control, unadjusted) on imputation 18/20 
[2026-06-18 13:35:13] [INFO] 04b_gee - finished unadjusted imputation 18/20 in 0.1s 
[2026-06-18 13:35:13] [INFO] 04b_gee - fitting geeglm (disease_control, unadjusted) on imputation 19/20 
[2026-06-18 13:35:13] [INFO] 04b_gee - finished unadjusted imputation 19/20 in 0.1s 
[2026-06-18 13:35:13] [INFO] 04b_gee - fitting geeglm (disease_control, unadjusted) on imputation 20/20 
[2026-06-18 13:35:13] [INFO] 04b_gee - finished unadjusted imputation 20/20 in 0.1s 
[2026-06-18 13:35:13] [INFO] 04b_gee - pooling unadjusted GEE contrasts across imputations 
[2026-06-18 13:35:13] [INFO] 04b_gee - fitting geeglm (disease_control, adjusted) on imputation 1/20 
[2026-06-18 13:35:14] [INFO] 04b_gee - finished adjusted imputation 1/20 in 0.1s 
[2026-06-18 13:35:14] [INFO] 04b_gee - fitting geeglm (disease_control, adjusted) on imputation 2/20 
[2026-06-18 13:35:14] [INFO] 04b_gee - finished adjusted imputation 2/20 in 0.1s 
[2026-06-18 13:35:14] [INFO] 04b_gee - fitting geeglm (disease_control, adjusted) on imputation 3/20 
[2026-06-18 13:35:14] [INFO] 04b_gee - finished adjusted imputation 3/20 in 0.1s 
[2026-06-18 13:35:14] [INFO] 04b_gee - fitting geeglm (disease_control, adjusted) on imputation 4/20 
[2026-06-18 13:35:14] [INFO] 04b_gee - finished adjusted imputation 4/20 in 0.1s 
[2026-06-18 13:35:14] [INFO] 04b_gee - fitting geeglm (disease_control, adjusted) on imputation 5/20 
[2026-06-18 13:35:14] [INFO] 04b_gee - finished adjusted imputation 5/20 in 0.1s 
[2026-06-18 13:35:14] [INFO] 04b_gee - fitting geeglm (disease_control, adjusted) on imputation 6/20 
[2026-06-18 13:35:14] [INFO] 04b_gee - finished adjusted imputation 6/20 in 0.1s 
[2026-06-18 13:35:14] [INFO] 04b_gee - fitting geeglm (disease_control, adjusted) on imputation 7/20 
[2026-06-18 13:35:14] [INFO] 04b_gee - finished adjusted imputation 7/20 in 0.1s 
[2026-06-18 13:35:14] [INFO] 04b_gee - fitting geeglm (disease_control, adjusted) on imputation 8/20 
[2026-06-18 13:35:14] [INFO] 04b_gee - finished adjusted imputation 8/20 in 0.1s 
[2026-06-18 13:35:14] [INFO] 04b_gee - fitting geeglm (disease_control, adjusted) on imputation 9/20 
[2026-06-18 13:35:14] [INFO] 04b_gee - finished adjusted imputation 9/20 in 0.1s 
[2026-06-18 13:35:14] [INFO] 04b_gee - fitting geeglm (disease_control, adjusted) on imputation 10/20 
[2026-06-18 13:35:14] [INFO] 04b_gee - finished adjusted imputation 10/20 in 0.1s 
[2026-06-18 13:35:14] [INFO] 04b_gee - fitting geeglm (disease_control, adjusted) on imputation 11/20 
[2026-06-18 13:35:14] [INFO] 04b_gee - finished adjusted imputation 11/20 in 0.1s 
[2026-06-18 13:35:14] [INFO] 04b_gee - fitting geeglm (disease_control, adjusted) on imputation 12/20 
[2026-06-18 13:35:15] [INFO] 04b_gee - finished adjusted imputation 12/20 in 0.1s 
[2026-06-18 13:35:15] [INFO] 04b_gee - fitting geeglm (disease_control, adjusted) on imputation 13/20 
[2026-06-18 13:35:15] [INFO] 04b_gee - finished adjusted imputation 13/20 in 0.1s 
[2026-06-18 13:35:15] [INFO] 04b_gee - fitting geeglm (disease_control, adjusted) on imputation 14/20 
[2026-06-18 13:35:15] [INFO] 04b_gee - finished adjusted imputation 14/20 in 0.1s 
[2026-06-18 13:35:15] [INFO] 04b_gee - fitting geeglm (disease_control, adjusted) on imputation 15/20 
[2026-06-18 13:35:15] [INFO] 04b_gee - finished adjusted imputation 15/20 in 0.1s 
[2026-06-18 13:35:15] [INFO] 04b_gee - fitting geeglm (disease_control, adjusted) on imputation 16/20 
[2026-06-18 13:35:15] [INFO] 04b_gee - finished adjusted imputation 16/20 in 0.1s 
[2026-06-18 13:35:15] [INFO] 04b_gee - fitting geeglm (disease_control, adjusted) on imputation 17/20 
[2026-06-18 13:35:15] [INFO] 04b_gee - finished adjusted imputation 17/20 in 0.1s 
[2026-06-18 13:35:15] [INFO] 04b_gee - fitting geeglm (disease_control, adjusted) on imputation 18/20 
[2026-06-18 13:35:15] [INFO] 04b_gee - finished adjusted imputation 18/20 in 0.1s 
[2026-06-18 13:35:15] [INFO] 04b_gee - fitting geeglm (disease_control, adjusted) on imputation 19/20 
[2026-06-18 13:35:15] [INFO] 04b_gee - finished adjusted imputation 19/20 in 0.1s 
[2026-06-18 13:35:15] [INFO] 04b_gee - fitting geeglm (disease_control, adjusted) on imputation 20/20 
[2026-06-18 13:35:15] [INFO] 04b_gee - finished adjusted imputation 20/20 in 0.1s 
[2026-06-18 13:35:15] [INFO] 04b_gee - pooling adjusted GEE contrasts across imputations 
[2026-06-18 13:35:15] [INFO] 10_imputation_matrix_sensitivity - testing matrix variant 'no_same_visit_auxiliaries' 
[2026-06-18 13:35:26] [INFO] 04b_gee - reconstructing 20 imputed long datasets 
[2026-06-18 13:35:26] [INFO] 04b_gee - building per-imputation long datasets 
[2026-06-18 13:35:27] [INFO] 04b_gee - fitting unadjusted and adjusted GEE models 
[2026-06-18 13:35:27] [INFO] 04b_gee - fitting geeglm (disease_control, unadjusted) on imputation 1/20 
[2026-06-18 13:35:27] [INFO] 04b_gee - finished unadjusted imputation 1/20 in 0.1s 
[2026-06-18 13:35:27] [INFO] 04b_gee - fitting geeglm (disease_control, unadjusted) on imputation 2/20 
[2026-06-18 13:35:27] [INFO] 04b_gee - finished unadjusted imputation 2/20 in 0.1s 
[2026-06-18 13:35:27] [INFO] 04b_gee - fitting geeglm (disease_control, unadjusted) on imputation 3/20 
[2026-06-18 13:35:27] [INFO] 04b_gee - finished unadjusted imputation 3/20 in 0.1s 
[2026-06-18 13:35:27] [INFO] 04b_gee - fitting geeglm (disease_control, unadjusted) on imputation 4/20 
[2026-06-18 13:35:27] [INFO] 04b_gee - finished unadjusted imputation 4/20 in 0.1s 
[2026-06-18 13:35:27] [INFO] 04b_gee - fitting geeglm (disease_control, unadjusted) on imputation 5/20 
[2026-06-18 13:35:27] [INFO] 04b_gee - finished unadjusted imputation 5/20 in 0.1s 
[2026-06-18 13:35:27] [INFO] 04b_gee - fitting geeglm (disease_control, unadjusted) on imputation 6/20 
[2026-06-18 13:35:27] [INFO] 04b_gee - finished unadjusted imputation 6/20 in 0.1s 
[2026-06-18 13:35:27] [INFO] 04b_gee - fitting geeglm (disease_control, unadjusted) on imputation 7/20 
[2026-06-18 13:35:28] [INFO] 04b_gee - finished unadjusted imputation 7/20 in 0.1s 
[2026-06-18 13:35:28] [INFO] 04b_gee - fitting geeglm (disease_control, unadjusted) on imputation 8/20 
[2026-06-18 13:35:28] [INFO] 04b_gee - finished unadjusted imputation 8/20 in 0.1s 
[2026-06-18 13:35:28] [INFO] 04b_gee - fitting geeglm (disease_control, unadjusted) on imputation 9/20 
[2026-06-18 13:35:28] [INFO] 04b_gee - finished unadjusted imputation 9/20 in 0.1s 
[2026-06-18 13:35:28] [INFO] 04b_gee - fitting geeglm (disease_control, unadjusted) on imputation 10/20 
[2026-06-18 13:35:28] [INFO] 04b_gee - finished unadjusted imputation 10/20 in 0.1s 
[2026-06-18 13:35:28] [INFO] 04b_gee - fitting geeglm (disease_control, unadjusted) on imputation 11/20 
[2026-06-18 13:35:28] [INFO] 04b_gee - finished unadjusted imputation 11/20 in 0.1s 
[2026-06-18 13:35:28] [INFO] 04b_gee - fitting geeglm (disease_control, unadjusted) on imputation 12/20 
[2026-06-18 13:35:28] [INFO] 04b_gee - finished unadjusted imputation 12/20 in 0.1s 
[2026-06-18 13:35:28] [INFO] 04b_gee - fitting geeglm (disease_control, unadjusted) on imputation 13/20 
[2026-06-18 13:35:28] [INFO] 04b_gee - finished unadjusted imputation 13/20 in 0.1s 
[2026-06-18 13:35:28] [INFO] 04b_gee - fitting geeglm (disease_control, unadjusted) on imputation 14/20 
[2026-06-18 13:35:28] [INFO] 04b_gee - finished unadjusted imputation 14/20 in 0.1s 
[2026-06-18 13:35:28] [INFO] 04b_gee - fitting geeglm (disease_control, unadjusted) on imputation 15/20 
[2026-06-18 13:35:28] [INFO] 04b_gee - finished unadjusted imputation 15/20 in 0.1s 
[2026-06-18 13:35:28] [INFO] 04b_gee - fitting geeglm (disease_control, unadjusted) on imputation 16/20 
[2026-06-18 13:35:28] [INFO] 04b_gee - finished unadjusted imputation 16/20 in 0.1s 
[2026-06-18 13:35:28] [INFO] 04b_gee - fitting geeglm (disease_control, unadjusted) on imputation 17/20 
[2026-06-18 13:35:28] [INFO] 04b_gee - finished unadjusted imputation 17/20 in 0.1s 
[2026-06-18 13:35:28] [INFO] 04b_gee - fitting geeglm (disease_control, unadjusted) on imputation 18/20 
[2026-06-18 13:35:28] [INFO] 04b_gee - finished unadjusted imputation 18/20 in 0.1s 
[2026-06-18 13:35:28] [INFO] 04b_gee - fitting geeglm (disease_control, unadjusted) on imputation 19/20 
[2026-06-18 13:35:29] [INFO] 04b_gee - finished unadjusted imputation 19/20 in 0.1s 
[2026-06-18 13:35:29] [INFO] 04b_gee - fitting geeglm (disease_control, unadjusted) on imputation 20/20 
[2026-06-18 13:35:29] [INFO] 04b_gee - finished unadjusted imputation 20/20 in 0.1s 
[2026-06-18 13:35:29] [INFO] 04b_gee - pooling unadjusted GEE contrasts across imputations 
[2026-06-18 13:35:29] [INFO] 04b_gee - fitting geeglm (disease_control, adjusted) on imputation 1/20 
[2026-06-18 13:35:29] [INFO] 04b_gee - finished adjusted imputation 1/20 in 0.1s 
[2026-06-18 13:35:29] [INFO] 04b_gee - fitting geeglm (disease_control, adjusted) on imputation 2/20 
[2026-06-18 13:35:29] [INFO] 04b_gee - finished adjusted imputation 2/20 in 0.1s 
[2026-06-18 13:35:29] [INFO] 04b_gee - fitting geeglm (disease_control, adjusted) on imputation 3/20 
[2026-06-18 13:35:29] [INFO] 04b_gee - finished adjusted imputation 3/20 in 0.2s 
[2026-06-18 13:35:29] [INFO] 04b_gee - fitting geeglm (disease_control, adjusted) on imputation 4/20 
[2026-06-18 13:35:29] [INFO] 04b_gee - finished adjusted imputation 4/20 in 0.1s 
[2026-06-18 13:35:29] [INFO] 04b_gee - fitting geeglm (disease_control, adjusted) on imputation 5/20 
[2026-06-18 13:35:29] [INFO] 04b_gee - finished adjusted imputation 5/20 in 0.1s 
[2026-06-18 13:35:29] [INFO] 04b_gee - fitting geeglm (disease_control, adjusted) on imputation 6/20 
[2026-06-18 13:35:29] [INFO] 04b_gee - finished adjusted imputation 6/20 in 0.1s 
[2026-06-18 13:35:29] [INFO] 04b_gee - fitting geeglm (disease_control, adjusted) on imputation 7/20 
[2026-06-18 13:35:30] [INFO] 04b_gee - finished adjusted imputation 7/20 in 0.1s 
[2026-06-18 13:35:30] [INFO] 04b_gee - fitting geeglm (disease_control, adjusted) on imputation 8/20 
[2026-06-18 13:35:30] [INFO] 04b_gee - finished adjusted imputation 8/20 in 0.1s 
[2026-06-18 13:35:30] [INFO] 04b_gee - fitting geeglm (disease_control, adjusted) on imputation 9/20 
[2026-06-18 13:35:30] [INFO] 04b_gee - finished adjusted imputation 9/20 in 0.2s 
[2026-06-18 13:35:30] [INFO] 04b_gee - fitting geeglm (disease_control, adjusted) on imputation 10/20 
[2026-06-18 13:35:30] [INFO] 04b_gee - finished adjusted imputation 10/20 in 0.1s 
[2026-06-18 13:35:30] [INFO] 04b_gee - fitting geeglm (disease_control, adjusted) on imputation 11/20 
[2026-06-18 13:35:30] [INFO] 04b_gee - finished adjusted imputation 11/20 in 0.1s 
[2026-06-18 13:35:30] [INFO] 04b_gee - fitting geeglm (disease_control, adjusted) on imputation 12/20 
[2026-06-18 13:35:30] [INFO] 04b_gee - finished adjusted imputation 12/20 in 0.1s 
[2026-06-18 13:35:30] [INFO] 04b_gee - fitting geeglm (disease_control, adjusted) on imputation 13/20 
[2026-06-18 13:35:30] [INFO] 04b_gee - finished adjusted imputation 13/20 in 0.1s 
[2026-06-18 13:35:30] [INFO] 04b_gee - fitting geeglm (disease_control, adjusted) on imputation 14/20 
[2026-06-18 13:35:30] [INFO] 04b_gee - finished adjusted imputation 14/20 in 0.1s 
[2026-06-18 13:35:30] [INFO] 04b_gee - fitting geeglm (disease_control, adjusted) on imputation 15/20 
[2026-06-18 13:35:31] [INFO] 04b_gee - finished adjusted imputation 15/20 in 0.1s 
[2026-06-18 13:35:31] [INFO] 04b_gee - fitting geeglm (disease_control, adjusted) on imputation 16/20 
[2026-06-18 13:35:31] [INFO] 04b_gee - finished adjusted imputation 16/20 in 0.1s 
[2026-06-18 13:35:31] [INFO] 04b_gee - fitting geeglm (disease_control, adjusted) on imputation 17/20 
[2026-06-18 13:35:31] [INFO] 04b_gee - finished adjusted imputation 17/20 in 0.1s 
[2026-06-18 13:35:31] [INFO] 04b_gee - fitting geeglm (disease_control, adjusted) on imputation 18/20 
[2026-06-18 13:35:31] [INFO] 04b_gee - finished adjusted imputation 18/20 in 0.1s 
[2026-06-18 13:35:31] [INFO] 04b_gee - fitting geeglm (disease_control, adjusted) on imputation 19/20 
[2026-06-18 13:35:31] [INFO] 04b_gee - finished adjusted imputation 19/20 in 0.1s 
[2026-06-18 13:35:31] [INFO] 04b_gee - fitting geeglm (disease_control, adjusted) on imputation 20/20 
[2026-06-18 13:35:31] [INFO] 04b_gee - finished adjusted imputation 20/20 in 0.1s 
[2026-06-18 13:35:31] [INFO] 04b_gee - pooling adjusted GEE contrasts across imputations 
[2026-06-18 13:35:31] [INFO] 10_imputation_matrix_sensitivity - testing matrix variant 'history_only_controlled' 
[2026-06-18 13:35:40] [INFO] 04b_gee - reconstructing 20 imputed long datasets 
[2026-06-18 13:35:40] [INFO] 04b_gee - building per-imputation long datasets 
[2026-06-18 13:35:41] [INFO] 04b_gee - fitting unadjusted and adjusted GEE models 
[2026-06-18 13:35:41] [INFO] 04b_gee - fitting geeglm (disease_control, unadjusted) on imputation 1/20 
[2026-06-18 13:35:41] [INFO] 04b_gee - finished unadjusted imputation 1/20 in 0.1s 
[2026-06-18 13:35:41] [INFO] 04b_gee - fitting geeglm (disease_control, unadjusted) on imputation 2/20 
[2026-06-18 13:35:41] [INFO] 04b_gee - finished unadjusted imputation 2/20 in 0.1s 
[2026-06-18 13:35:41] [INFO] 04b_gee - fitting geeglm (disease_control, unadjusted) on imputation 3/20 
[2026-06-18 13:35:41] [INFO] 04b_gee - finished unadjusted imputation 3/20 in 0.1s 
[2026-06-18 13:35:41] [INFO] 04b_gee - fitting geeglm (disease_control, unadjusted) on imputation 4/20 
[2026-06-18 13:35:42] [INFO] 04b_gee - finished unadjusted imputation 4/20 in 0.1s 
[2026-06-18 13:35:42] [INFO] 04b_gee - fitting geeglm (disease_control, unadjusted) on imputation 5/20 
[2026-06-18 13:35:42] [INFO] 04b_gee - finished unadjusted imputation 5/20 in 0.1s 
[2026-06-18 13:35:42] [INFO] 04b_gee - fitting geeglm (disease_control, unadjusted) on imputation 6/20 
[2026-06-18 13:35:42] [INFO] 04b_gee - finished unadjusted imputation 6/20 in 0.1s 
[2026-06-18 13:35:42] [INFO] 04b_gee - fitting geeglm (disease_control, unadjusted) on imputation 7/20 
[2026-06-18 13:35:42] [INFO] 04b_gee - finished unadjusted imputation 7/20 in 0.1s 
[2026-06-18 13:35:42] [INFO] 04b_gee - fitting geeglm (disease_control, unadjusted) on imputation 8/20 
[2026-06-18 13:35:42] [INFO] 04b_gee - finished unadjusted imputation 8/20 in 0.1s 
[2026-06-18 13:35:42] [INFO] 04b_gee - fitting geeglm (disease_control, unadjusted) on imputation 9/20 
[2026-06-18 13:35:42] [INFO] 04b_gee - finished unadjusted imputation 9/20 in 0.1s 
[2026-06-18 13:35:42] [INFO] 04b_gee - fitting geeglm (disease_control, unadjusted) on imputation 10/20 
[2026-06-18 13:35:42] [INFO] 04b_gee - finished unadjusted imputation 10/20 in 0.1s 
[2026-06-18 13:35:42] [INFO] 04b_gee - fitting geeglm (disease_control, unadjusted) on imputation 11/20 
[2026-06-18 13:35:42] [INFO] 04b_gee - finished unadjusted imputation 11/20 in 0.1s 
[2026-06-18 13:35:42] [INFO] 04b_gee - fitting geeglm (disease_control, unadjusted) on imputation 12/20 
[2026-06-18 13:35:42] [INFO] 04b_gee - finished unadjusted imputation 12/20 in 0.1s 
[2026-06-18 13:35:42] [INFO] 04b_gee - fitting geeglm (disease_control, unadjusted) on imputation 13/20 
[2026-06-18 13:35:42] [INFO] 04b_gee - finished unadjusted imputation 13/20 in 0.1s 
[2026-06-18 13:35:42] [INFO] 04b_gee - fitting geeglm (disease_control, unadjusted) on imputation 14/20 
[2026-06-18 13:35:42] [INFO] 04b_gee - finished unadjusted imputation 14/20 in 0.1s 
[2026-06-18 13:35:42] [INFO] 04b_gee - fitting geeglm (disease_control, unadjusted) on imputation 15/20 
[2026-06-18 13:35:43] [INFO] 04b_gee - finished unadjusted imputation 15/20 in 0.1s 
[2026-06-18 13:35:43] [INFO] 04b_gee - fitting geeglm (disease_control, unadjusted) on imputation 16/20 
[2026-06-18 13:35:43] [INFO] 04b_gee - finished unadjusted imputation 16/20 in 0.1s 
[2026-06-18 13:35:43] [INFO] 04b_gee - fitting geeglm (disease_control, unadjusted) on imputation 17/20 
[2026-06-18 13:35:43] [INFO] 04b_gee - finished unadjusted imputation 17/20 in 0.1s 
[2026-06-18 13:35:43] [INFO] 04b_gee - fitting geeglm (disease_control, unadjusted) on imputation 18/20 
[2026-06-18 13:35:43] [INFO] 04b_gee - finished unadjusted imputation 18/20 in 0.1s 
[2026-06-18 13:35:43] [INFO] 04b_gee - fitting geeglm (disease_control, unadjusted) on imputation 19/20 
[2026-06-18 13:35:43] [INFO] 04b_gee - finished unadjusted imputation 19/20 in 0.1s 
[2026-06-18 13:35:43] [INFO] 04b_gee - fitting geeglm (disease_control, unadjusted) on imputation 20/20 
[2026-06-18 13:35:43] [INFO] 04b_gee - finished unadjusted imputation 20/20 in 0.1s 
[2026-06-18 13:35:43] [INFO] 04b_gee - pooling unadjusted GEE contrasts across imputations 
[2026-06-18 13:35:43] [INFO] 04b_gee - fitting geeglm (disease_control, adjusted) on imputation 1/20 
[2026-06-18 13:35:43] [INFO] 04b_gee - finished adjusted imputation 1/20 in 0.1s 
[2026-06-18 13:35:43] [INFO] 04b_gee - fitting geeglm (disease_control, adjusted) on imputation 2/20 
[2026-06-18 13:35:43] [INFO] 04b_gee - finished adjusted imputation 2/20 in 0.1s 
[2026-06-18 13:35:43] [INFO] 04b_gee - fitting geeglm (disease_control, adjusted) on imputation 3/20 
[2026-06-18 13:35:43] [INFO] 04b_gee - finished adjusted imputation 3/20 in 0.3s 
[2026-06-18 13:35:43] [INFO] 04b_gee - fitting geeglm (disease_control, adjusted) on imputation 4/20 
[2026-06-18 13:35:44] [INFO] 04b_gee - finished adjusted imputation 4/20 in 0.1s 
[2026-06-18 13:35:44] [INFO] 04b_gee - fitting geeglm (disease_control, adjusted) on imputation 5/20 
[2026-06-18 13:35:44] [INFO] 04b_gee - finished adjusted imputation 5/20 in 0.1s 
[2026-06-18 13:35:44] [INFO] 04b_gee - fitting geeglm (disease_control, adjusted) on imputation 6/20 
[2026-06-18 13:35:44] [INFO] 04b_gee - finished adjusted imputation 6/20 in 0.1s 
[2026-06-18 13:35:44] [INFO] 04b_gee - fitting geeglm (disease_control, adjusted) on imputation 7/20 
[2026-06-18 13:35:44] [INFO] 04b_gee - finished adjusted imputation 7/20 in 0.1s 
[2026-06-18 13:35:44] [INFO] 04b_gee - fitting geeglm (disease_control, adjusted) on imputation 8/20 
[2026-06-18 13:35:44] [INFO] 04b_gee - finished adjusted imputation 8/20 in 0.1s 
[2026-06-18 13:35:44] [INFO] 04b_gee - fitting geeglm (disease_control, adjusted) on imputation 9/20 
[2026-06-18 13:35:44] [INFO] 04b_gee - finished adjusted imputation 9/20 in 0.1s 
[2026-06-18 13:35:44] [INFO] 04b_gee - fitting geeglm (disease_control, adjusted) on imputation 10/20 
[2026-06-18 13:35:44] [INFO] 04b_gee - finished adjusted imputation 10/20 in 0.1s 
[2026-06-18 13:35:44] [INFO] 04b_gee - fitting geeglm (disease_control, adjusted) on imputation 11/20 
[2026-06-18 13:35:44] [INFO] 04b_gee - finished adjusted imputation 11/20 in 0.1s 
[2026-06-18 13:35:44] [INFO] 04b_gee - fitting geeglm (disease_control, adjusted) on imputation 12/20 
[2026-06-18 13:35:44] [INFO] 04b_gee - finished adjusted imputation 12/20 in 0.1s 
[2026-06-18 13:35:44] [INFO] 04b_gee - fitting geeglm (disease_control, adjusted) on imputation 13/20 
[2026-06-18 13:35:45] [INFO] 04b_gee - finished adjusted imputation 13/20 in 0.1s 
[2026-06-18 13:35:45] [INFO] 04b_gee - fitting geeglm (disease_control, adjusted) on imputation 14/20 
[2026-06-18 13:35:45] [INFO] 04b_gee - finished adjusted imputation 14/20 in 0.1s 
[2026-06-18 13:35:45] [INFO] 04b_gee - fitting geeglm (disease_control, adjusted) on imputation 15/20 
[2026-06-18 13:35:45] [INFO] 04b_gee - finished adjusted imputation 15/20 in 0.1s 
[2026-06-18 13:35:45] [INFO] 04b_gee - fitting geeglm (disease_control, adjusted) on imputation 16/20 
[2026-06-18 13:35:45] [INFO] 04b_gee - finished adjusted imputation 16/20 in 0.1s 
[2026-06-18 13:35:45] [INFO] 04b_gee - fitting geeglm (disease_control, adjusted) on imputation 17/20 
[2026-06-18 13:35:45] [INFO] 04b_gee - finished adjusted imputation 17/20 in 0.1s 
[2026-06-18 13:35:45] [INFO] 04b_gee - fitting geeglm (disease_control, adjusted) on imputation 18/20 
[2026-06-18 13:35:45] [INFO] 04b_gee - finished adjusted imputation 18/20 in 0.1s 
[2026-06-18 13:35:45] [INFO] 04b_gee - fitting geeglm (disease_control, adjusted) on imputation 19/20 
[2026-06-18 13:35:45] [INFO] 04b_gee - finished adjusted imputation 19/20 in 0.1s 
[2026-06-18 13:35:45] [INFO] 04b_gee - fitting geeglm (disease_control, adjusted) on imputation 20/20 
[2026-06-18 13:35:45] [INFO] 04b_gee - finished adjusted imputation 20/20 in 0.1s 
[2026-06-18 13:35:45] [INFO] 04b_gee - pooling adjusted GEE contrasts across imputations 
[2026-06-18 13:35:45] [INFO] 10_imputation_matrix_sensitivity - testing matrix variant 'sanitized_quickpred' 
[2026-06-18 13:35:53] [INFO] 04b_gee - reconstructing 20 imputed long datasets 
[2026-06-18 13:35:53] [INFO] 04b_gee - building per-imputation long datasets 
[2026-06-18 13:35:54] [INFO] 04b_gee - fitting unadjusted and adjusted GEE models 
[2026-06-18 13:35:54] [INFO] 04b_gee - fitting geeglm (disease_control, unadjusted) on imputation 1/20 
[2026-06-18 13:35:54] [INFO] 04b_gee - finished unadjusted imputation 1/20 in 0.1s 
[2026-06-18 13:35:54] [INFO] 04b_gee - fitting geeglm (disease_control, unadjusted) on imputation 2/20 
[2026-06-18 13:35:54] [INFO] 04b_gee - finished unadjusted imputation 2/20 in 0.1s 
[2026-06-18 13:35:54] [INFO] 04b_gee - fitting geeglm (disease_control, unadjusted) on imputation 3/20 
[2026-06-18 13:35:54] [INFO] 04b_gee - finished unadjusted imputation 3/20 in 0.1s 
[2026-06-18 13:35:54] [INFO] 04b_gee - fitting geeglm (disease_control, unadjusted) on imputation 4/20 
[2026-06-18 13:35:55] [INFO] 04b_gee - finished unadjusted imputation 4/20 in 0.1s 
[2026-06-18 13:35:55] [INFO] 04b_gee - fitting geeglm (disease_control, unadjusted) on imputation 5/20 
[2026-06-18 13:35:55] [INFO] 04b_gee - finished unadjusted imputation 5/20 in 0.1s 
[2026-06-18 13:35:55] [INFO] 04b_gee - fitting geeglm (disease_control, unadjusted) on imputation 6/20 
[2026-06-18 13:35:55] [INFO] 04b_gee - finished unadjusted imputation 6/20 in 0.1s 
[2026-06-18 13:35:55] [INFO] 04b_gee - fitting geeglm (disease_control, unadjusted) on imputation 7/20 
[2026-06-18 13:35:55] [INFO] 04b_gee - finished unadjusted imputation 7/20 in 0.1s 
[2026-06-18 13:35:55] [INFO] 04b_gee - fitting geeglm (disease_control, unadjusted) on imputation 8/20 
[2026-06-18 13:35:55] [INFO] 04b_gee - finished unadjusted imputation 8/20 in 0.1s 
[2026-06-18 13:35:55] [INFO] 04b_gee - fitting geeglm (disease_control, unadjusted) on imputation 9/20 
[2026-06-18 13:35:55] [INFO] 04b_gee - finished unadjusted imputation 9/20 in 0.1s 
[2026-06-18 13:35:55] [INFO] 04b_gee - fitting geeglm (disease_control, unadjusted) on imputation 10/20 
[2026-06-18 13:35:55] [INFO] 04b_gee - finished unadjusted imputation 10/20 in 0.1s 
[2026-06-18 13:35:55] [INFO] 04b_gee - fitting geeglm (disease_control, unadjusted) on imputation 11/20 
[2026-06-18 13:35:55] [INFO] 04b_gee - finished unadjusted imputation 11/20 in 0.1s 
[2026-06-18 13:35:55] [INFO] 04b_gee - fitting geeglm (disease_control, unadjusted) on imputation 12/20 
[2026-06-18 13:35:55] [INFO] 04b_gee - finished unadjusted imputation 12/20 in 0.1s 
[2026-06-18 13:35:55] [INFO] 04b_gee - fitting geeglm (disease_control, unadjusted) on imputation 13/20 
[2026-06-18 13:35:55] [INFO] 04b_gee - finished unadjusted imputation 13/20 in 0.1s 
[2026-06-18 13:35:55] [INFO] 04b_gee - fitting geeglm (disease_control, unadjusted) on imputation 14/20 
[2026-06-18 13:35:55] [INFO] 04b_gee - finished unadjusted imputation 14/20 in 0.1s 
[2026-06-18 13:35:55] [INFO] 04b_gee - fitting geeglm (disease_control, unadjusted) on imputation 15/20 
[2026-06-18 13:35:55] [INFO] 04b_gee - finished unadjusted imputation 15/20 in 0.1s 
[2026-06-18 13:35:55] [INFO] 04b_gee - fitting geeglm (disease_control, unadjusted) on imputation 16/20 
[2026-06-18 13:35:55] [INFO] 04b_gee - finished unadjusted imputation 16/20 in 0.1s 
[2026-06-18 13:35:55] [INFO] 04b_gee - fitting geeglm (disease_control, unadjusted) on imputation 17/20 
[2026-06-18 13:35:56] [INFO] 04b_gee - finished unadjusted imputation 17/20 in 0.1s 
[2026-06-18 13:35:56] [INFO] 04b_gee - fitting geeglm (disease_control, unadjusted) on imputation 18/20 
[2026-06-18 13:35:56] [INFO] 04b_gee - finished unadjusted imputation 18/20 in 0.1s 
[2026-06-18 13:35:56] [INFO] 04b_gee - fitting geeglm (disease_control, unadjusted) on imputation 19/20 
[2026-06-18 13:35:56] [INFO] 04b_gee - finished unadjusted imputation 19/20 in 0.1s 
[2026-06-18 13:35:56] [INFO] 04b_gee - fitting geeglm (disease_control, unadjusted) on imputation 20/20 
[2026-06-18 13:35:56] [INFO] 04b_gee - finished unadjusted imputation 20/20 in 0.1s 
[2026-06-18 13:35:56] [INFO] 04b_gee - pooling unadjusted GEE contrasts across imputations 
[2026-06-18 13:35:56] [INFO] 04b_gee - fitting geeglm (disease_control, adjusted) on imputation 1/20 
[2026-06-18 13:35:56] [INFO] 04b_gee - finished adjusted imputation 1/20 in 0.1s 
[2026-06-18 13:35:56] [INFO] 04b_gee - fitting geeglm (disease_control, adjusted) on imputation 2/20 
[2026-06-18 13:35:56] [INFO] 04b_gee - finished adjusted imputation 2/20 in 0.1s 
[2026-06-18 13:35:56] [INFO] 04b_gee - fitting geeglm (disease_control, adjusted) on imputation 3/20 
[2026-06-18 13:35:56] [INFO] 04b_gee - finished adjusted imputation 3/20 in 0.1s 
[2026-06-18 13:35:56] [INFO] 04b_gee - fitting geeglm (disease_control, adjusted) on imputation 4/20 
[2026-06-18 13:35:56] [INFO] 04b_gee - finished adjusted imputation 4/20 in 0.1s 
[2026-06-18 13:35:56] [INFO] 04b_gee - fitting geeglm (disease_control, adjusted) on imputation 5/20 
[2026-06-18 13:35:56] [INFO] 04b_gee - finished adjusted imputation 5/20 in 0.1s 
[2026-06-18 13:35:56] [INFO] 04b_gee - fitting geeglm (disease_control, adjusted) on imputation 6/20 
[2026-06-18 13:35:56] [INFO] 04b_gee - finished adjusted imputation 6/20 in 0.1s 
[2026-06-18 13:35:56] [INFO] 04b_gee - fitting geeglm (disease_control, adjusted) on imputation 7/20 
[2026-06-18 13:35:56] [INFO] 04b_gee - finished adjusted imputation 7/20 in 0.1s 
[2026-06-18 13:35:56] [INFO] 04b_gee - fitting geeglm (disease_control, adjusted) on imputation 8/20 
[2026-06-18 13:35:57] [INFO] 04b_gee - finished adjusted imputation 8/20 in 0.1s 
[2026-06-18 13:35:57] [INFO] 04b_gee - fitting geeglm (disease_control, adjusted) on imputation 9/20 
[2026-06-18 13:35:57] [INFO] 04b_gee - finished adjusted imputation 9/20 in 0.1s 
[2026-06-18 13:35:57] [INFO] 04b_gee - fitting geeglm (disease_control, adjusted) on imputation 10/20 
[2026-06-18 13:35:57] [INFO] 04b_gee - finished adjusted imputation 10/20 in 0.1s 
[2026-06-18 13:35:57] [INFO] 04b_gee - fitting geeglm (disease_control, adjusted) on imputation 11/20 
[2026-06-18 13:35:57] [INFO] 04b_gee - finished adjusted imputation 11/20 in 0.1s 
[2026-06-18 13:35:57] [INFO] 04b_gee - fitting geeglm (disease_control, adjusted) on imputation 12/20 
[2026-06-18 13:35:57] [INFO] 04b_gee - finished adjusted imputation 12/20 in 0.1s 
[2026-06-18 13:35:57] [INFO] 04b_gee - fitting geeglm (disease_control, adjusted) on imputation 13/20 
[2026-06-18 13:35:57] [INFO] 04b_gee - finished adjusted imputation 13/20 in 0.1s 
[2026-06-18 13:35:57] [INFO] 04b_gee - fitting geeglm (disease_control, adjusted) on imputation 14/20 
[2026-06-18 13:35:57] [INFO] 04b_gee - finished adjusted imputation 14/20 in 0.1s 
[2026-06-18 13:35:57] [INFO] 04b_gee - fitting geeglm (disease_control, adjusted) on imputation 15/20 
[2026-06-18 13:35:57] [INFO] 04b_gee - finished adjusted imputation 15/20 in 0.1s 
[2026-06-18 13:35:57] [INFO] 04b_gee - fitting geeglm (disease_control, adjusted) on imputation 16/20 
[2026-06-18 13:35:57] [INFO] 04b_gee - finished adjusted imputation 16/20 in 0.1s 
[2026-06-18 13:35:57] [INFO] 04b_gee - fitting geeglm (disease_control, adjusted) on imputation 17/20 
[2026-06-18 13:35:57] [INFO] 04b_gee - finished adjusted imputation 17/20 in 0.1s 
[2026-06-18 13:35:57] [INFO] 04b_gee - fitting geeglm (disease_control, adjusted) on imputation 18/20 
[2026-06-18 13:35:58] [INFO] 04b_gee - finished adjusted imputation 18/20 in 0.1s 
[2026-06-18 13:35:58] [INFO] 04b_gee - fitting geeglm (disease_control, adjusted) on imputation 19/20 
[2026-06-18 13:35:58] [INFO] 04b_gee - finished adjusted imputation 19/20 in 0.1s 
[2026-06-18 13:35:58] [INFO] 04b_gee - fitting geeglm (disease_control, adjusted) on imputation 20/20 
[2026-06-18 13:35:58] [INFO] 04b_gee - finished adjusted imputation 20/20 in 0.1s 
[2026-06-18 13:35:58] [INFO] 04b_gee - pooling adjusted GEE contrasts across imputations 
[2026-06-18 13:36:31] [DONE] 10_imputation_matrix_sensitivity - saved matrix-sensitivity GEE comparison (elapsed 92.8s) 
